product_id,product_name,category,sub_category,units,revenue,profit,returns,n_orders,monthly_std,monthly_mean,cv,cum_profit_share,abc_class,xyz_class
TEC-CO-10004722,Canon imageCLASS 2200 Advanced Copier,Technology,Copiers,20,14076.824,25199.928,1,5,0.7071067811865475,4.0,0.17677669529663687,0.14436730000411668,A,X
TEC-CO-10001449,Hewlett Packard LaserJet 3310 Copier,Technology,Copiers,31,13837.732,6407.8932,0,6,1.9235384061671346,6.2,0.31024813002695717,0.1810773350486112,A,X
TEC-MA-10001047,"3D Systems Cube Printer, 2nd Generation, Magenta",Technology,Machines,11,14334.89,3717.9714000000004,0,2,2.1213203435596424,5.5,0.385694607919935,0.20237713767148086,A,X
TEC-MA-10001127,"HP Designjet T520 Inkjet Large Format Printer - 24"" Color",Technology,Machines,5,4749.95,2799.984,0,1,,5.0,9.0,0.2184179029520295,A,Z
OFF-BI-10001359,GBC DocuBind TL300 Electric Binding System,Office Supplies,Binders,21,12890.258,2753.7593,0,6,4.381780460041329,4.2,1.043281061914602,0.23419385258975173,A,Z
TEC-MA-10003979,Ativa V4110MDD Micro-Cut Shredder,Technology,Machines,7,4899.93,2400.9657,0,1,,7.0,9.0,0.2479486909175237,A,Z
OFF-AP-10002945,Honeywell Enviracaire Portable HEPA Air Cleaner for 17' x 22' Room,Office Supplies,Appliances,29,7275.8099999999995,2396.1805,0,5,2.9860788111948193,7.25,0.41187293947514747,0.2616761154207808,A,X
TEC-AC-10003033,Plantronics CS510 - Over-the-Head monaural Wireless Headset System,Technology,Accessories,25,7664.85,2062.1875,0,7,1.7182493859684491,3.5714285714285716,0.4811098280711657,0.27349013494802865,A,X
TEC-CO-10003763,Canon PC1060 Personal Laser Copier,Technology,Copiers,10,5599.92,1889.973,0,2,0.0,5.0,0.0,0.2843175587045838,A,X
TEC-AC-10002049,Logitech G19 Programmable Gaming Keyboard,Technology,Accessories,32,6530.756,1856.6766,0,8,3.4086724129853865,4.571428571428571,0.7456470903405533,0.2949542314650307,A,Y
TEC-AC-10003870,Logitech Z-906 Speaker sys - home theater - 5.1-CH,Technology,Accessories,14,4657.860000000001,1847.944,0,3,0.5773502691896257,4.666666666666667,0.12371791482634836,0.3055408762300002,A,X
TEC-AC-10003832,Logitech P710e Mobile Speakerphone,Technology,Accessories,66,9895.798,1828.0088,0,15,4.242640687119286,6.0,0.7071067811865476,0.31601331467664046,A,Y
OFF-BI-10000545,GBC Ibimaster 500 Manual ProClick Binding System,Office Supplies,Binders,31,6651.5419999999995,1826.352,0,5,4.08656334834051,6.2,0.6591231207000823,0.3264762615190726,A,Y
TEC-CO-10002095,Hewlett Packard 610 Color Digital Copier / Printer,Technology,Copiers,12,3210.898,1799.964,0,4,0.816496580927726,3.0,0.2721655269759087,0.33678803474257585,A,X
OFF-BI-10003925,Fellowes PB300 Plastic Comb Binding Machine,Office Supplies,Binders,16,5154.87,1753.7148,0,4,4.041451884327381,5.333333333333333,0.7577722283113839,0.3468348519657544,A,Y
TEC-CO-10001046,Canon Imageclass D680 Copier / Fax,Technology,Copiers,10,5694.92,1749.975,0,3,2.3094010767585034,3.3333333333333335,0.692820323027551,0.3568602443329352,A,Y
FUR-CH-10000454,"Hon Deluxe Fabric Upholstered Stacking Chairs, Rounded Back",Furniture,Chairs,38,7304.126,1732.258,0,9,3.7815340802378077,7.6,0.49757027371550105,0.3667841381778117,A,X
TEC-PH-10001459,Samsung Galaxy Mega 6.3,Technology,Phones,34,12370.707999999999,1696.7595999999999,1,5,3.415650255319866,8.5,0.40184120650821953,0.37650466603837,A,X
TEC-CO-10003236,Canon Image Class D660 Copier,Technology,Copiers,7,4022.9339999999997,1691.9718,0,2,2.1213203435596424,3.5,0.6060915267313264,0.3861977651793321,A,Y
TEC-MA-10003673,Hewlett-Packard Desktjet 6988DT Refurbished Printer,Technology,Machines,5,3436.5,1668.205,0,1,,5.0,9.0,0.39575470723501444,A,Z
OFF-BI-10003650,GBC DocuBind 300 Electric Binding Machine,Office Supplies,Binders,14,5047.192,1641.0576,1,5,1.9148542155126764,3.5,0.5471012044321932,0.40515612516220995,A,Y
OFF-BI-10004600,Ibico Ibimaster 300 Manual Binding System,Office Supplies,Binders,13,4637.684,1637.5555,0,5,1.3416407864998738,2.6,0.5160156871153361,0.4145374799875845,A,Y
TEC-AC-10001838,Razer Tiamat Over Ear 7.1 Surround Sound PC Gaming Headset,Technology,Accessories,17,2976.83,1461.9269000000002,0,5,2.3021728866442674,3.4,0.6771096725424316,0.4229126800816637,A,Y
TEC-MA-10000010,Hewlett-Packard Deskjet 3050a All-in-One Color Inkjet Printer,Technology,Machines,8,3040.0,1459.2,0,1,,8.0,9.0,0.431272258099744,A,Z
OFF-BI-10003091,GBC DocuBind TL200 Manual Binding Machine,Office Supplies,Binders,19,3728.68,1328.2014,0,4,0.4999999999999999,4.75,0.10526315789473682,0.4388813611884389,A,X
FUR-CH-10004086,Hon 4070 Series Pagoda Armless Upholstered Stacking Chairs,Furniture,Chairs,22,5799.081,1190.2584,1,4,3.872983346207417,5.5,0.7041787902195303,0.4457002057309797,A,Y
TEC-AC-10004666,Maxell iVDR EX 500GB Cartridge,Technology,Accessories,10,2032.3999999999999,1184.8220000000001,0,2,2.8284271247461903,5.0,0.565685424949238,0.4524879058039909,A,Y
OFF-AP-10003057,Honeywell Enviracaire Portable HEPA Air Cleaner for 16' x 20' Room,Office Supplies,Appliances,11,3029.0699999999997,1181.3373,0,2,2.1213203435596424,5.5,0.385694607919935,0.4592556424576493,A,X
OFF-ST-10001526,Iceberg Mobile Mega Data/Printer Cart,Office Supplies,Storage,37,4694.21,1157.5746,0,5,4.669047011971501,7.4,0.6309522989150677,0.4658872455144258,A,Y
OFF-BI-10004390,GBC DocuBind 200 Manual Binding Machine,Office Supplies,Binders,9,3059.0559999999996,1136.646,0,2,3.5355339059327378,4.5,0.7856742013183862,0.47239895118598474,A,Y
TEC-MA-10000488,Bady BDG101FRU Card Printer,Technology,Machines,11,7385.907999999999,1111.9861,1,3,1.1547005383792515,3.6666666666666665,0.3149183286488868,0.47876938331178714,A,X
TEC-CO-10001943,Canon PC-428 Personal Copier,Technology,Copiers,18,3053.85,1091.9454,0,4,4.58257569495584,6.0,0.7637626158259733,0.4850250047226862,A,Y
OFF-BI-10004318,Ibico EB-19 Dual Function Manual Binding System,Office Supplies,Binders,23,3298.913,1086.3772,0,8,3.093772546815388,3.2857142857142856,0.9415829490307703,0.49124872659800395,A,Y
OFF-ST-10001780,Tennsco 16-Compartment Lockers with Coat Rack,Office Supplies,Storage,11,6501.9,1062.5395999999998,0,4,0.9574271077563381,2.75,0.34815531191139565,0.4973358857835165,A,X
OFF-PA-10000994,Xerox 1915,Office Supplies,Paper,22,2473.79,1044.306,0,7,3.847076812334269,4.4,0.8743356391668793,0.5033185869086189,A,Y
TEC-CO-10002313,Canon PC1080F Personal Copier,Technology,Copiers,7,2575.94,1037.9827,0,2,2.1213203435596424,3.5,0.6060915267313264,0.5092650626227552,A,Y
OFF-ST-10000142,Deluxe Rollaway Locking File with Drawer,Office Supplies,Storage,11,2439.152,1031.3824,0,4,1.707825127659933,2.75,0.6210273191490665,0.5151737260268635,A,Y
OFF-ST-10001490,"Hot File 7-Pocket, Floor Stand",Office Supplies,Storage,25,6198.504,1017.279,1,6,4.193248541803041,6.25,0.6709197666884866,0.5210015927803275,A,Y
OFF-ST-10003306,Letter Size Cart,Office Supplies,Storage,24,3828.068,965.7336,0,5,1.8257418583505538,6.0,0.3042903097250923,0.52653416225256,A,X
OFF-AP-10001058,Sanyo 2.5 Cubic Foot Mid-Size Office Refrigerators,Office Supplies,Appliances,17,4134.96,956.9502,1,4,3.2015621187164247,4.25,0.7533087338156293,0.5320164127023391,A,Y
FUR-CH-10003746,Hon 4070 Series Pagoda Round Back Stacking Chairs,Furniture,Chairs,16,4685.21,956.5204,0,5,1.6431676725154982,3.2,0.5134898976610932,0.5374962008805774,A,Y
OFF-ST-10003208,Adjustable Depth Letter/Legal Cart,Office Supplies,Storage,22,3801.368,939.9628,0,7,2.073644135332772,4.4,0.4712827580301754,0.5428811325970613,A,X
OFF-BI-10003656,Fellowes PB200 Plastic Comb Binding Machine,Office Supplies,Binders,16,2423.86,911.1464,0,5,3.0550504633038935,5.333333333333333,0.5728219618694801,0.5481009786885449,A,Y
TEC-PH-10002624,Samsung Galaxy S4 Mini,Technology,Phones,10,4288.91,892.981,0,4,1.2909944487358056,2.5,0.5163977794943222,0.5532167574290626,A,Y
TEC-MA-10002428,Fellowes Powershred HS-440 4-Sheet High Security Shredder,Technology,Machines,14,2126.866,883.443,0,2,5.656854249492381,7.0,0.8081220356417687,0.5582778941361809,A,Y
FUR-BO-10002545,"Atlantic Metals Mobile 3-Shelf Bookcases, Custom Colors",Furniture,Bookcases,13,3411.7400000000002,882.1124,0,3,1.5275252316519465,4.333333333333333,0.3525058226889108,0.5633314079989249,A,X
TEC-MA-10000984,Okidata MB760 Printer,Technology,Machines,7,7834.4,881.37,0,2,0.7071067811865476,3.5,0.20203050891044216,0.5683806687430281,A,X
FUR-FU-10002937,"GE 48"" Fluorescent Tube, Cool White Energy Saver, 34 Watts, 30/Box",Furniture,Furnishings,20,1969.5240000000001,873.224,1,6,2.5495097567963922,4.0,0.6373774391990981,0.5733832620511834,A,Y
TEC-PH-10001494,Polycom CX600 IP Phone VoIP phone,Technology,Phones,15,2818.3099999999995,854.8575000000001,0,3,2.6457513110645907,5.0,0.5291502622129182,0.5782806359311115,A,Y
FUR-CH-10002335,Hon GuestStacker Chair,Furniture,Chairs,22,2441.4,843.2124,0,6,4.509249752822894,5.5,0.8198635914223444,0.5831112964599031,A,Y
OFF-AP-10003849,Hoover Shoulder Vac Commercial Portable Vacuum,Office Supplies,Appliances,10,2540.636,822.9859999999999,0,3,3.2145502536643185,3.3333333333333335,0.9643650760992954,0.5878260824212436,A,Y
OFF-ST-10002615,"Dual Level, Single-Width Filing Carts",Office Supplies,Storage,22,3436.284,793.9072,0,5,2.4083189157584592,4.4,0.5473452081269226,0.5923742795001331,A,Y
TEC-PH-10002834,Google Nexus 5,Technology,Phones,20,2082.806,791.956,0,4,4.041451884327381,6.666666666666667,0.6062177826491071,0.5969112983932848,A,Y
FUR-CH-10000847,Global Executive Mid-Back Manager's Chair,Furniture,Chairs,15,4088.5240000000003,785.646,0,5,1.4142135623730951,3.0,0.47140452079103173,0.6014121680695408,A,X
TEC-CO-10000971,Hewlett Packard 310 Color Digital Copier,Technology,Copiers,14,3847.876,779.9739999999999,0,5,1.7320508075688772,3.5,0.4948716593053935,0.605880543552733,A,X
FUR-CH-10001215,Global Troy Executive Leather Low-Back Tilter,Furniture,Chairs,25,10217.894,776.519,1,7,1.329160135825126,4.166666666666667,0.3189984325980302,0.6103291257642337,A,X
OFF-BI-10004995,GBC DocuBind P400 Electric Binding System,Office Supplies,Binders,16,12577.108,762.1543999999994,0,4,0.0,4.0,0.0,0.6146954149422923,A,X
OFF-PA-10000357,"White Dual Perf Computer Printout Paper, 2700 Sheets, 1 Part, Heavyweight, 20 lbs., 14 7/8 x 11",Office Supplies,Paper,37,1855.8980000000001,754.3015,0,9,2.204792759220492,4.111111111111111,0.5363009414320117,0.6190167158183922,A,Y
FUR-CH-10004287,SAFCO Arco Folding Chair,Furniture,Chairs,20,4748.780000000001,745.74,0,6,2.9154759474226504,4.0,0.7288689868556626,0.6232889689099516,A,Y
OFF-PA-10001970,Xerox 1881,Office Supplies,Paper,39,2286.1679999999997,719.2226,1,12,2.3817487845545915,3.5454545454545454,0.6717752982077053,0.627409307065836,A,Y
TEC-AC-10000990,Imation Bio 2GB USB Flash Drive Imation Corp,Technology,Accessories,13,1766.3400000000001,716.2428,1,2,2.1213203435596424,6.5,0.32635697593225266,0.631512574312607,A,X
FUR-CH-10004675,"Lifetime Advantage Folding Chairs, 4/Carton",Furniture,Chairs,16,3297.5840000000003,715.3024,0,4,1.5275252316519465,5.333333333333333,0.28641098093474,0.6356104541229963,A,X
OFF-ST-10001496,Standard Rollaway File with Lock,Office Supplies,Storage,28,4507.674,699.1372000000001,1,7,2.449489742783178,4.0,0.6123724356957945,0.6396157254831542,A,Y
OFF-LA-10003930,"Dot Matrix Printer Tape Reel Labels, White, 5000/Box",Office Supplies,Labels,19,1674.608,698.9841,0,3,2.8867513459481287,6.333333333333333,0.45580284409707295,0.6436201197521698,A,X
FUR-BO-10004695,O'Sullivan 2-Door Barrister Bookcase in Odessa Pine,Furniture,Bookcases,22,3788.384,698.5827999999999,0,4,3.1091263510296048,5.5,0.5652957001872009,0.6476222150226529,A,Y
FUR-CH-10004495,"Global Leather and Oak Executive Chair, Black",Furniture,Chairs,18,4652.798,698.2736,1,4,2.6457513110645907,4.5,0.5879447357921312,0.6516225389242194,A,Y
TEC-PH-10004977,GE 30524EE4,Technology,Phones,24,2465.394,697.7244,1,6,2.5884358211089573,4.8,0.5392574627310328,0.6556197165262743,A,Y
OFF-PA-10000418,Xerox 189,Office Supplies,Paper,18,1751.6,696.204,0,5,1.6733200530681511,3.6,0.4648111258522642,0.6596081839430091,A,X
OFF-AP-10000891,Kensington 7 Outlet MasterPiece HOMEOFFICE Power Control Center,Office Supplies,Appliances,19,2895.832,694.9359999999999,0,4,5.5,4.75,1.1578947368421053,0.6635893871431001,A,Z
TEC-AC-10004145,Logitech diNovo Edge Keyboard,Technology,Accessories,18,4195.834,684.9725999999999,0,3,3.605551275463989,6.0,0.6009252125773316,0.6675135112453118,A,Y
TEC-PH-10001795,ClearOne CHATAttach 160 - speaker phone,Technology,Phones,6,1265.948,619.99,0,2,1.4142135623730951,3.0,0.47140452079103173,0.6710653579938244,A,X
TEC-CO-10004115,Sharp AL-1530CS Digital Copier,Technology,Copiers,7,1918.9520000000002,614.9877,0,2,0.7071067811865476,3.5,0.20203050891044216,0.6745885471785213,A,X
FUR-TA-10000617,"Hon Practical Foundations 30 x 60 Training Table, Light Gray/Charcoal",Furniture,Tables,14,3165.68,609.8340000000001,0,3,2.5166114784235836,4.666666666666667,0.539273888233625,0.6780822114473523,A,Y
FUR-CH-10002331,Hon 4700 Series Mobuis Mid-Back Task Chairs with Adjustable Arms,Furniture,Chairs,21,5575.434,608.7258,1,5,2.629955639676583,5.25,0.5009439313669682,0.6815695269741603,A,Y
TEC-PH-10002114,Xiaomi Mi3,Technology,Phones,4,2279.96,592.7896,0,1,,4.0,9.0,0.6849655459636796,A,Z
FUR-CH-10003379,Global Commerce Series High-Back Swivel/Tilt Chairs,Furniture,Chairs,15,3874.2340000000004,584.2090000000001,0,4,1.4999999999999998,3.75,0.39999999999999997,0.6883124077470985,A,X
FUR-TA-10001307,"SAFCO PlanMaster Heigh-Adjustable Drafting Table Base, 43w x 30d x 30-37h, Black",Furniture,Tables,11,3080.215,580.087,0,3,2.3094010767585034,3.6666666666666665,0.6298366572977737,0.6916356550975468,A,Y
OFF-PA-10000100,Xerox 1945,Office Supplies,Paper,31,1273.304,565.2520999999999,0,6,3.63318042491699,6.2,0.5859968427285467,0.6948739151234745,A,Y
OFF-AP-10000828,Avanti 4.4 Cu. Ft. Refrigerator,Office Supplies,Appliances,11,2051.78,557.4184,0,3,1.1547005383792517,3.6666666666666665,0.31491832864888686,0.6980672968418911,A,X
OFF-BI-10004519,GBC DocuBind P100 Manual Binding Machine,Office Supplies,Binders,11,1607.212,556.033,0,3,1.1547005383792515,3.6666666666666665,0.3149183286488868,0.7012527417734475,A,X
TEC-PH-10002885,Apple iPhone 5,Technology,Phones,15,7734.994000000001,552.3555000000001,1,4,3.0,5.0,0.6,0.7044171187580732,A,Y
OFF-ST-10003716,Tennsco Double-Tier Lockers,Office Supplies,Storage,34,7287.64,544.5484,0,8,1.7511900715418263,5.666666666666667,0.30903354203679284,0.7075367698233288,A,X
TEC-AC-10004975,Plantronics Audio 995 Wireless Stereo Headset,Technology,Accessories,15,1707.25,544.2524999999999,0,3,4.58257569495584,5.0,0.916515138991168,0.7106547257137381,A,Y
FUR-FU-10003664,"Electrix Architect's Clamp-On Swing Arm Lamp, Black",Furniture,Furnishings,30,2621.42,544.1220000000001,0,4,4.58257569495584,10.0,0.458257569495584,0.7137719339856363,A,X
FUR-CH-10000015,Hon Multipurpose Stacking Arm Chairs,Furniture,Chairs,15,3022.76,541.5,0,3,1.7320508075688772,5.0,0.34641016151377546,0.7168741211407833,A,X
OFF-AP-10002684,"Acco 7-Outlet Masterpiece Power Center, Wihtout Fax/Phone Line Protection",Office Supplies,Appliances,29,3079.868,522.794,1,6,4.5789372857319925,4.833333333333333,0.947366334979033,0.7198691439137989,A,Y
TEC-PH-10000984,Panasonic KX-TG9471B,Technology,Phones,15,2708.266,509.574,0,4,1.4999999999999998,3.75,0.39999999999999997,0.7227884309265354,A,X
OFF-ST-10003805,"24 Capacity Maxi Data Binder Racks, Pearl",Office Supplies,Storage,16,3114.92,505.32,0,3,3.055050463303893,5.333333333333333,0.57282196186948,0.7256833472944743,A,Y
TEC-AC-10002001,Logitech Wireless Gaming Headset G930,Technology,Accessories,15,2088.874,503.9685,0,4,2.0,5.0,0.4,0.7285705210844996,A,X
TEC-PH-10002584,Samsung Galaxy S4,Technology,Phones,8,4050.336,500.792,0,3,1.1547005383792515,2.6666666666666665,0.4330127018922193,0.7314394970952113,A,X
OFF-AP-10002118,"1.7 Cubic Foot Compact ""Cube"" Office Refrigerators",Office Supplies,Appliances,11,2216.864,493.3392,0,4,1.707825127659933,2.75,0.6210273191490665,0.7342657769278438,A,Y
FUR-CH-10000785,Global Ergonomic Managers Chair,Furniture,Chairs,32,4933.872,492.2656,0,8,2.5071326821120348,4.571428571428571,0.5484352742120077,0.7370859062376143,A,Y
FUR-CH-10001394,Global Leather Executive Chair,Furniture,Chairs,12,3439.702,491.38599999999997,0,4,2.160246899469287,3.0,0.7200822998230957,0.7399009964267539,A,Y
FUR-CH-10001854,Office Star - Professional Matrix Back Chair with 2-to-1 Synchro Tilt and Mesh Fabric Seat,Furniture,Chairs,10,3193.82,491.37200000000007,0,4,1.7320508075688772,2.5,0.6928203230275509,0.7427160064116087,A,Y
FUR-FU-10004864,"Howard Miller 14-1/2"" Diameter Chrome Round Wall Clock",Furniture,Furnishings,43,2117.084,490.1475,1,12,5.3967582862307255,5.375,1.004048053252228,0.74552400138599,A,Z
TEC-AC-10001908,Logitech Wireless Headset h800,Technology,Accessories,22,1966.808,489.951,0,4,5.916079783099617,5.5,1.0756508696544758,0.7483308706359464,A,Z
TEC-PH-10001760,Bose SoundLink Bluetooth Speaker,Technology,Phones,9,1442.8,483.57,0,3,0.0,3.0,0.0,0.7511011839187062,A,X
OFF-AP-10000938,Avanti 1.7 Cu. Ft. Refrigerator,Office Supplies,Appliances,24,2290.56,476.6256,0,4,2.70801280154532,6.0,0.45133546692422,0.7538317135846974,A,X
TEC-PH-10002447,AT&T CL83451 4-Handset Telephone,Technology,Phones,10,1978.306,473.777,0,4,1.7320508075688772,2.5,0.6928203230275509,0.7565459239703004,A,Y
TEC-PH-10000895,Polycom VVX 310 VoIP phone,Technology,Phones,16,2612.856,460.7744,0,3,2.5166114784235836,5.333333333333333,0.4718646522044219,0.7591856440535887,A,X
OFF-AP-10000275,"Sanyo Counter Height Refrigerator with Crisper, 3.6 Cubic Foot, Stainless Steel/Black",Office Supplies,Appliances,5,1666.7,459.396,0,1,,5.0,9.0,0.7618174674521592,A,Z
TEC-PH-10003645,Aastra 57i VoIP phone,Technology,Phones,17,2551.794,455.74019999999996,1,4,3.2015621187164247,4.25,0.7533087338156293,0.7644283472204401,A,Y
OFF-ST-10004340,"Fellowes Mobile File Cart, Black",Office Supplies,Storage,38,2507.3,451.4268,0,8,3.101458950082625,5.428571428571429,0.5713213855415362,0.7670145160486008,A,Y
OFF-PA-10004359,Multicolor Computer Printout Paper,Office Supplies,Paper,11,1140.5,448.75800000000004,0,3,1.1547005383792517,3.6666666666666665,0.31491832864888686,0.7695853956485444,A,X
OFF-PA-10001033,Xerox 1893,Office Supplies,Paper,26,1440.958,448.43059999999997,0,8,2.3754698783308417,3.25,0.730913808717182,0.7721543996140012,A,Y
FUR-TA-10004619,Hon Non-Folding Utility Tables,Furniture,Tables,19,2564.891,446.068,0,3,1.1547005383792517,6.333333333333333,0.18232113763882923,0.774709868533525,A,X
TEC-PH-10003601,"Ativa D5772 2-Line 5.8GHz Digital Expandable Corded/Cordless Phone System with Answering & Caller ID/Call Waiting, Black/Silver",Technology,Phones,9,1726.91,445.47300000000007,0,3,2.0,3.0,0.6666666666666666,0.7772619287709485,A,Y
TEC-PH-10003072,Panasonic KX-TG9541B DECT 6.0 Digital 2-Line Expandable Cordless Phone With Digital Answering System,Technology,Phones,13,1057.904,445.4703,0,3,2.3094010767585034,4.333333333333333,0.5329387100211931,0.7798139735404026,A,Y
TEC-AC-10004469,Microsoft Sculpt Comfort Mouse,Technology,Accessories,31,1609.58,441.048,1,7,1.9023794624226837,4.428571428571429,0.42956955603092856,0.7823406834949793,A,X
FUR-CH-10000665,"Global Airflow Leather Mesh Back Chair, Black",Furniture,Chairs,25,3243.9919999999997,437.842,0,7,1.2724180205607036,3.5714285714285716,0.356277045756997,0.7848490266683568,A,X
OFF-BI-10001718,GBC DocuBind P50 Personal Binding Machine,Office Supplies,Binders,32,1904.326,431.2252,0,6,4.219004621945797,6.4,0.6592194721790308,0.7873194630052278,A,Y
TEC-AC-10000420,Logitech G500s Laser Gaming Mouse with Adjustable Weight Tuning,Technology,Accessories,21,1399.8,429.7386,0,4,2.0615528128088303,5.25,0.392676726249301,0.7897813827928379,A,X
TEC-AC-10003610,Logitech Illuminated - Keyboard,Technology,Accessories,17,1323.84,429.52840000000003,1,5,1.1401754250991378,3.4,0.33534571326445234,0.7922420983704018,A,X
OFF-AP-10002518,Kensington 7 Outlet MasterPiece Power Center,Office Supplies,Appliances,11,1829.3959999999997,425.3722,0,2,2.1213203435596424,5.5,0.385694607919935,0.7946790035873855,A,X
OFF-PA-10000675,Xerox 1919,Office Supplies,Paper,24,1020.374,424.6564,1,5,1.4832396974191326,4.8,0.30900827029565264,0.7971118080738694,A,X
TEC-PH-10002310,Panasonic KX T7731-B Digital phone,Technology,Phones,10,1825.7060000000001,424.05899999999997,0,4,1.9148542155126762,2.5,0.7659416862050705,0.799541190128947,A,Y
TEC-PH-10003012,Nortel Meridian M3904 Professional Digital phone,Technology,Phones,19,2580.638,417.3129,0,5,1.9235384061671346,3.8,0.5061943174124038,0.80193192460366,B,Y
TEC-PH-10004094,Motorola L703CM,Technology,Phones,25,2911.186,413.37350000000004,0,4,2.217355782608345,6.25,0.3547769252173352,0.8043000907384303,B,X
TEC-AC-10001432,Enermax Aurora Lite Keyboard,Technology,Accessories,12,974.8,412.632,0,3,2.6457513110645907,4.0,0.6614378277661477,0.8066640089105497,B,Y
TEC-PH-10001944,Wi-Ex zBoost YX540 Cellular Phone Signal Booster,Technology,Phones,10,1467.31,408.65999999999997,0,4,2.516611478423583,3.3333333333333335,0.7549834435270749,0.8090051719813205,B,Y
OFF-ST-10000078,Tennsco 6- and 18-Compartment Lockers,Office Supplies,Storage,13,3280.074,408.3618,0,4,2.217355782608345,3.25,0.6822633177256446,0.811344626700827,B,Y
TEC-AC-10002842,WD My Passport Ultra 2TB Portable External Hard Drive,Technology,Accessories,30,3548.4,404.6,0,6,3.3166247903554,6.0,0.5527707983925666,0.813662530529031,B,Y
TEC-AC-10003095,Logitech G35 7.1-Channel Surround Sound Headset,Technology,Accessories,9,1180.91,397.7694,0,3,0.0,3.0,0.0,0.8159413026867235,B,X
OFF-AP-10003590,Hoover WindTunnel Plus Canister Vacuum,Office Supplies,Appliances,6,1996.55,392.31,0,2,0.0,3.0,0.0,0.8181887986107045,B,X
TEC-AC-10002926,Logitech Wireless Marathon Mouse M705,Technology,Accessories,22,1137.798,382.9234,1,6,2.886751345948129,5.5,0.524863881081478,0.8203825198533364,B,Y
OFF-AP-10002651,Hoover Upright Vacuum With Dirt Cup,Office Supplies,Appliances,8,2065.71,382.1796,0,2,1.4142135623730951,4.0,0.3535533905932738,0.8225719799568992,B,X
TEC-AC-10003911,NETGEAR AC1750 Dual Band Gigabit Smart WiFi Router,Technology,Accessories,7,1144.93,380.77619999999996,0,3,1.1547005383792517,2.3333333333333335,0.49487165930539356,0.8247534001538072,B,X
OFF-PA-10001497,Xerox 1914,Office Supplies,Paper,16,863.4000000000001,375.92639999999994,0,4,1.4142135623730951,4.0,0.3535533905932738,0.8269070364407152,B,X
OFF-PA-10001289,White Computer Printout Paper by Universal,Office Supplies,Paper,25,901.2239999999999,374.034,1,4,2.5,6.25,0.4,0.829049831399881,B,X
TEC-PH-10003691,BlackBerry Q10,Technology,Phones,15,1807.058,371.6705,0,3,1.7320508075688772,5.0,0.34641016151377546,0.831179086157124,B,X
TEC-PH-10001557,Pyle PMP37LED,Technology,Phones,21,1996.008,371.48130000000003,0,6,2.073644135332772,3.5,0.5924697529522206,0.8333072570107478,B,Y
FUR-CH-10002602,DMI Arturo Collection Mission-style Design Wood Chair,Furniture,Chairs,21,2405.64,371.4108,0,6,5.188127472091128,5.25,0.9882147565887862,0.8354350239785094,B,Y
OFF-PA-10001878,Xerox 1891,Office Supplies,Paper,19,949.816,368.2923,0,4,2.0615528128088303,4.75,0.43401111848606955,0.8375449254418512,B,X
TEC-AC-10003174,Plantronics S12 Corded Telephone Headset System,Technology,Accessories,14,1353.922,366.48600000000005,1,4,1.0,3.5,0.2857142857142857,0.8396444788338018,B,X
OFF-BI-10000632,Satellite Sectional Post Binders,Office Supplies,Binders,32,1689.6370000000002,365.5122,1,8,3.8234863173611098,4.571428571428571,0.8363876319227428,0.8417384534448628,B,Y
TEC-PH-10002660,Nortel Networks T7316 E Nt8 B27,Technology,Phones,27,1894.5439999999999,363.74649999999997,0,5,4.272001872658765,6.75,0.6328891663198171,0.8438223125769582,B,Y
TEC-PH-10004586,Wilson SignalBoost 841262 DB PRO Amplifier Kit,Technology,Phones,8,2458.67,359.95,0,3,0.5773502691896258,2.6666666666666665,0.2165063509461097,0.8458844220257028,B,X
FUR-FU-10004665,"3M Polarizing Task Lamp with Clamp Arm, Light Gray",Furniture,Furnishings,10,1445.8,356.148,0,3,2.3094010767585034,3.3333333333333335,0.692820323027551,0.8479247502822702,B,Y
OFF-EN-10003001,Ames Color-File Green Diamond Border X-ray Mailers,Office Supplies,Envelopes,9,782.82,355.23539999999997,0,3,1.7320508075688772,3.0,0.5773502691896257,0.8499598503652499,B,Y
OFF-PA-10004071,"Eaton Premium Continuous-Feed Paper, 25% Cotton, Letter Size, White, 1000 Shts/Box",Office Supplies,Paper,15,903.816,355.072,0,6,1.5811388300841898,3.0,0.5270462766947299,0.8519940143496494,B,Y
FUR-CH-10002073,Hon Olson Stacker Chairs,Furniture,Chairs,6,1519.768,354.80519999999996,0,2,1.4142135623730951,3.0,0.47140452079103173,0.8540266498695375,B,X
FUR-TA-10003392,Global Adaptabilities Conference Tables,Furniture,Tables,14,3540.348,354.0348,0,4,2.309401076758503,4.666666666666667,0.49487165930539345,0.8560548718622152,B,X
OFF-ST-10003816,Fellowes High-Stak Drawer Files,Office Supplies,Storage,13,2159.2799999999997,350.61809999999997,0,4,1.5,3.25,0.46153846153846156,0.8580635199992088,B,X
OFF-ST-10001932,Fellowes Staxonsteel Drawer Files,Office Supplies,Storage,20,3734.23,347.70599999999996,0,5,1.0,4.0,0.25,0.8600554850720944,B,X
TEC-AC-10004571,Logitech G700s Rechargeable Gaming Mouse,Technology,Accessories,12,1198.8960000000002,343.9656,0,6,1.6733200530681511,2.4,0.6972166887783964,0.8620260218516557,B,Y
OFF-BI-10002026,Avery Arch Ring Binders,Office Supplies,Binders,43,1600.946,343.4466,0,9,5.419102016632153,7.166666666666667,0.7561537697626259,0.863993585343805,B,Y
OFF-AP-10000576,Belkin 7 Outlet SurgeMaster II,Office Supplies,Appliances,24,1651.2359999999999,341.237,0,5,2.7748873851023212,4.8,0.5781015385629836,0.8659484903082757,B,Y
OFF-ST-10000036,"Recycled Data-Pak for Archival Bound Computer Printouts, 12-1/2 x 12-1/2 x 16",Office Supplies,Storage,15,1466.576,340.82550000000003,0,4,1.5,3.75,0.4,0.8679010378396637,B,X
TEC-CO-10001571,Sharp 1540cs Digital Laser Copier,Technology,Copiers,2,889.984,329.994,1,1,,2.0,9.0,0.8697915330346324,B,Z
FUR-CH-10004218,"Global Fabric Manager's Chair, Dark Gray",Furniture,Chairs,21,1998.6200000000001,328.185,0,5,2.8722813232690143,5.25,0.5471012044321932,0.8716716646902408,B,Y
TEC-PH-10004536,Avaya 5420 Digital phone,Technology,Phones,12,1610.886,323.976,1,3,2.6457513110645907,4.0,0.6614378277661477,0.8735276835005379,B,Y
FUR-CH-10000155,Global Comet Stacking Armless Chair,Furniture,Chairs,6,1712.87,322.974,0,3,1.0,2.0,0.5,0.8753779619756005,B,X
OFF-PA-10001815,Xerox 1885,Office Supplies,Paper,14,735.56,322.8288,0,3,1.1547005383792517,4.666666666666667,0.24743582965269678,0.8772274086176531,B,X
OFF-PA-10003228,Xerox 1917,Office Supplies,Paper,14,745.74,321.8278,0,2,2.8284271247461903,7.0,0.4040610178208843,0.8790711206533488,B,X
OFF-PA-10003302,Xerox 1906,Office Supplies,Paper,20,797.536,311.872,0,4,2.8284271247461903,5.0,0.565685424949238,0.8808577971306342,B,Y
FUR-TA-10001771,"Bush Cubix Conference Tables, Fully Assembled",Furniture,Tables,19,3678.288,311.823,0,4,4.725815626252609,6.333333333333333,0.7461814146714646,0.882644192892923,B,Y
FUR-CH-10002084,Hon Mobius Operator's Chair,Furniture,Chairs,16,1879.85,309.9348,0,4,1.4142135623730951,4.0,0.3535533905932738,0.8844197713887549,B,X
TEC-AC-10000892,NETGEAR N750 Dual Band Wi-Fi Gigabit Router,Technology,Accessories,10,926.0,306.0,0,3,2.0816659994661326,3.3333333333333335,0.6244997998398397,0.8861728078974807,B,Y
OFF-AP-10001005,Honeywell Quietcare HEPA Air Cleaner,Office Supplies,Appliances,13,1017.99,305.9485,0,3,0.5773502691896257,4.333333333333333,0.13323467750529824,0.8879255493690162,B,X
TEC-AC-10000474,Kensington Expert Mouse Optical USB Trackball for PC or Mac,Technology,Accessories,16,1155.856,303.968,0,4,2.5166114784235836,5.333333333333333,0.4718646522044219,0.8896669447987036,B,X
TEC-PH-10001835,Jawbone JAMBOX Wireless Bluetooth Speaker,Technology,Phones,4,631.96,303.3408,0,1,,4.0,9.0,0.8914047470764359,B,Z
OFF-PA-10000482,"Snap-A-Way Black Print Carbonless Ruled Speed Letter, Triplicate",Office Supplies,Paper,17,644.98,303.1406,0,3,4.041451884327381,5.666666666666667,0.7131973913518906,0.8931414024328967,B,Y
TEC-AC-10001465,SanDisk Cruzer 64 GB USB Flash Drive,Technology,Accessories,29,1213.752,301.456,1,7,4.535048695071164,4.833333333333333,0.9382859369112754,0.8948684069223557,B,Y
OFF-PA-10000062,Green Bar Computer Printout Paper,Office Supplies,Paper,14,756.496,300.0816,0,4,3.214550253664318,4.666666666666667,0.6888321972137824,0.8965875376426068,B,Y
OFF-BI-10002867,GBC Recycled Regency Composition Covers,Office Supplies,Binders,13,752.36,297.70439999999996,0,2,2.1213203435596424,6.5,0.32635697593225266,0.8982930496753135,B,X
FUR-BO-10002613,"Atlantic Metals Mobile 4-Shelf Bookcases, Custom Colors",Furniture,Bookcases,7,1699.831,295.029,1,2,2.1213203435596424,3.5,0.6060915267313264,0.8999832346692118,B,Y
OFF-AP-10001394,Harmony Air Purifier,Office Supplies,Appliances,6,1051.6,294.84000000000003,0,3,1.0,2.0,0.5,0.9016723369052664,B,X
TEC-PH-10002103,Jabra SPEAK 410,Technology,Phones,14,1409.6680000000001,293.2488,0,3,5.656854249492381,7.0,0.8081220356417687,0.9033523233514755,B,Y
TEC-PH-10002555,Nortel Meridian M5316 Digital phone,Technology,Phones,12,2612.5,290.024,0,3,1.4142135623730951,6.0,0.23570226039551587,0.9050138353135889,B,X
TEC-AC-10001539,Logitech G430 Surround Sound Gaming Headset with Dolby 7.1 Technology,Technology,Accessories,10,916.9,287.964,0,3,2.0816659994661326,3.3333333333333335,0.6244997998398397,0.9066635457880945,B,Y
TEC-PH-10004389,Nokia Lumia 925,Technology,Phones,11,1422.296,284.7374,0,3,0.7071067811865476,5.5,0.128564869306645,0.9082947714665247,B,X
FUR-TA-10002645,Hon Rectangular Conference Tables,Furniture,Tables,12,2866.56,282.162,0,2,5.656854249492381,6.0,0.9428090415820635,0.9099112429938943,B,Y
OFF-PA-10004327,Xerox 1911,Office Supplies,Paper,13,646.54,279.736,0,5,2.0615528128088303,3.25,0.6343239424027171,0.9115138162644986,B,Y
OFF-BI-10002082,GBC Twin Loop Wire Binding Elements,Office Supplies,Binders,39,1017.512,279.552,1,8,4.505552130427524,6.5,0.6931618662196191,0.9131153354216466,B,Y
OFF-EN-10001453,"Tyvek Interoffice Envelopes, 9 1/2"" x 12 1/2"", 100/Box",Office Supplies,Envelopes,11,1004.192,278.6786,0,3,1.1547005383792515,3.6666666666666665,0.3149183286488868,0.9147118509772041,B,X
FUR-FU-10000965,"Howard Miller 11-1/2"" Diameter Ridgewood Wall Clock",Furniture,Furnishings,13,675.22,276.8402,0,2,,13.0,9.0,0.9162978345644033,B,Z
OFF-PA-10003129,Tops White Computer Printout Paper,Office Supplies,Paper,12,629.92,275.8524,0,3,1.0,4.0,0.25,0.9178781591664281,B,X
TEC-AC-10002800,Plantronics Audio 478 Stereo USB Headset,Technology,Accessories,18,880.828,274.94500000000005,0,4,3.415650255319866,4.5,0.7590333900710813,0.9194532853850281,B,Y
TEC-AC-10000844,Logitech Gaming G510s - Keyboard,Technology,Accessories,11,1271.8980000000001,268.5684,0,4,1.2583057392117916,2.75,0.4575657233497424,0.9209918808434924,B,X
FUR-CH-10004626,Office Star Flex Back Scooter Chair with Aluminum Finish Frame,Furniture,Chairs,14,1411.837,268.3674,0,5,1.0954451150103321,2.8,0.3912303982179758,0.9225293247975831,B,X
OFF-BI-10001071,GBC ProClick Punch Binding System,Office Supplies,Binders,15,828.964,265.517,0,4,2.362907813126304,3.75,0.6301087501670144,0.9240504391593064,B,Y
FUR-FU-10000576,Luxo Professional Fluorescent Magnifier Lamp with Clamp-Mount Base,Furniture,Furnishings,21,2672.312,264.3983999999999,0,4,3.4641016151377544,7.0,0.4948716593053935,0.9255651451986812,B,X
FUR-CH-10000595,Safco Contoured Stacking Chairs,Furniture,Chairs,6,1400.04,262.24,0,2,1.4142135623730951,3.0,0.47140452079103173,0.9270674860289041,B,X
TEC-PH-10000441,VTech DS6151,Technology,Phones,11,1284.9,262.0592,0,3,2.3094010767585034,3.6666666666666665,0.6298366572977737,0.9285687910780787,B,Y
OFF-PA-10003641,Xerox 1909,Office Supplies,Paper,25,760.292,261.16200000000003,1,5,2.121320343559643,5.0,0.42426406871192857,0.9300649561783788,B,X
TEC-PH-10000673,Plantronics Voyager Pro HD - Bluetooth Headset,Technology,Phones,20,967.8560000000001,259.96,0,3,6.429100507328637,6.666666666666667,0.9643650760992954,0.9315542351679486,B,Y
OFF-PA-10003892,Xerox 1943,Office Supplies,Paper,13,608.702,259.7121,0,3,2.516611478423583,4.333333333333333,0.5807564950208269,0.9330420939687911,B,Y
FUR-CH-10002320,Hon Pagoda Stacking Chairs,Furniture,Chairs,8,2101.272,256.784,0,1,,8.0,9.0,0.9345131780434861,B,Z
FUR-FU-10001290,Executive Impressions Supervisor Wall Clock,Furniture,Furnishings,19,898.8999999999999,255.968,0,3,5.773502691896257,6.333333333333333,0.9116056881941459,0.9359795873541576,B,Y
TEC-AC-10004659,Imation Secure+ Hardware Encrypted USB 2.0 Flash Drive; 16GB,Technology,Accessories,18,1180.448,255.465,0,3,1.7320508075688772,6.0,0.28867513459481287,0.937443115039457,B,X
OFF-EN-10002230,Airmail Envelopes,Office Supplies,Envelopes,9,685.654,254.30790000000002,0,3,1.0,3.0,0.3333333333333333,0.938900013840625,B,X
OFF-BI-10001989,Premium Transparent Presentation Covers by GBC,Office Supplies,Binders,40,793.242,253.858,0,9,2.2886885410853175,5.714285714285714,0.40052049468993056,0.9403543352198149,B,X
FUR-FU-10001215,"Howard Miller 11-1/2"" Diameter Brentwood Wall Clock",Furniture,Furnishings,14,659.8199999999999,253.6044,0,2,5.656854249492381,7.0,0.8081220356417687,0.9418072037556761,B,Y
OFF-LA-10003510,"Avery 4027 File Folder Labels for Dot Matrix Printers, 5000 Labels per Box, White",Office Supplies,Labels,21,793.388,252.1778,0,6,1.378404875209022,3.5,0.3938299643454349,0.9432518994749248,B,X
OFF-BI-10002735,GBC Prestige Therm-A-Bind Covers,Office Supplies,Binders,19,807.994,251.4923,0,5,1.2583057392117918,4.75,0.26490647141300877,0.9446926680486615,B,X
OFF-ST-10002974,"Trav-L-File Heavy-Duty Shuttle II, Black",Office Supplies,Storage,25,1198.824,248.349,1,5,2.5495097567963922,5.0,0.5099019513592784,0.9461154290418168,B,Y
OFF-AP-10004540,"Eureka The Boss Lite 10-Amp Upright Vacuum, Blue",Office Supplies,Appliances,11,927.76,246.89280000000002,0,3,1.5275252316519468,3.6666666666666665,0.41659779045053097,0.9475298476435865,B,X
FUR-FU-10004306,Electrix Halogen Magnifier Lamp,Furniture,Furnishings,11,2422.42,244.81799999999998,0,4,1.1547005383792515,3.6666666666666665,0.3149183286488868,0.9489323799703616,B,X
OFF-EN-10003296,Tyvek Side-Opening Peel & Seel Expanding Envelopes,Office Supplies,Envelopes,6,580.88,244.296,0,2,1.4142135623730951,3.0,0.47140452079103173,0.9503319218230926,C,X
OFF-BI-10001543,GBC VeloBinder Manual Binding System,Office Supplies,Binders,22,946.018,243.29240000000001,1,6,3.0495901363953806,4.4,0.6930886673625865,0.9517257141743851,C,Y
OFF-EN-10002831,"Tyvek  Top-Opening Peel & Seel  Envelopes, Gray",Office Supplies,Envelopes,15,569.0999999999999,242.59499999999997,0,2,0.7071067811865476,7.5,0.09428090415820635,0.9531155112065234,C,X
FUR-FU-10004188,Luxo Professional Combination Clamp-On Lamps,Furniture,Furnishings,9,1053.7,239.382,1,3,2.0,3.0,0.6666666666666666,0.9544869013553201,C,Y
FUR-BO-10002598,"Hon Metal Bookcases, Putty",Furniture,Bookcases,13,940.3480000000001,239.2026,0,3,4.041451884327381,4.333333333333333,0.9326427425370879,0.955857263743497,C,Y
OFF-BI-10000977,Ibico Plastic Spiral Binding Combs,Office Supplies,Binders,26,885.76,238.944,1,8,1.2535663410560174,3.7142857142857144,0.3374986302843124,0.9572261446439575,C,X
TEC-AC-10001772,Memorex Mini Travel Drive 16 GB USB 2.0 Flash Drive,Technology,Accessories,38,718.86,236.6754,1,5,15.011106998930272,12.666666666666666,1.1850873946523899,0.9585820290129683,C,Z
OFF-ST-10000689,"Fellowes Strictly Business Drawer File, Letter/Legal Size",Office Supplies,Storage,24,3211.38,236.628,0,5,2.160246899469287,6.0,0.36004114991154784,0.9599376418331864,C,X
TEC-AC-10001109,Logitech Trackman Marble Mouse,Technology,Accessories,23,704.788,235.7214,0,7,3.4351128074635335,4.6,0.7467636537964204,0.9612880608530816,C,Y
OFF-PA-10000157,Xerox 191,Office Supplies,Paper,26,836.492,232.1676,0,7,4.509249752822895,6.5,0.6937307312035224,0.9626181205881902,C,Y
TEC-PH-10004042,ClearOne Communications CHAT 70 OC Speaker Phone,Technology,Phones,11,1572.304,232.1254,0,3,0.5773502691896258,3.6666666666666665,0.15745916432444343,0.9639479385646691,C,X
TEC-AC-10002402,Razer Kraken PRO Over Ear PC and Music Headset,Technology,Accessories,13,3065.8799999999997,231.971,0,5,0.5477225575051661,2.6,0.21066252211737155,0.9652768720024651,C,X
OFF-PA-10001954,Xerox 1964,Office Supplies,Paper,22,502.48,231.14079999999998,0,2,4.242640687119285,11.0,0.385694607919935,0.9666010493261777,C,X
OFF-PA-10004475,Xerox 1940,Office Supplies,Paper,10,844.632,225.33599999999998,0,3,1.4142135623730951,5.0,0.282842712474619,0.9678919716618976,C,X
OFF-PA-10000806,Xerox 1934,Office Supplies,Paper,9,539.428,224.4798,0,3,1.7320508075688772,3.0,0.5773502691896257,0.9691779889327192,C,Y
TEC-AC-10002253,Imation Bio 8GB USB Flash Drive Imation Corp,Technology,Accessories,9,1539.16,224.424,0,1,,9.0,9.0,0.9704636865321776,C,Z
OFF-ST-10002292,"Sauder Facets Collection Locker/File Cabinet, Sky Alder Finish",Office Supplies,Storage,5,1706.508,222.588,0,2,0.7071067811865476,2.5,0.282842712474619,0.9717388659125836,C,X
TEC-AC-10001606,Logitech Wireless Performance Mouse MX for PC and Mac,Technology,Accessories,9,804.922,221.9778,0,2,2.1213203435596424,4.5,0.4714045207910316,0.9730105495319515,C,X
TEC-MA-10004626,Lexmark 20R1285 X6650 Wireless All-in-One Printer,Technology,Machines,6,928.0,218.4,0,2,1.4142135623730951,3.0,0.47140452079103173,0.9742617363734735,C,X
TEC-PH-10000526,Vtech CS6719,Technology,Phones,13,1245.484,215.01760000000002,1,3,3.0550504633038935,4.333333333333333,0.7050116453778217,0.9754935458598086,C,Y
OFF-AP-10002311,"Holmes Replacement Filter for HEPA Air Cleaner, Very Large Room, HEPA Filter",Office Supplies,Appliances,10,734.647,213.31099999999998,0,5,1.224744871391589,2.0,0.6123724356957945,0.9767155784438373,C,Y
TEC-AC-10001714,Logitech MX Performance Wireless Mouse,Technology,Accessories,23,1102.8220000000001,211.8159,0,7,1.7994708216848745,3.2857142857142856,0.547665032686701,0.9779290457831463,C,Y
OFF-PA-10002377,"Adams Telephone Message Book W/Dividers/Space For Phone Numbers, 5 1/4""X8 1/2"", 200/Messages",Office Supplies,Paper,38,3020.4719999999998,209.3,1,9,2.3333333333333335,4.222222222222222,0.5526315789473685,0.9791280998396048,C,Y
OFF-AP-10000026,Tripp Lite Isotel 6 Outlet Surge Protector with Fax/Modem Protection,Office Supplies,Appliances,18,1255.714,208.5174,0,4,1.0,6.0,0.16666666666666666,0.9803226704765479,C,X
FUR-FU-10003192,Luxo Adjustable Task Clamp Lamp,Furniture,Furnishings,9,799.56,207.8856,0,1,,9.0,9.0,0.9815136216086994,C,Z
OFF-PA-10001357,Xerox 1886,Office Supplies,Paper,9,458.1,206.928,0,3,2.0,3.0,0.6666666666666666,0.9826990867677766,C,Y
FUR-BO-10003404,"Global Adaptabilites Bookcase, Cherry/Storm Gray Finish",Furniture,Bookcases,8,3505.84,206.87040000000002,0,2,1.4142135623730951,4.0,0.3535533905932738,0.983884221943511,C,X
OFF-BI-10003718,GBC Therma-A-Bind 250T Electric Binding System,Office Supplies,Binders,6,622.352,206.6232,0,1,,6.0,9.0,0.9850679409407324,C,Z
TEC-PH-10002726,netTALK DUO VoIP Telephone Service,Technology,Phones,13,564.896,204.711,0,2,3.5355339059327378,6.5,0.5439282932204212,0.9862407051784374,C,Y
FUR-FU-10003535,Howard Miller Distant Time Traveler Alarm Clock,Furniture,Furnishings,19,749.012,202.6338,0,5,4.193248541803041,4.75,0.8827891666953771,0.9874015693918422,C,Y
TEC-PH-10001336,Digium D40 VoIP phone,Technology,Phones,13,1537.092,202.5143,0,6,1.3416407864998738,2.6,0.5160156871153361,0.9885617490043881,C,Y
OFF-PA-10004243,Xerox 1939,Office Supplies,Paper,22,637.3399999999999,200.32319999999999,0,5,3.361547262794322,4.4,0.7639880142714368,0.9897093760734887,C,Y
TEC-AC-10002473,Maxell 4.7GB DVD-R,Technology,Accessories,25,956.684,200.079,0,7,1.9880595947760098,3.5714285714285716,0.5566566865372827,0.9908556041507087,C,Y
TEC-AC-10002567,Logitech G602 Wireless Gaming Mouse,Technology,Accessories,13,888.892,198.3752,0,4,1.8929694486000912,3.25,0.5824521380307973,0.9919920713664793,C,Y
TEC-PH-10002549,Polycom SoundPoint IP 450 VoIP phone,Technology,Phones,21,3831.1040000000003,194.23960000000002,0,5,2.949576240750525,4.2,0.7022800573215535,0.9931048462365456,C,Y
FUR-FU-10003553,"Howard Miller 13-1/2"" Diameter Rosebrook Wall Clock",Furniture,Furnishings,15,865.486,192.55599999999998,0,4,0.9574271077563381,3.75,0.25531389540169014,0.9942079759684874,C,X
TEC-PH-10004345,Cisco SPA 502G IP Phone,Technology,Phones,16,1552.36,191.92,0,3,3.214550253664318,5.333333333333333,0.6027281725620597,0.9953074621343524,C,Y
OFF-PA-10000474,Easy-staple paper,Office Supplies,Paper,14,724.6320000000001,190.66719999999998,0,6,0.816496580927726,2.3333333333333335,0.34992710611188255,0.9963997711625109,C,X
FUR-FU-10001185,"Advantus Employee of the Month Certificate Frame, 11 x 13-1/2",Furniture,Furnishings,15,585.95,190.2195,0,3,3.605551275463989,5.0,0.7211102550927978,0.9974895153722219,C,Y
TEC-MA-10004458,Lexmark X 9575 Professional All-in-One Color Printer,Technology,Machines,4,396.0,190.08,0,1,,4.0,9.0,0.9985784604035244,C,Z
TEC-PH-10001530,Cisco Unified IP Phone 7945G VoIP phone,Technology,Phones,16,4066.276,189.2554,0,4,1.4142135623730951,4.0,0.3535533905932738,0.9996626814024573,C,X
FUR-CH-10004875,Harbour Creations 67200 Series Stacking Chairs,Furniture,Chairs,15,1046.048,188.627,0,5,2.362907813126304,3.75,0.6301087501670144,1.0007433023747823,C,Y
FUR-CH-10004997,Hon Every-Day Series Multi-Task Chairs,Furniture,Chairs,17,2791.5080000000003,187.98,0,5,1.8929694486000914,4.25,0.445404576141198,1.0018202167633778,C,X
OFF-AR-10001953,Boston 1645 Deluxe Heavier-Duty Electric Pencil Sharpener,Office Supplies,Art,21,922.008,187.7946,0,5,1.6431676725154984,4.2,0.3912303982179758,1.0028960690180888,C,X
OFF-PA-10000241,"IBM Multi-Purpose Copy Paper, 8 1/2 x 11"", Case",Office Supplies,Paper,16,692.504,185.88,0,6,3.3466401061363023,3.2,1.0458250331675945,1.0039609527639775,C,Z
OFF-PA-10001736,Xerox 1880,Office Supplies,Paper,12,534.104,185.7056,0,4,2.70801280154532,3.0,0.90267093384844,1.0050248373936337,C,Y
OFF-AR-10002135,Boston Heavy-Duty Trimline Electric Pencil Sharpeners,Office Supplies,Art,16,778.6400000000001,185.08800000000002,0,3,2.3094010767585034,5.333333333333333,0.4330127018922194,1.0060851838685585,C,X
TEC-AC-10001114,Microsoft Wireless Mobile Mouse 4000,Technology,Accessories,15,869.852,183.954,0,4,4.0,5.0,0.8,1.0071390337964217,C,Y
TEC-AC-10003628,Logitech 910-002974 M325 Wireless Mouse for Web Scrolling,Technology,Accessories,18,803.838,183.53879999999998,0,7,2.701851217221259,3.6,0.7505142270059053,1.0081905050943556,C,Y
FUR-FU-10004848,"Howard Miller 13-3/4"" Diameter Brushed Chrome Round Wall Clock",Furniture,Furnishings,34,1249.132,183.3907,2,10,2.547329756605707,3.4,0.7492146342957962,1.0092411279455344,C,Y
OFF-ST-10000604,Home/Office Personal File Carts,Office Supplies,Storage,21,795.96,182.49,0,6,1.6431676725154984,3.5,0.469476477861571,1.0102865907967675,C,X
OFF-AP-10004487,Kensington 4 Outlet MasterPiece Compact Power Control Center,Office Supplies,Appliances,18,1645.064,182.1568,0,5,1.816590212458495,3.6,0.5046083923495819,1.0113301447860246,C,Y
OFF-PA-10002923,Xerox 1942,Office Supplies,Paper,9,465.308,181.078,0,4,1.2583057392117916,2.25,0.5592469952052407,1.0123675184622567,C,Y
TEC-CO-10004202,Brother DCP1000 Digital 3 in 1 Multifunction Machine,Technology,Copiers,4,1005.9680000000001,179.994,0,2,0.0,2.0,0.0,1.0133986820353011,C,X
TEC-MA-10000112,Panasonic KX MB2061 Multifunction Printer,Technology,Machines,10,2396.4,179.73,0,1,,10.0,9.0,1.014428333184691,C,Z
TEC-PH-10000215,Plantronics Cordless Phone Headset with In-line Volume - M214C,Technology,Phones,19,684.05,179.2935,1,4,4.193248541803041,4.75,0.8827891666953771,1.015455483679061,C,Y
FUR-FU-10003708,"Tenex Traditional Chairmats for Medium Pile Carpet, Standard Lip, 36"" x 48""",Furniture,Furnishings,14,1123.1,178.311,1,3,3.7859388972001824,4.666666666666667,0.8112726208286105,1.0164770055513073,C,Y
FUR-CH-10001708,Office Star - Contemporary Swivel Chair with Padded Adjustable Arms and Flex Back,Furniture,Chairs,16,2224.6220000000003,177.63479999999998,0,3,3.5118845842842465,5.333333333333333,0.6584783595532963,1.017494653556602,C,Y
TEC-MA-10001031,Socket Bluetooth Cordless Hand Scanner (CHS),Technology,Machines,3,554.28,177.198,0,1,,3.0,9.0,1.0185097991882137,C,Z
FUR-FU-10000277,Deflect-o DuraMat Antistatic Studded Beveled Mat for Medium Pile Carpeting,Furniture,Furnishings,12,1158.672,176.9712,0,3,3.4641016151377544,4.0,0.8660254037844386,1.019523645510413,C,Y
OFF-ST-10000675,"File Shuttle II and Handi-File, Black",Office Supplies,Storage,24,1026.248,176.228,0,5,3.559026084010437,6.0,0.5931710140017395,1.0205332341308697,C,Y
TEC-MA-10003183,DYMO CardScan Personal V9 Business Card Scanner,Technology,Machines,5,844.964,175.989,0,2,0.7071067811865476,2.5,0.282842712474619,1.0215414535496088,C,X
OFF-EN-10003055,"Blue String-Tie & Button Interoffice Envelopes, 10 x 13",Office Supplies,Envelopes,12,468.78,175.91199999999998,0,4,1.7320508075688772,4.0,0.4330127018922193,1.022549231844782,C,X
OFF-AP-10002439,Tripp Lite Isotel 8 Ultra 8 Outlet Metal Surge,Office Supplies,Appliances,11,763.282,174.5862,0,2,4.949747468305833,5.5,0.899954085146515,1.0235494147941926,C,Y
OFF-PA-10004381,14-7/8 x 11 Blue Bar Computer Printout Paper,Office Supplies,Paper,10,824.752,172.94400000000002,0,4,0.5773502691896257,2.5,0.2309401076758503,1.0245401897810065,C,X
TEC-AC-10000736,Logitech G600 MMO Gaming Mouse,Technology,Accessories,6,582.94,172.7784,0,2,2.8284271247461903,3.0,0.9428090415820635,1.02553001606571,C,Y
OFF-AP-10001271,Eureka The Boss Cordless Rechargeable Stick Vac,Office Supplies,Appliances,14,776.328,172.3124,0,4,1.2909944487358056,3.5,0.36885555678165877,1.0265171726935076,C,X
OFF-AP-10001124,Belkin 8 Outlet SurgeMaster II Gold Surge Protector with Phone Protection,Office Supplies,Appliances,8,669.84,168.4384,0,1,,8.0,9.0,1.0274821356499502,C,Z
TEC-PH-10000455,GE 30522EE2,Technology,Phones,5,599.95,168.1855,0,2,0.7071067811865476,2.5,0.282842712474619,1.0284456497732777,C,X
TEC-MA-10001972,Okidata C331dn Printer,Technology,Machines,8,2233.6,167.52,0,3,0.5773502691896258,2.6666666666666665,0.2165063509461097,1.0294053513286427,C,X
TEC-AC-10001990,Kensington Orbit Wireless Mobile Trackball for PC and Mac,Technology,Accessories,23,1246.816,165.5724,0,4,3.947573094109004,5.75,0.6865344511493919,1.0303538953222289,C,Y
OFF-PA-10003790,Xerox 1991,Office Supplies,Paper,17,530.576,164.9048,0,4,2.5,4.25,0.5882352941176471,1.0312986147172096,C,Y
OFF-AP-10001154,Bionaire Personal Warm Mist Humidifier/Vaporizer,Office Supplies,Appliances,9,510.01,164.5839,0,2,2.1213203435596424,4.5,0.4714045207910316,1.0322414957154074,C,X
TEC-PH-10001468,Panasonic Business Telephones KX-T7736,Technology,Phones,3,590.06,163.818,0,1,,3.0,9.0,1.0331799889663433,C,Z
OFF-PA-10004039,Xerox 1882,Office Supplies,Paper,8,480.86,163.4616,1,4,0.816496580927726,2.0,0.408248290463863,1.0341164404453458,C,X
TEC-PH-10002415,Polycom VoiceStation 500 Conference phone,Technology,Phones,11,2693.56,162.2225,1,3,3.5355339059327378,5.5,0.6428243465332251,1.0350457932722632,C,Y
TEC-PH-10004614,AT&T 841000 Phone,Technology,Phones,23,1418.4,162.15,0,5,3.2093613071762426,4.6,0.6976872406904876,1.0359747307555636,C,Y
OFF-ST-10003282,"Advantus 10-Drawer Portable Organizer, Chrome Metal Frame, Smoke Drawers",Office Supplies,Storage,11,769.456,160.1568,0,3,6.363961030678928,5.5,1.1570838237598051,1.0368922494402715,C,Z
OFF-BI-10003364,Binding Machine Supplies,Office Supplies,Binders,29,1301.9850000000001,158.1014,2,8,3.670993118515816,4.142857142857143,0.8861017872279555,1.0377979929902084,C,Y
TEC-PH-10003215,Jackery Bar Premium Fast-charging Portable Charger,Technology,Phones,14,739.38,157.53699999999998,0,3,1.1547005383792517,4.666666666666667,0.24743582965269678,1.0387005031616958,C,X
TEC-AC-10003590,"TRENDnet 56K USB 2.0 Phone, Internet and Fax Modem",Technology,Accessories,18,621.664,157.4112,0,3,4.242640687119285,9.0,0.4714045207910316,1.0396022926403963,C,X
OFF-ST-10001272,"Mini 13-1/2 Capacity Data Binder Rack, Pearl",Office Supplies,Storage,8,954.2640000000001,157.04399999999998,0,4,0.816496580927726,2.0,0.408248290463863,1.0405019784752862,C,X
FUR-CH-10001270,Harbour Creations Steel Folding Chair,Furniture,Chairs,12,838.75,155.25,0,4,0.816496580927726,3.0,0.2721655269759087,1.041391386703978,C,X
TEC-PH-10002262,LG Electronics Tone+ HBS-730 Bluetooth Headset,Technology,Phones,15,823.434,154.726,0,3,7.7781745930520225,7.5,1.0370899457402696,1.0422777930008704,C,Z
OFF-PA-10003656,Xerox 1935,Office Supplies,Paper,14,366.49199999999996,154.0592,0,3,2.0816659994661326,4.666666666666667,0.4460712855998855,1.0431603792822595,C,X
TEC-AC-10001013,Logitech ClearChat Comfort/USB Headset H390,Technology,Accessories,17,637.2139999999999,152.60089999999997,1,5,7.234178138070234,5.666666666666667,1.2766196714241589,1.04403461114162,C,Z
FUR-BO-10003660,"Bush Cubix Collection Bookcases, Fully Assembled",Furniture,Bookcases,3,836.94,152.4762,0,2,0.7071067811865476,1.5,0.47140452079103173,1.0449081286099593,C,X
TEC-MA-10002981,I.R.I.S IRISCard Anywhere 5 Card Scanner,Technology,Machines,3,361.973,152.0883,0,1,,3.0,9.0,1.0457794238467242,C,Z
TEC-PH-10003589,invisibleSHIELD by ZAGG Smudge-Free Screen Protector,Technology,Phones,23,1343.996,151.8356,0,5,0.8944271909999157,4.6,0.19444069369563388,1.0466492713961497,C,X
FUR-CH-10003606,SAFCO Folding Chair Trolley,Furniture,Chairs,6,798.32,151.3232,0,3,1.7320508075688772,2.0,0.8660254037844386,1.0475161834687552,C,Y
TEC-PH-10003171,Plantronics Encore H101 Dual Earpieces Headset,Technology,Phones,17,891.22,151.032,1,6,1.140175425099138,3.4,0.3353457132644524,1.0483814272922383,C,X
TEC-AC-10000109,Sony Micro Vault Click 16 GB USB 2.0 Flash Drive,Technology,Accessories,17,907.4440000000001,150.0532,1,5,1.1547005383792517,5.666666666666667,0.20377068324339734,1.0492410636904446,C,X
OFF-EN-10004206,Multimedia Mailers,Office Supplies,Envelopes,2,370.86,149.8956,0,1,,2.0,9.0,1.05009979721756,C,Z
OFF-PA-10001790,Xerox 1910,Office Supplies,Paper,9,415.712,149.88479999999998,0,3,2.0,3.0,0.6666666666666666,1.0509584688727989,C,Y
OFF-BI-10004593,Ibico Laser Imprintable Binding System Covers,Office Supplies,Binders,11,461.12,149.864,0,2,0.7071067811865476,5.5,0.128564869306645,1.051817021367386,C,X
FUR-FU-10001488,"Tenex 46"" x 60"" Computer Anti-Static Chairmat, Rectangular Shaped",Furniture,Furnishings,22,2131.62,148.372,0,6,1.632993161855452,3.6666666666666665,0.4453617714151233,1.0526670263767737,C,X
OFF-ST-10001476,Steel Personal Filing/Posting Tote,Office Supplies,Storage,25,842.424,147.3665,0,4,2.9860788111948193,6.25,0.4777726097911711,1.053511270999856,C,X
OFF-PA-10004092,Tops Green Bar Computer Printout Paper,Office Supplies,Paper,6,312.64,146.82,0,2,0.0,3.0,0.0,1.0543523847913956,C,X
OFF-PA-10003134,Xerox 1937,Office Supplies,Paper,8,399.88800000000003,146.04160000000002,0,3,1.1547005383792517,2.6666666666666665,0.4330127018922194,1.055189039224705,C,X
OFF-PA-10001125,Xerox 1988,Office Supplies,Paper,14,525.152,145.606,0,4,1.2909944487358054,3.5,0.36885555678165866,1.0560231981589845,C,X
OFF-PA-10002222,"Xerox Color Copier Paper, 11"" x 17"", Ream",Office Supplies,Paper,16,595.6,145.26239999999999,0,3,4.242640687119285,8.0,0.5303300858899106,1.0568553886509622,C,Y
OFF-EN-10004483,"#10 White Business Envelopes,4 1/8 x 9 1/2",Office Supplies,Envelopes,21,532.668,145.2609,0,4,2.6299556396765835,5.25,0.5009439313669682,1.0576875705496234,C,Y
OFF-AP-10003779,Kensington 7 Outlet MasterPiece Power Center with Fax/Phone Line Protection,Office Supplies,Appliances,5,881.416,145.236,0,2,2.1213203435596424,2.5,0.8485281374238569,1.0585196097992353,C,Y
OFF-AR-10000380,"Hunt PowerHouse Electric Pencil Sharpener, Blue",Office Supplies,Art,16,783.7,144.324,0,5,1.632993161855452,4.0,0.408248290463863,1.059346424312586,C,X
TEC-PH-10004241,Nokia Lumia 1020,Technology,Phones,4,1439.968,143.9968,0,1,,4.0,9.0,1.0601713643372255,C,Z
TEC-PH-10001305,Panasonic KX TS208W Corded phone,Technology,Phones,29,1215.962,143.0508,0,5,2.7748873851023217,5.8,0.4784288595004003,1.0609908848437695,C,X
TEC-PH-10002483,Motorola Moto X,Technology,Phones,6,1648.952,142.79579999999999,0,2,2.8284271247461903,3.0,0.9428090415820635,1.061808944486556,C,Y
FUR-BO-10001608,"Hon Metal Bookcases, Black",Furniture,Bookcases,8,607.8399999999999,141.95999999999998,0,2,1.4142135623730951,4.0,0.3535533905932738,1.0626222159335452,C,X
OFF-LA-10003923,Alphabetical Labels for Top Tab Filing,Office Supplies,Labels,22,492.92,139.12,1,6,2.8809720581775866,4.4,0.6547663768585423,1.0634192173684927,C,Y
TEC-PH-10001580,Logitech Mobile Speakerphone P710e - speaker phone,Technology,Phones,6,774.892,137.6796,0,3,1.0,2.0,0.5,1.0642079669283186,C,X
OFF-ST-10000777,"Companion Letter/Legal File, Black",Office Supplies,Storage,13,625.88,137.44639999999998,1,3,2.8867513459481287,4.333333333333333,0.6661733875264912,1.0649953805139163,C,Y
OFF-PA-10000565,Easy-staple paper,Office Supplies,Paper,5,289.9,137.151,0,2,0.7071067811865476,2.5,0.282842712474619,1.0657811017891068,C,X
TEC-AC-10004353,Hypercom P1300 Pinpad,Technology,Accessories,8,498.6,136.07999999999998,0,3,1.1547005383792515,2.6666666666666665,0.4330127018922193,1.0665606874365163,C,X
TEC-AC-10004001,Logitech Wireless Headset H600 Over-The-Head Design,Technology,Accessories,10,404.90999999999997,133.269,0,2,0.0,5.0,0.0,1.0673241692093314,C,X
OFF-PA-10001144,Xerox 1913,Office Supplies,Paper,5,459.4,133.152,0,2,0.7071067811865476,2.5,0.282842712474619,1.0680869807034812,C,X
FUR-FU-10004960,"Seth Thomas 12"" Clock w/ Goldtone Case",Furniture,Furnishings,17,452.66,132.8244,0,3,2.081665999466133,5.666666666666667,0.3673528234351999,1.068847915417369,C,X
TEC-PH-10003505,Geemarc AmpliPOWER60,Technology,Phones,27,4046.68,132.704,1,6,3.5777087639996634,5.4,0.6625386599999377,1.0696081603744079,C,Y
FUR-FU-10001861,"Floodlight Indoor Halogen Bulbs, 1 Bulb per Pack, 60 Watts",Furniture,Furnishings,16,341.0,132.696,0,3,1.5275252316519465,5.333333333333333,0.28641098093474,1.070368359500427,C,X
TEC-PH-10004539,Wireless Extenders zBoost YX545 SOHO Signal Booster,Technology,Phones,10,1511.92,132.29299999999998,0,4,0.5773502691896258,3.3333333333333335,0.17320508075688776,1.0711262498888219,C,X
TEC-AC-10004171,Razer Kraken 7.1 Surround Sound Over Ear USB Gaming Headset,Technology,Accessories,3,348.97,131.98680000000002,0,2,0.7071067811865476,1.5,0.47140452079103173,1.0718823860949327,C,X
OFF-PA-10000483,Xerox 19,Office Supplies,Paper,13,507.172,131.665,0,3,3.055050463303893,4.333333333333333,0.7050116453778216,1.0726366787482706,C,Y
OFF-EN-10002504,"Tyvek  Top-Opening Peel & Seel Envelopes, Plain White",Office Supplies,Envelopes,12,466.41600000000005,131.5512,0,4,3.605551275463989,4.0,0.9013878188659973,1.0733903194553511,C,Y
TEC-MA-10001570,Cisco Desktop Collaboration Experience DX650 IP Video Phone,Technology,Machines,5,420.8,130.2075,0,1,,5.0,9.0,1.0741362622697626,C,Z
TEC-PH-10003095,Samsung HM1900 Bluetooth Headset,Technology,Phones,17,788.08,129.505,0,4,1.8929694486000914,4.25,0.445404576141198,1.0748781805477448,C,X
OFF-BI-10003876,"Green Canvas Binder for 8-1/2"" x 14"" Sheets",Office Supplies,Binders,8,324.6,128.4,0,2,1.4142135623730951,4.0,0.3535533905932738,1.075613768416112,C,X
OFF-ST-10003123,Fellowes Bases and Tops For Staxonsteel/High-Stak Systems,Office Supplies,Storage,16,783.64,127.8336,1,6,1.0954451150103324,3.2,0.3423265984407288,1.0763461114482749,C,X
TEC-AC-10000358,Imation Secure Drive + Hardware Encrypted USB flash drive - 16 GB,Technology,Accessories,14,901.8600000000001,127.6464,1,3,2.516611478423583,4.666666666666667,0.5392738882336249,1.0770773820345736,C,Y
TEC-PH-10003437,Blue Parrot B250XT Professional Grade Wireless Bluetooth Headset with,Technology,Phones,21,1352.836,127.483,0,4,0.0,7.0,0.0,1.0778077165222921,C,X
TEC-AC-10003116,Memorex Froggy Flash Drive 8 GB,Technology,Accessories,23,1149.3,127.2675,0,6,2.073644135332772,4.6,0.4507922033332113,1.0785368164369138,C,X
FUR-CH-10000988,Hon Olson Stacker Stools,Furniture,Chairs,15,1678.4769999999999,126.729,0,5,1.8708286933869707,3.0,0.6236095644623235,1.0792628313510129,C,Y
OFF-BI-10001721,Trimflex Flexible Post Binders,Office Supplies,Binders,19,473.804,126.5696,0,3,5.773502691896257,6.333333333333333,0.9116056881941459,1.0799879330820417,C,Y
OFF-ST-10000025,Fellowes Stor/Drawer Steel Plus Storage Drawers,Office Supplies,Storage,22,2218.46,125.9676,0,4,5.131601439446884,7.333333333333333,0.6997638326518478,1.0807095860288278,C,Y
TEC-PH-10004447,Toshiba IPT2010-SD IP Telephone,Technology,Phones,15,1740.8799999999999,125.09100000000001,1,4,5.196152422706632,5.0,1.0392304845413265,1.0814262170416153,C,Z
TEC-PH-10003811,Jabra Supreme Plus Driver Edition Headset,Technology,Phones,18,1739.8600000000001,124.7896,0,4,3.415650255319866,4.5,0.7590333900710813,1.0821411213707306,C,Y
FUR-FU-10002253,"Howard Miller 13"" Diameter Pewter Finish Round Wall Clock",Furniture,Furnishings,10,462.46,124.52600000000001,0,3,1.5275252316519468,3.3333333333333335,0.458257569495584,1.0828545155677423,C,X
OFF-PA-10002254,Xerox 1883,Office Supplies,Paper,12,1460.456,124.5136,1,4,1.4142135623730951,3.0,0.47140452079103173,1.0835678387266732,C,X
FUR-FU-10003039,"Howard Miller 11-1/2"" Diameter Grantwood Wall Clock",Furniture,Furnishings,9,477.54400000000004,123.3518,0,4,1.8929694486000912,2.25,0.8413197549333739,1.0842745060757486,C,Y
TEC-PH-10004006,Panasonic KX - TS880B Telephone,Technology,Phones,11,584.42,122.4234,0,3,2.3094010767585034,3.6666666666666665,0.6298366572977737,1.084975854734972,C,Y
OFF-LA-10004544,Avery 505,Office Supplies,Labels,18,529.56,121.36,1,4,2.6457513110645907,6.0,0.44095855184409843,1.0856711113058835,C,X
TEC-PH-10002275,Mitel 5320 IP Phone VoIP phone,Technology,Phones,8,1223.536,120.9536,0,3,1.1547005383792517,2.6666666666666665,0.4330127018922194,1.0863640396609875,C,X
TEC-PH-10002115,Plantronics 81402,Technology,Phones,7,540.93,120.1018,0,2,3.5355339059327378,3.5,1.0101525445522108,1.0870520881582544,C,Z
TEC-AC-10004595,First Data TMFD35 PIN Pad,Technology,Accessories,4,590.2,119.952,0,2,1.4142135623730951,2.0,0.7071067811865476,1.0877392784696749,C,Y
TEC-PH-10003484,Ooma Telo VoIP Home Phone System,Technology,Phones,7,827.138,119.69050000000001,0,3,2.1213203435596424,3.5,0.6060915267313264,1.0884249706796343,C,Y
OFF-LA-10001297,Avery 473,Office Supplies,Labels,24,1480.4,119.232,0,6,2.280350850198276,4.0,0.570087712549569,1.0891080361992695,C,Y
FUR-CH-10003973,GuestStacker Chair with Chrome Finish Legs,Furniture,Chairs,9,2907.9680000000003,118.9632,2,4,1.0,3.0,0.3333333333333333,1.0897895617966382,C,X
TEC-MA-10004255,Konica Minolta magicolor 1690MF Multifunction Printer,Technology,Machines,8,319.92,118.3704,0,1,,8.0,9.0,1.0904676913154372,C,Z
OFF-AR-10002240,Panasonic KP-150 Electric Pencil Sharpener,Office Supplies,Art,12,452.88,117.7488,0,3,2.6457513110645907,4.0,0.6614378277661477,1.091142259763995,C,Y
OFF-PA-10003395,Xerox 1941,Office Supplies,Paper,4,378.52,117.432,0,2,1.4142135623730951,2.0,0.7071067811865476,1.091815013304167,C,Y
OFF-AR-10003373,"Boston School Pro Electric Pencil Sharpener, 1670",Office Supplies,Art,17,562.876,117.41420000000001,0,4,1.2583057392117916,4.25,0.2960719386380686,1.0924876648703201,C,X
FUR-FU-10002045,"Executive Impressions 14""",Furniture,Furnishings,12,328.76,117.3744,0,3,7.0710678118654755,6.0,1.1785113019775793,1.0931600884271495,C,Z
OFF-ST-10003442,Eldon Portable Mobile Manager,Office Supplies,Storage,22,790.256,117.07920000000001,1,6,2.6457513110645907,5.5,0.48104569292083466,1.093830820819347,C,X
OFF-BI-10001765,Wilson Jones Heavy-Duty Casebound Ring Binders with Metal Hinges,Office Supplies,Binders,7,291.48,116.3904,0,1,,7.0,9.0,1.0944976071607364,C,Z
FUR-FU-10000629,9-3/4 Diameter Round Wall Clock,Furniture,Furnishings,20,535.8,115.836,0,5,4.725815626252609,6.666666666666667,0.7088723439378913,1.0951612174124514,C,Y
TEC-MA-10003176,Okidata B400 Printer,Technology,Machines,3,1069.6,115.83,0,2,0.7071067811865476,1.5,0.47140452079103173,1.0958247932909013,C,X
OFF-AP-10004336,"Conquest 14 Commercial Heavy-Duty Upright Vacuum, Collection System, Accessory Kit",Office Supplies,Appliances,7,439.71999999999997,115.6288,0,2,0.7071067811865476,3.5,0.20203050891044216,1.0964872165192026,C,X
OFF-EN-10002500,Globe Weis Peel & Seel First Class Envelopes,Office Supplies,Envelopes,20,332.6,115.02,0,4,3.265986323710904,5.0,0.6531972647421809,1.0971461520068941,C,Y
OFF-ST-10003692,Recycled Steel Personal File for Hanging File Folders,Office Supplies,Storage,12,728.53,114.46,0,3,1.7320508075688772,4.0,0.4330127018922193,1.0978018793231972,C,X
OFF-PA-10000167,Xerox 1925,Office Supplies,Paper,13,383.584,113.077,0,4,1.2583057392117916,3.25,0.38717099668055127,1.098449683601946,C,X
OFF-AP-10003287,Tripp Lite TLP810NET Broadband Surge for Modem/Fax,Office Supplies,Appliances,10,503.11800000000005,112.134,0,2,2.8284271247461903,5.0,0.565685424949238,1.0990920855492317,C,Y
OFF-PA-10003022,Standard Line “While You Were Out” Hardbound Telephone Message Book,Office Supplies,Paper,23,567.18,112.0212,0,5,1.816590212458495,4.6,0.3949109157518468,1.0997338412791378,C,X
OFF-ST-10003470,"Tennsco Snap-Together Open Shelving Units, Starter Sets and Add-On Units",Office Supplies,Storage,8,2235.84,111.792,0,2,0.0,4.0,0.0,1.1003742839503254,C,X
OFF-LA-10003498,Avery 475,Office Supplies,Labels,15,801.0,111.0,0,3,3.4641016151377544,5.0,0.6928203230275509,1.1010101893505495,C,Y
FUR-CH-10002647,"Situations Contoured Folding Chairs, 4/Set",Furniture,Chairs,47,2875.064,110.019,0,9,3.3139316313320126,5.875,0.5640734691628958,1.1016404747219661,C,Y
TEC-AC-10004518,Memorex Mini Travel Drive 32 GB USB 2.0 Flash Drive,Technology,Accessories,14,280.0,109.19999999999999,0,2,1.4142135623730951,7.0,0.20203050891044216,1.1022660681427272,C,X
OFF-AR-10004260,Boston 1799 Powerhouse Electric Pencil Sharpener,Office Supplies,Art,15,554.7,109.116,0,3,3.4641016151377544,5.0,0.6928203230275509,1.1028911803377799,C,Y
FUR-FU-10001473,"Eldon Executive Woodline II Desk Accessories, Mahogany",Furniture,Furnishings,21,1350.652,108.9861,0,6,3.3466401061363023,4.2,0.7968190728895957,1.1035155483516481,C,Y
OFF-PA-10002421,Embossed Ink Jet Note Cards,Office Supplies,Paper,15,284.382,108.336,0,4,1.0,5.0,0.2,1.1041361920222668,C,X
TEC-AC-10000158,Sony 64GB Class 10 Micro SDHC R40 Memory Card,Technology,Accessories,21,946.404,108.3299,0,7,1.4142135623730951,3.0,0.47140452079103173,1.1047568007467328,C,X
OFF-AP-10002578,"Fellowes Premier Superior Surge Suppressor, 10-Outlet, With Phone and Remote",Office Supplies,Appliances,10,556.6320000000001,107.62400000000001,1,4,2.3094010767585034,3.3333333333333335,0.692820323027551,1.1053733654565863,C,Y
TEC-AC-10000057,Microsoft Natural Ergonomic Keyboard 4000,Technology,Accessories,17,766.8299999999999,107.0643,0,4,0.9574271077563381,4.25,0.2252769665309031,1.1059867237137142,C,X
OFF-ST-10001837,"SAFCO Mobile Desk Side File, Wire Frame",Office Supplies,Storage,15,858.536,106.89999999999999,0,5,2.5,3.75,0.6666666666666666,1.1065991407162723,C,Y
TEC-PH-10002807,Motorla HX550 Universal Bluetooth Headset,Technology,Phones,11,430.31,106.785,0,3,1.5275252316519465,3.6666666666666665,0.4165977904505309,1.1072108988979201,C,X
OFF-AR-10002987,Prismacolor Color Pencil Set,Office Supplies,Art,18,760.44,106.7392,0,5,2.1908902300206643,3.6,0.6085806194501845,1.1078223946969796,C,Y
TEC-PH-10001254,Jabra BIZ 2300 Duo QD Duo Corded Headset,Technology,Phones,14,1465.288,106.6716,0,3,4.242640687119285,7.0,0.6060915267313264,1.1084335032239214,C,Y
FUR-BO-10003894,"Safco Value Mate Steel Bookcase, Baked Enamel Finish on Steel, Black",Furniture,Bookcases,14,847.074,106.47,0,3,3.055050463303893,4.666666666666667,0.6546536707079771,1.1090434568091634,C,Y
OFF-PA-10003673,Strathmore Photo Mount Cards,Office Supplies,Paper,38,900.436,106.3104,0,9,5.085928299402841,6.333333333333333,0.8030413104320276,1.1096524960655596,C,Y
FUR-FU-10000758,DAX Natural Wood-Tone Poster Frame,Furniture,Furnishings,15,374.12800000000004,105.92,0,2,0.7071067811865476,7.5,0.09428090415820635,1.1102592987681879,C,X
OFF-ST-10000585,Economy Rollaway Files,Office Supplies,Storage,4,884.72,105.728,0,2,0.0,2.0,0.0,1.11086500152634,C,X
TEC-AC-10001284,Enermax Briskie RF Wireless Keyboard and Mouse Combo,Technology,Accessories,18,783.782,105.5116,0,3,2.6457513110645907,6.0,0.44095855184409843,1.1114694645554055,C,X
FUR-TA-10004147,Hon 4060 Series Tables,Furniture,Tables,7,716.544,105.2424,0,2,0.7071067811865476,3.5,0.20203050891044216,1.1120723853706536,C,X
FUR-FU-10004017,"Tenex Contemporary Contur Chairmats for Low and Medium Pile Carpet, Computer, 39"" x 49""",Furniture,Furnishings,12,840.712,105.059,0,4,1.632993161855452,3.0,0.5443310539518174,1.112674255509772,C,Y
FUR-CH-10002965,"Global Leather Highback Executive Chair with Pneumatic Height Adjustment, Black",Furniture,Chairs,16,2464.956,104.50959999999999,0,5,1.8257418583505538,4.0,0.45643546458763845,1.113272978203603,C,X
OFF-LA-10001074,Round Specialty Laser Printer Labels,Office Supplies,Labels,22,289.6,104.5002,0,3,2.516611478423583,7.333333333333333,0.3431742925123068,1.113871647045986,C,X
OFF-BI-10000315,Poly Designer Cover & Back,Office Supplies,Binders,20,326.94100000000003,104.44500000000001,0,4,1.414213562373095,5.0,0.282842712474619,1.114469999654332,C,X
OFF-AR-10004010,Hunt Boston Vacuum Mount KS Pencil Sharpener,Office Supplies,Art,13,613.874,104.2702,0,3,2.0816659994661326,4.333333333333333,0.4803844614152614,1.1150673508548943,C,X
TEC-MA-10002073,"3D Systems Cube Printer, 2nd Generation, White",Technology,Machines,1,1053.992,103.9992,0,1,,1.0,9.0,1.1156631495296598,C,Z
OFF-AP-10000358,Fellowes Basic Home/Office Series Surge Protectors,Office Supplies,Appliances,31,839.4000000000001,103.7102,1,7,1.9235384061671346,6.2,0.31024813002695717,1.1162572925588339,C,X
OFF-AP-10001293,Belkin 8 Outlet Surge Protector,Office Supplies,Appliances,9,407.82,103.2696,1,2,3.5355339059327378,4.5,0.7856742013183862,1.1168489114445905,C,Y
OFF-EN-10004386,"Recycled Interoffice Envelopes with String and Button Closure, 10 x 13",Office Supplies,Envelopes,11,450.102,103.157,0,4,0.49999999999999994,2.75,0.1818181818181818,1.1174398852587428,C,X
OFF-PA-10000380,"REDIFORM Incoming/Outgoing Call Register, 11"" X 8 1/2"", 100 Messages",Office Supplies,Paper,31,554.852,102.582,1,6,4.8166378315169185,6.2,0.776877069599503,1.1180275649683444,C,Y
OFF-PA-10000176,Xerox 1887,Office Supplies,Paper,15,776.404,102.438,0,5,2.0,3.0,0.6666666666666666,1.118614419719589,C,Y
OFF-PA-10001685,Easy-staple paper,Office Supplies,Paper,27,427.332,101.7042,0,4,2.0615528128088303,6.75,0.3054152315272341,1.1191970706205392,C,X
OFF-BI-10002133,"Wilson Jones Elliptical Ring 3 1/2"" Capacity Binders, 800 sheets",Office Supplies,Binders,23,805.48,101.436,0,5,3.2015621187164243,5.75,0.5567934119506824,1.1197781850365494,C,Y
OFF-AP-10000159,Belkin F9M820V08 8 Outlet Surge,Office Supplies,Appliances,15,678.74,101.003,0,3,4.0,5.0,0.8,1.1203568188486108,C,Y
OFF-AR-10004022,Panasonic KP-380BK Classic Electric Pencil Sharpener,Office Supplies,Art,16,591.504,100.744,0,5,1.0954451150103321,3.2,0.34232659844072877,1.120933968881405,C,X
OFF-PA-10003039,Xerox 1960,Office Supplies,Paper,9,269.036,100.685,0,3,1.0,3.0,0.3333333333333333,1.121510780910428,C,X
TEC-PH-10001918,Nortel Business Series Terminal T7208 Digital phone,Technology,Phones,9,1029.728,100.0728,0,3,1.0,3.0,0.3333333333333333,1.1220840857206582,C,X
FUR-CH-10000553,"Metal Folding Chairs, Beige, 4/Carton",Furniture,Chairs,19,695.192,99.4442,0,3,6.363961030678928,9.5,0.6698906348083081,1.1226537893585047,C,Y
OFF-ST-10000060,Fellowes Bankers Box Staxonsteel Drawer File/Stacking System,Office Supplies,Storage,36,2434.3360000000002,98.7696,1,7,2.7342623276105895,5.142857142857143,0.5316621192576146,1.1232196282956035,C,Y
TEC-AC-10004864,Memorex Micro Travel Drive 32 GB,Technology,Accessories,9,338.778,97.4817,0,3,1.0,3.0,0.3333333333333333,1.1237780890113964,C,X
OFF-PA-10000659,"TOPS Carbonless Receipt Book, Four 2-3/4 x 7-1/4 Money Receipts per Page",Office Supplies,Paper,19,266.5,96.1014,0,3,2.309401076758503,6.333333333333333,0.36464227527765836,1.1243286421576046,C,X
FUR-FU-10003268,Eldon Radial Chair Mat for Low to Medium Pile Carpets,Furniture,Furnishings,15,726.712,95.952,1,5,1.5811388300841898,3.0,0.5270462766947299,1.1248783394095172,C,Y
TEC-AC-10002647,"Logitech Wireless Boombox Speaker - portable - wireless, wired",Technology,Accessories,2,237.8,95.76,1,1,,2.0,9.0,1.1254269367169536,C,Z
OFF-PA-10001977,Xerox 194,Office Supplies,Paper,4,325.82399999999996,95.4256,0,2,1.4142135623730951,2.0,0.7071067811865476,1.125973618287761,C,Y
OFF-BI-10002225,"Square Ring Data Binders, Rigid 75 Pt. Covers, 11"" x 14-7/8""",Office Supplies,Binders,15,360.93600000000004,94.94399999999999,0,5,1.224744871391589,3.0,0.40824829046386296,1.1265175408311743,C,X
OFF-PA-10004911,"Rediform S.O.S. 1-Up Phone Message Bk, 4-1/4x3-1/16 Bk, 1 Form/Pg, 40 Messages/Bk, 3/Pk",Office Supplies,Paper,21,556.98,94.5504,1,5,2.280350850198276,4.2,0.5429406786186372,1.1270592084884115,C,Y
OFF-ST-10002370,"Sortfiler Multipurpose Personal File Organizer, Black",Office Supplies,Storage,20,524.854,94.116,1,4,1.8257418583505538,5.0,0.36514837167011077,1.1275983875212718,C,X
OFF-PA-10002558,Xerox 1938,Office Supplies,Paper,7,284.24,93.884,0,1,,7.0,9.0,1.1281362374545567,C,Z
OFF-AP-10000179,Honeywell Enviracaire Portable HEPA Air Cleaner for up to 10 x 16 Room,Office Supplies,Appliances,4,394.816,93.7688,0,1,,4.0,9.0,1.128673427421156,C,Z
OFF-PA-10004353,Southworth 25% Cotton Premium Laser Paper and Envelopes,Office Supplies,Paper,13,247.772,92.7072,1,3,1.1547005383792517,4.333333333333333,0.26646935501059654,1.1292045356114233,C,X
OFF-PA-10001281,Computer Printout Paper with Letter-Trim Fine Perforations,Office Supplies,Paper,4,211.6,91.968,0,1,,4.0,9.0,1.1297314090154575,C,Z
TEC-PH-10002538,Grandstream GXP1160 VoIP phone,Technology,Phones,18,719.232,91.7422,0,4,3.0,6.0,0.5,1.1302569888389569,C,X
FUR-FU-10004071,Luxo Professional Magnifying Clamp-On Fluorescent Lamps,Furniture,Furnishings,12,1185.9119999999998,91.5288,0,3,1.0,4.0,0.25,1.1307813461200023,C,X
OFF-LA-10004545,Avery 50,Office Supplies,Labels,18,302.504,90.9678,0,4,2.3804761428476167,4.5,0.5289946984105814,1.1313024895007815,C,Y
FUR-CH-10003846,Hon Valutask Swivel Chairs,Furniture,Chairs,10,1180.114,90.882,1,3,1.5275252316519465,3.3333333333333335,0.45825756949558394,1.131823141343873,C,X
FUR-TA-10003473,Bretford Rectangular Conference Table Tops,Furniture,Tables,23,6603.5335000000005,90.2712,0,9,1.642080561796093,2.875,0.5711584562769019,1.1323402939886,C,Y
OFF-AR-10004602,Boston KS Multi-Size Manual Pencil Sharpener,Office Supplies,Art,14,365.86,90.1208,1,4,1.2909944487358056,3.5,0.36885555678165877,1.1328565850101544,C,X
OFF-BI-10002794,"Avery Trapezoid Ring Binder, 3"" Capacity, Black, 1040 sheets",Office Supplies,Binders,11,535.644,89.7462,1,3,6.363961030678928,5.5,1.1570838237598051,1.1333707299942046,C,Z
OFF-PA-10000740,Xerox 1982,Office Supplies,Paper,12,333.536,89.5328,0,3,3.4641016151377544,4.0,0.8660254037844386,1.1338836524358007,C,Y
OFF-ST-10003058,Eldon Mobile Mega Data Cart  Mega Stackable  Add-On Trays,Office Supplies,Storage,13,642.45,89.1605,0,3,2.1213203435596424,6.5,0.32635697593225266,1.1343944420163112,C,X
OFF-PA-10002986,Xerox 1898,Office Supplies,Paper,34,692.08,88.9776,1,8,3.760699023168052,4.857142857142857,0.7742615635934226,1.134904183785131,C,Y
FUR-FU-10003347,Coloredge Poster Frame,Furniture,Furnishings,16,398.2,88.608,0,4,2.516611478423583,5.333333333333333,0.47186465220442186,1.1354118081608342,C,X
OFF-AP-10001242,APC 7 Outlet Network SurgeArrest Surge Protector,Office Supplies,Appliances,15,1073.568,88.52799999999999,1,6,2.5,3.75,0.6666666666666666,1.135918974226339,C,Y
OFF-ST-10002011,Smead Adjustable Mobile File Trolley with Lockable Top,Office Supplies,Storage,3,1006.056,88.0299,0,1,,3.0,9.0,1.136423286737971,C,Z
OFF-ST-10001590,"Tenex Personal Project File with Scoop Front Design, Black",Office Supplies,Storage,27,642.8720000000001,86.5416,0,7,3.2093613071762426,5.4,0.5943261679956005,1.1369190729612506,C,Y
OFF-EN-10003134,Staple envelope,Office Supplies,Envelopes,18,495.55199999999996,86.43199999999999,2,6,2.8809720581775866,3.6,0.8002700161604407,1.1374142312995585,C,Y
FUR-FU-10002759,12-1/2 Diameter Round Wall Clock,Furniture,Furnishings,22,594.6320000000001,86.3136,0,4,3.696845502136472,5.5,0.6721537276611768,1.1379087113387727,C,Y
FUR-CH-10004063,Global Deluxe High-Back Manager's Chair,Furniture,Chairs,10,2181.252,85.794,0,3,0.5773502691896258,3.3333333333333335,0.17320508075688776,1.1384002146532486,C,X
OFF-PA-10002713,"Adams Phone Message Book, 200 Message Capacity, 8 1/16” x 11”",Office Supplies,Paper,27,617.76,85.4496,1,7,1.9518001458970666,3.857142857142857,0.5060222600473876,1.1388897449423203,C,Y
FUR-CH-10003817,"Global Value Steno Chair, Gray",Furniture,Chairs,22,1425.246,85.036,1,6,2.886751345948129,5.5,0.524863881081478,1.1393769057676668,C,Y
OFF-AP-10001205,Belkin 5 Outlet SurgeMaster Power Centers,Office Supplies,Appliances,32,1553.208,84.9888,0,8,5.380741673076394,4.571428571428571,1.1770372409854613,1.139863796189996,C,Z
OFF-BI-10001107,"GBC White Gloss Covers, Plain Front",Office Supplies,Binders,18,500.99199999999996,84.8528,0,4,3.5118845842842465,4.5,0.7804187965076104,1.1403499074849883,C,Y
FUR-FU-10004053,DAX Two-Tone Silver Metal Document Frame,Furniture,Furnishings,13,464.784,84.80560000000001,0,6,1.1690451944500122,2.1666666666666665,0.5395593205153902,1.1408357483769633,C,Y
OFF-EN-10000056,Cameo Buff Policy Envelopes,Office Supplies,Envelopes,5,248.92000000000002,84.01050000000001,0,2,0.7071067811865476,2.5,0.282842712474619,1.1413170342384544,C,X
OFF-AP-10002670,Belkin 8-Outlet Premiere SurgeMaster II Surge Protectors,Office Supplies,Appliances,4,412.91999999999996,83.376,1,2,1.4142135623730951,2.0,0.7071067811865476,1.141794685127185,C,Y
OFF-PA-10002764,Easy-staple paper,Office Supplies,Paper,15,285.1,83.349,0,3,1.0,5.0,0.2,1.1422721813362233,C,X
FUR-FU-10001085,3M Polarizing Light Filter Sleeves,Furniture,Furnishings,11,193.96,83.179,0,3,2.0816659994661326,3.6666666666666665,0.5677270907634907,1.1427487036360904,C,Y
TEC-PH-10002563,Adtran 1202752G1,Technology,Phones,11,977.712,83.1534,0,4,0.49999999999999994,2.75,0.1818181818181818,1.1432250792766938,C,X
TEC-AC-10003023,Logitech G105 Gaming Keyboard,Technology,Accessories,10,620.952,83.118,0,3,1.5275252316519468,3.3333333333333335,0.458257569495584,1.1437012521150345,C,X
OFF-BI-10001524,GBC Premium Transparent Covers with Diagonal Lined Pattern,Office Supplies,Binders,42,1242.2839999999999,83.0808,1,9,4.041451884327381,6.0,0.6735753140545634,1.1441772118391331,C,Y
OFF-PA-10000575,"Wirebound Message Books, Four 2 3/4 x 5 White Forms per Page",Office Supplies,Paper,30,406.33399999999995,82.956,0,6,4.049691346263317,5.0,0.8099382692526633,1.1446524565993221,C,Y
TEC-AC-10000682,Kensington K72356US Mouse-in-a-Box USB Desktop Mouse,Technology,Accessories,16,627.486,82.94999999999999,0,5,2.0,4.0,0.5,1.1451276669862465,C,X
OFF-PA-10002319,Xerox 1944,Office Supplies,Paper,6,201.552,82.94640000000001,0,3,1.0,2.0,0.5,1.1456028567492116,C,X
OFF-BI-10000666,Surelock Post Binders,Office Supplies,Binders,17,555.2719999999999,82.512,0,4,1.5,4.25,0.35294117647058826,1.1460755578877997,C,X
TEC-PH-10001809,Panasonic KX T7736-B Digital phone,Technology,Phones,3,483.86,82.4725,0,2,0.7071067811865476,1.5,0.47140452079103173,1.1465480327357274,C,X
OFF-SU-10002573,"Acme 10"" Easy Grip Assistive Scissors",Office Supplies,Supplies,17,445.99800000000005,82.391,0,5,2.0615528128088303,4.25,0.48507125007266594,1.1470200406801405,C,X
OFF-LA-10001158,"Avery Address/Shipping Labels for Typewriters, 4"" x 2""",Office Supplies,Labels,19,768.23,81.972,2,6,1.3291601358251257,3.1666666666666665,0.4197347797342502,1.1474896482248897,C,X
OFF-AP-10002998,Holmes 99% HEPA Air Purifier,Office Supplies,Appliances,15,298.908,81.225,0,3,0.7071067811865476,7.5,0.09428090415820635,1.147954976298162,C,X
FUR-FU-10000023,Eldon Wave Desk Accessories,Furniture,Furnishings,39,608.684,81.0464,1,6,3.8340579025361627,7.8,0.4915458849405337,1.148419281193916,C,X
TEC-PH-10000586,AT&T SB67148 SynJ,Technology,Phones,6,391.544,80.5078,0,2,1.4142135623730951,3.0,0.47140452079103173,1.1488805005162597,C,X
TEC-PH-10000193,Jensen SMPS-640 - speaker phone,Technology,Phones,9,444.23199999999997,80.0052,0,3,2.1213203435596424,4.5,0.4714045207910316,1.1493388405047824,C,X
OFF-AP-10003842,Euro-Pro Shark Turbo Vacuum,Office Supplies,Appliances,16,446.112,79.3088,0,3,0.5773502691896258,5.333333333333333,0.10825317547305485,1.1497931909030283,C,X
OFF-ST-10002276,Safco Steel Mobile File Cart,Office Supplies,Storage,7,869.832,79.19200000000001,0,4,0.9574271077563382,1.75,0.5471012044321932,1.1502468721683845,C,Y
OFF-BI-10001196,"Avery Flip-Chart Easel Binder, Black",Office Supplies,Binders,10,247.94400000000002,78.33,0,2,1.4142135623730951,5.0,0.282842712474619,1.1506956151413534,C,X
TEC-PH-10002496,Cisco SPA301,Technology,Phones,11,1332.118,77.995,1,5,1.2583057392117916,2.75,0.4575657233497424,1.1511424389403666,C,X
TEC-PH-10002564,OtterBox Defender Series Case - Samsung Galaxy S4,Technology,Phones,22,904.8199999999999,77.974,2,7,1.505545305418162,3.6666666666666665,0.4106032651140442,1.1515891424329527,C,X
OFF-PA-10004665,Advantus Motivational Note Cards,Office Supplies,Paper,17,191.26,77.68299999999999,0,3,2.081665999466133,5.666666666666667,0.3673528234351999,1.1520341788221924,C,X
OFF-EN-10001434,"Strathmore #10 Envelopes, Ultimate White",Office Supplies,Envelopes,3,158.13,77.4837,0,1,,3.0,9.0,1.1524780734461504,C,Z
FUR-FU-10001591,Advantus Panel Wall Certificate Holder - 8.5x11,Furniture,Furnishings,16,321.32,77.104,0,3,3.511884584284246,5.333333333333333,0.6584783595532961,1.1529197928153294,C,Y
TEC-AC-10004859,"Maxell Pro 80 Minute CD-R, 10/Pack",Technology,Accessories,11,261.28,76.912,0,2,0.7071067811865476,5.5,0.128564869306645,1.1533604122400325,C,X
OFF-SU-10001218,Fiskars Softgrip Scissors,Office Supplies,Supplies,25,472.5,76.86,0,6,2.1213203435596424,5.0,0.42426406871192845,1.1538007337631064,C,X
OFF-PA-10001019,Xerox 1884,Office Supplies,Paper,12,358.796,76.72319999999999,0,3,4.358898943540674,4.0,1.0897247358851685,1.1542402715757414,C,Z
FUR-FU-10004091,"Eldon 200 Class Desk Accessories, Black",Furniture,Furnishings,11,789.8679999999999,76.6304,1,4,1.1547005383792515,3.6666666666666665,0.3149183286488868,1.1546792777485462,C,X
TEC-PH-10004908,Panasonic KX TS3282W Corded phone,Technology,Phones,9,646.928,76.491,0,3,2.0,3.0,0.6666666666666666,1.1551174853158304,C,Y
OFF-AR-10001044,"BOSTON Ranger #55 Pencil Sharpener, Black",Office Supplies,Art,17,517.85,76.1507,0,4,2.753785273643051,4.25,0.6479494761513062,1.155553743346108,C,Y
FUR-FU-10000293,Eldon Antistatic Chair Mats for Low to Medium Pile Carpets,Furniture,Furnishings,12,1315.48,75.80879999999999,1,3,1.7320508075688772,4.0,0.4330127018922193,1.1559880426731757,C,X
FUR-FU-10003623,"DataProducts Ampli Magnifier Task Lamp, Black,",Furniture,Furnishings,10,329.6,75.768,0,2,0.0,5.0,0.0,1.1564221082620423,C,X
OFF-PA-10003651,Xerox 1968,Office Supplies,Paper,26,456.664,75.35040000000001,2,5,4.932882862316247,6.5,0.7589050557409611,1.1568537814716733,C,Y
TEC-PH-10000923,"Belkin SportFit Armband For iPhone 5s/5c, Fuchsia",Technology,Phones,18,1227.858,75.2498,0,4,2.516611478423583,4.5,0.5592469952052407,1.1572848783562297,C,Y
TEC-AC-10000171,"Verbatim 25 GB 6x Blu-ray Single Layer Recordable Disc, 25/Pack",Technology,Accessories,9,242.116,75.1773,0,3,1.0,3.0,0.3333333333333333,1.1577155598971691,C,X
OFF-PA-10001509,"Recycled Desk Saver Line ""While You Were Out"" Book, 5 1/2"" X 4""",Office Supplies,Paper,18,387.1,74.106,0,3,1.7320508075688772,6.0,0.28867513459481287,1.1581401040916646,C,X
TEC-AC-10003063,Micro Innovations USB RF Wireless Keyboard with Mouse,Technology,Accessories,16,507.0,74.0,0,5,1.0954451150103324,3.2,0.3423265984407288,1.1585640410251472,C,X
FUR-FU-10000076,24-Hour Round Wall Clock,Furniture,Furnishings,10,406.812,73.926,0,4,1.2909944487358056,2.5,0.5163977794943222,1.1589875540216965,C,Y
TEC-PH-10003885,Cisco SPA508G,Technology,Phones,8,589.732,73.9088,0,3,1.5275252316519468,2.6666666666666665,0.5728219618694801,1.1594109684815532,C,Y
FUR-BO-10003441,"Bush Westfield Collection Bookcases, Fully Assembled",Furniture,Bookcases,18,1440.2982,73.71539999999999,0,6,0.6324555320336759,3.0,0.21081851067789195,1.159833274976505,C,X
OFF-PA-10002499,Xerox 1890,Office Supplies,Paper,3,166.82,73.41,0,1,,3.0,9.0,1.1602538318722748,C,Z
FUR-FU-10003374,Electrix Fluorescent Magnifier Lamps & Weighted Base,Furniture,Furnishings,11,495.79600000000005,73.0232,0,2,3.5355339059327378,5.5,0.6428243465332251,1.1606721728382356,C,Y
OFF-BI-10004728,Wilson Jones Turn Tabs Binder Tool for Ring Binders,Office Supplies,Binders,42,514.196,72.8784,0,8,3.915780041490244,6.0,0.6526300069150407,1.1610896842627372,C,Y
OFF-BI-10001460,Plastic Binding Combs,Office Supplies,Binders,20,314.31,72.72,1,4,1.414213562373095,5.0,0.282842712474619,1.1615062882330462,C,X
OFF-AP-10004532,Kensington 6 Outlet Guardian Standard Surge Protector,Office Supplies,Appliances,13,499.24,71.8848,1,4,0.5,3.25,0.15384615384615385,1.161918107444884,C,X
OFF-PA-10003797,Xerox 209,Office Supplies,Paper,23,291.04,71.5392,0,3,0.5773502691896257,7.666666666666667,0.07530655685082074,1.1623279467566654,C,X
FUR-CH-10004886,Bevis Steel Folding Chairs,Furniture,Chairs,18,1345.5149999999999,71.003,1,4,1.9148542155126762,4.5,0.42552315900281695,1.162734714244342,C,X
FUR-FU-10004460,"Howard Miller 12"" Round Wall Clock",Furniture,Furnishings,5,225.45,70.722,0,1,,5.0,9.0,1.1631398719174468,C,Z
OFF-PA-10001295,Computer Printout Paper with Letter-Trim Perforations,Office Supplies,Paper,9,242.34799999999998,70.5684,0,4,0.5,2.25,0.2222222222222222,1.163544149634971,C,X
TEC-PH-10001619,LG G3,Technology,Phones,4,701.168,70.5564,0,2,1.4142135623730951,2.0,0.7071067811865476,1.1639483586059651,C,Y
TEC-PH-10000369,HTC One Mini,Technology,Phones,7,705.544,70.5544,0,1,,7.0,9.0,1.1643525561192045,C,Z
TEC-AC-10004114,KeyTronic 6101 Series - Keyboard - Black,Technology,Accessories,4,199.96,70.5028,0,1,,4.0,9.0,1.164756458022366,C,Z
OFF-LA-10001474,Avery 477,Office Supplies,Labels,5,152.65,70.219,0,2,2.1213203435596424,2.5,0.8485281374238569,1.1651587340700986,C,Y
FUR-CH-10002024,HON 5400 Series Task Chairs for Big and Tall,Furniture,Chairs,21,11887.562,70.09800000000007,0,4,2.8722813232690143,5.25,0.5471012044321932,1.1655603169236564,C,Y
TEC-AC-10002399,SanDisk Cruzer 32 GB USB Flash Drive,Technology,Accessories,14,487.06399999999996,69.9936,0,4,1.5275252316519465,4.666666666666667,0.32732683535398854,1.165961301682405,C,X
OFF-PA-10001776,"Wirebound Message Books, Four 2 3/4"" x 5"" Forms per Page, 600 Sets per Book",Office Supplies,Paper,19,381.152,69.8031,0,6,1.1690451944500122,3.1666666666666665,0.36917216666842495,1.1663611950899941,C,X
OFF-PA-10003823,Xerox 197,Office Supplies,Paper,9,254.056,69.705,0,1,,9.0,9.0,1.1667605264947023,C,Z
OFF-PA-10003625,Xerox 1979,Office Supplies,Paper,5,154.9,69.705,0,1,,5.0,9.0,1.1671598578994105,C,Z
OFF-ST-10001325,Sterilite Officeware Hinged File Box,Office Supplies,Storage,32,1265.4,69.5872,1,10,3.5050983275386565,4.571428571428571,0.7667402591490812,1.1675585144423517,C,Y
OFF-PA-10003172,Xerox 1996,Office Supplies,Paper,24,1216.336,69.4656,1,7,3.7013511046643495,4.8,0.7711148134717395,1.1679564743537914,C,Y
FUR-FU-10001475,"Contract Clock, 14"", Brown",Furniture,Furnishings,14,703.552,69.4568,0,4,1.9148542155126762,3.5,0.5471012044321932,1.1683543838511092,C,Y
FUR-BO-10001811,"Atlantic Metals Mobile 5-Shelf Bookcases, Custom Colors",Furniture,Bookcases,17,3767.8874,69.22540000000001,0,6,1.834847859269718,2.8333333333333335,0.6475933620951946,1.1687509676861783,C,Y
OFF-PA-10003127,Easy-staple paper,Office Supplies,Paper,7,424.832,69.1156,0,4,0.9574271077563381,1.75,0.5471012044321932,1.1691469224905,C,Y
FUR-FU-10004245,"Career Cubicle Clock, 8 1/4"", Black",Furniture,Furnishings,10,388.688,68.952,0,3,1.5275252316519465,3.3333333333333335,0.45825756949558394,1.1695419400504663,C,X
OFF-PA-10004735,Xerox 1905,Office Supplies,Paper,23,448.448,68.94720000000001,1,5,2.4083189157584592,4.6,0.5235475903822738,1.1699369301118205,C,Y
OFF-BI-10000962,"Acco Flexible ACCOHIDE Square Ring Data Binder, Dark Blue, 11 1/2"" X 14"" 7/8""",Office Supplies,Binders,18,432.01800000000003,68.6594,1,5,3.1091263510296048,4.5,0.6909169668954678,1.170330271402236,C,Y
OFF-BI-10002498,Clear Mylar Reinforcing Strips,Office Supplies,Binders,21,814.612,68.5923,0,5,3.5637059362410923,4.2,0.8485014133907363,1.1707232282849729,C,Y
OFF-SU-10000898,"Acme Hot Forged Carbon Steel Scissors with Nickel-Plated Handles, 3 7/8"" Cut, 8""L",Office Supplies,Supplies,17,562.3,68.527,0,3,1.1547005383792517,5.666666666666667,0.20377068324339734,1.1711158110720103,C,X
OFF-BI-10004828,GBC Poly Designer Binding Covers,Office Supplies,Binders,11,316.37800000000004,68.4666,0,4,2.0816659994661326,3.6666666666666665,0.5677270907634907,1.171508047834848,C,Y
FUR-FU-10000308,Deflect-o Glass Clear Studded Chair Mats,Furniture,Furnishings,5,672.9,68.398,0,2,0.7071067811865476,2.5,0.282842712474619,1.1718998915966905,C,X
FUR-BO-10004015,"Bush Andora Bookcase, Maple/Graphite Gray Finish",Furniture,Bookcases,26,2755.7915,68.39430000000002,1,7,2.4899799195977463,5.2,0.4788422922303358,1.1722917141616866,C,X
TEC-PH-10001819,Innergie mMini Combo Duo USB Travel Charging Kit,Technology,Phones,4,278.964,68.3848,0,2,0.0,2.0,0.0,1.1726834823023464,C,X
FUR-FU-10004952,"C-Line Cubicle Keepers Polyproplyene Holder w/Velcro Back, 8-1/2x11, 25/Bx",Furniture,Furnishings,4,252.95999999999998,67.8776,0,2,0.0,2.0,0.0,1.1730723447563487,C,X
OFF-PA-10003441,Xerox 226,Office Supplies,Paper,23,339.152,67.6512,0,6,3.1304951684997055,4.6,0.6805424279347186,1.1734599101924894,C,Y
TEC-AC-10001266,Memorex Micro Travel Drive 8 GB,Technology,Accessories,16,426.0,67.6,0,4,1.632993161855452,4.0,0.408248290463863,1.1738471823101033,C,X
TEC-AC-10002331,"Maxell 74 Minute CDR, 10/Pack",Technology,Accessories,23,1791.292,67.5798,0,4,4.509249752822894,7.666666666666667,0.5881630112377688,1.1742343387043923,C,Y
OFF-AR-10000538,"Boston Model 1800 Electric Pencil Sharpener, Gray",Office Supplies,Art,10,264.61,67.56,0,2,2.8284271247461903,5.0,0.565685424949238,1.174621381666907,C,Y
OFF-FA-10003495,Staples,Office Supplies,Fasteners,29,496.648,67.488,0,5,3.2015621187164243,7.25,0.44159477499536887,1.1750080121502433,C,X
TEC-PH-10001750,Samsung Rugby III,Technology,Phones,6,366.346,67.3098,0,2,0.0,3.0,0.0,1.1753936217476126,C,X
TEC-PH-10001644,"BlueLounge Milo Smartphone Stand, White/Metallic",Technology,Phones,8,239.92,67.1776,0,2,1.4142135623730951,4.0,0.3535533905932738,1.1757784739873791,C,X
OFF-PA-10002666,Southworth 25% Cotton Linen-Finish Paper & Envelopes,Office Supplies,Paper,20,363.704,67.044,0,4,2.8284271247461903,5.0,0.565685424949238,1.1761625608491144,C,Y
OFF-EN-10003040,Quality Park Security Envelopes,Office Supplies,Envelopes,8,211.95600000000002,66.9952,0,3,2.0816659994661326,2.6666666666666665,0.7806247497997998,1.1765463681416288,C,Y
TEC-PH-10002468,"Plantronics CS 50-USB - headset - Convertible, Monaural",Technology,Phones,7,786.544,66.6351,1,1,,7.0,9.0,1.1769281124653628,C,Z
OFF-PA-10002581,Xerox 1951,Office Supplies,Paper,7,310.88,66.607,0,3,0.5773502691896258,2.3333333333333335,0.24743582965269678,1.1773096958076394,C,X
OFF-FA-10002280,Advantus Plastic Paper Clips,Office Supplies,Fasteners,30,588.0,66.0,1,6,3.391164991562634,6.0,0.565194165260439,1.1776878017212862,C,Y
FUR-FU-10003577,Nu-Dell Leatherette Frames,Furniture,Furnishings,15,345.62800000000004,65.964,0,2,,15.0,9.0,1.1780657013953437,C,Z
FUR-FU-10001934,Magnifier Swing Arm Lamp,Furniture,Furnishings,12,689.76,65.4576,0,5,1.1547005383792515,3.0,0.38490017945975047,1.1784406999658457,C,X
FUR-FU-10002671,Electrix 20W Halogen Replacement Bulb for Zoom-In Desk Lamp,Furniture,Furnishings,11,142.04,65.392,0,4,3.7859388972001824,3.6666666666666665,1.0325287901455042,1.1788153227219846,C,Z
TEC-PH-10002200,Samsung Galaxy Note 2,Technology,Phones,24,4425.4220000000005,65.09880000000005,1,6,3.1144823004794873,4.8,0.6488504792665599,1.179188265771247,C,Y
TEC-PH-10002170,ClearSounds CSC500 Amplified Spirit Phone Corded phone,Technology,Phones,4,372.962,64.3908,0,2,1.4142135623730951,2.0,0.7071067811865476,1.1795571527752537,C,Y
OFF-PA-10001870,Xerox 202,Office Supplies,Paper,24,233.152,64.2816,0,6,3.1622776601683795,6.0,0.5270462766947299,1.1799254141858395,C,Y
OFF-ST-10000464,"Multi-Use Personal File Cart and Caster Set, Three Stacking Bins",Office Supplies,Storage,8,2478.176,63.9584,0,3,1.1547005383792515,2.6666666666666665,0.4330127018922193,1.180291824023224,C,X
OFF-PA-10003724,"Wirebound Message Book, 4 per Page",Office Supplies,Paper,24,491.32,63.8568,0,4,1.0,8.0,0.125,1.180657651806657,C,X
OFF-ST-10000615,"SimpliFile Personal File, Black Granite, 15w x 6-15/16d x 11-1/4h",Office Supplies,Storage,25,807.86,63.56,1,7,2.6394443859772205,4.166666666666667,0.6334666526345328,1.1810217792592537,C,Y
OFF-AR-10001915,Peel-Off China Markers,Office Supplies,Art,20,532.74,63.55200000000001,0,4,5.507570547286102,6.666666666666667,0.8261355820929153,1.1813858608808305,C,Y
OFF-AR-10000588,Newell 345,Office Supplies,Art,20,508.12,63.488,1,7,0.6900655593423541,2.857142857142857,0.24152294576982394,1.181749575854249,C,X
OFF-PA-10001363,Xerox 1933,Office Supplies,Paper,11,217.08,63.4876,1,2,0.7071067811865476,5.5,0.128564869306645,1.182113288536116,C,X
FUR-BO-10004218,"Bush Heritage Pine Collection 5-Shelf Bookcase, Albany Pine Finish, *Special Order",Furniture,Bookcases,9,1113.4969999999998,63.441,0,3,3.5355339059327378,4.5,0.7856742013183862,1.1824767342522926,C,Y
FUR-FU-10001588,"Deflect-o SuperTray Unbreakable Stackable Tray, Letter, Black",Furniture,Furnishings,5,166.9,62.737,0,1,,5.0,9.0,1.1828361468387238,C,Z
FUR-FU-10002501,Nu-Dell Executive Frame,Furniture,Furnishings,28,719.664,62.6944,0,4,1.8257418583505538,7.0,0.26082026547865056,1.1831953153749744,C,X
OFF-SU-10000381,Acme Forged Steel Scissors with Black Enamel Handles,Office Supplies,Supplies,30,591.6800000000001,62.377,0,7,1.889822365046136,4.285714285714286,0.44095855184409843,1.1835526655655129,C,X
OFF-EN-10001335,"White Business Envelopes with Contemporary Seam, Recycled White Business Envelopes",Office Supplies,Envelopes,13,227.46800000000002,62.358,0,3,2.5166114784235836,4.333333333333333,0.580756495020827,1.1839099069073793,C,Y
OFF-BI-10004230,GBC Recycled Grain Textured Covers,Office Supplies,Binders,10,371.78,62.172000000000004,2,2,4.242640687119285,5.0,0.8485281374238569,1.1842660826780345,C,Y
TEC-PH-10000562,Samsung Convoy 3,Technology,Phones,2,221.98,62.1544,0,1,,2.0,9.0,1.184622157620446,C,Z
FUR-CH-10003199,Office Star - Contemporary Task Swivel Chair,Furniture,Chairs,14,1286.976,62.14880000000001,0,4,1.9148542155126762,3.5,0.5471012044321932,1.1849782004811438,C,Y
OFF-AR-10002445,SANFORD Major Accent Highlighters,Office Supplies,Art,24,396.08799999999997,61.7376,1,5,3.366501646120693,6.0,0.5610836076867821,1.1853318876274217,C,Y
TEC-AC-10003399,Memorex Mini Travel Drive 64 GB USB 2.0 Flash Drive,Technology,Accessories,4,144.96,60.8832,0,3,1.4142135623730951,2.0,0.7071067811865476,1.1856806800207815,C,Y
FUR-CH-10002439,"Iceberg Nesting Folding Chair, 19w x 6d x 43h",Furniture,Chairs,4,559.88,60.5488,0,1,,4.0,9.0,1.186027556677512,C,Z
OFF-AP-10001469,Fellowes 8 Outlet Superior Workstation Surge Protector,Office Supplies,Appliances,5,220.55,60.4795,0,2,0.7071067811865476,2.5,0.282842712474619,1.186374036323033,C,X
TEC-MA-10003173,Hewlett-Packard 300S Scientific Calculator,Technology,Machines,10,294.1,60.306,0,2,1.4142135623730951,5.0,0.282842712474619,1.1867195220083115,C,X
FUR-FU-10001889,Ultra Door Pull Handle,Furniture,Furnishings,21,208.29600000000002,60.2796,0,4,3.4641016151377544,7.0,0.4948716593053935,1.1870648564512247,C,X
OFF-EN-10002592,"Peel & Seel Recycled Catalog Envelopes, Brown",Office Supplies,Envelopes,14,295.276,60.216,1,3,1.5275252316519465,4.666666666666667,0.32732683535398854,1.18740982653753,C,X
OFF-ST-10001328,"Personal Filing Tote with Lid, Black/Gray",Office Supplies,Storage,16,470.85400000000004,60.1788,0,4,1.4142135623730951,4.0,0.3535533905932738,1.1877545835095928,C,X
TEC-PH-10001299,Polycom CX300 Desktop Phone USB VoIP phone,Technology,Phones,5,599.96,59.995999999999995,0,2,0.7071067811865476,2.5,0.282842712474619,1.1880982932428528,C,X
TEC-PH-10001198,Avaya 4621SW VoIP phone,Technology,Phones,9,532.4399999999999,59.8995,0,3,0.0,3.0,0.0,1.1884414501394358,C,X
OFF-PA-10004082,"Adams Telephone Message Book w/Frequently-Called Numbers Space, 400 Messages per Book",Office Supplies,Paper,15,529.7,59.85,0,4,9.192388155425117,7.5,1.2256517540566823,1.1887843234565838,C,Z
FUR-BO-10003966,"Sauder Facets Collection Library, Sky Alder Finish",Furniture,Bookcases,5,826.9590000000001,59.843,0,2,0.7071067811865476,2.5,0.282842712474619,1.1891271566715893,C,X
OFF-ST-10000136,Letter Size File,Office Supplies,Storage,10,391.41999999999996,59.55,0,2,2.8284271247461903,5.0,0.565685424949238,1.1894683113254931,C,Y
FUR-CH-10001891,Global Deluxe Office Fabric Chairs,Furniture,Chairs,6,515.9000000000001,59.507600000000004,0,2,1.4142135623730951,3.0,0.47140452079103173,1.189809223074992,C,X
OFF-AR-10002818,Panasonic KP-310 Heavy-Duty Electric Pencil Sharpener,Office Supplies,Art,9,234.82,59.346000000000004,0,2,0.7071067811865476,4.5,0.15713484026367724,1.1901492090378902,C,X
FUR-FU-10004270,"Executive Impressions 13"" Clairmont Wall Clock",Furniture,Furnishings,29,654.258,59.3017,0,9,1.6414763002993509,3.2222222222222223,0.5094236794032468,1.190488941211516,C,Y
OFF-PA-10001934,Xerox 1993,Office Supplies,Paper,21,428.30400000000003,58.9032,0,7,2.4289915602982237,3.5,0.6939975886566353,1.1908263904274663,C,Y
FUR-FU-10002445,"DAX Two-Tone Rosewood/Black Document Frame, Desktop, 5 x 7",Furniture,Furnishings,21,610.2239999999999,58.775999999999996,2,6,2.073644135332772,3.5,0.5924697529522206,1.1911631109302012,C,Y
OFF-BI-10004308,Avery Legal 4-Ring Binder,Office Supplies,Binders,11,207.13400000000001,58.74400000000001,0,3,2.516611478423583,3.6666666666666665,0.6863485850246136,1.1914996481088567,C,Y
OFF-ST-10000046,Fellowes Super Stor/Drawer Files,Office Supplies,Storage,4,635.58,58.158,0,2,0.0,2.0,0.0,1.1918328281653092,C,X
OFF-PA-10002005,Xerox 225,Office Supplies,Paper,22,816.192,58.0608,0,6,1.8165902124584952,4.4,0.41286141192238524,1.1921654513748707,C,X
FUR-BO-10002213,"Sauder Forest Hills Library, Woodland Oak Finish",Furniture,Bookcases,16,4663.0830000000005,58.02760000000001,0,4,2.943920288775949,4.0,0.7359800721939872,1.1924978843857,C,Y
OFF-PA-10004438,Xerox 1907,Office Supplies,Paper,10,295.8,57.716,0,3,1.1547005383792515,3.3333333333333335,0.3464101615137754,1.1928285322783065,C,X
TEC-PH-10001425,Mophie Juice Pack Helium for iPhone,Technology,Phones,9,641.928,57.5928,0,3,0.0,3.0,0.0,1.1931584743732075,C,X
TEC-AC-10002006,Memorex Micro Travel Drive 16 GB,Technology,Accessories,20,403.226,57.564,0,4,1.8257418583505538,5.0,0.36514837167011077,1.1934882514764373,C,X
TEC-PH-10004120,AT&T 1080 Phone,Technology,Phones,7,767.144,57.5358,0,2,3.5355339059327378,3.5,1.0101525445522108,1.1938178670253223,C,Z
OFF-ST-10000877,Recycled Steel Personal File for Standard File Folders,Office Supplies,Storage,4,265.16,57.5016,0,1,,4.0,9.0,1.1941472866465972,C,Z
OFF-LA-10004093,Avery 486,Office Supplies,Labels,18,493.194,57.4566,0,6,2.5298221281347035,3.0,0.8432740427115678,1.1944764484683856,C,Y
TEC-AC-10000991,Sony Micro Vault Click 8 GB USB 2.0 Flash Drive,Technology,Accessories,13,632.6759999999999,57.3278,0,4,3.2145502536643185,4.333333333333333,0.7418192893071505,1.1948048724107547,C,Y
OFF-ST-10003455,"Tenex File Box, Personal Filing Tote with Lid, Black",Office Supplies,Storage,18,399.67,57.0768,0,5,1.3416407864998738,3.6,0.37267799624996495,1.1951318584048765,C,X
TEC-PH-10001363,Apple iPhone 5S,Technology,Phones,3,1332.978,56.99900000000001,0,2,0.7071067811865476,1.5,0.47140452079103173,1.1954583986923302,C,X
OFF-PA-10001725,Xerox 1892,Office Supplies,Paper,3,116.28,56.9772,0,1,,3.0,9.0,1.195784814090255,C,Z
OFF-ST-10004507,Advantus Rolling Storage Box,Office Supplies,Storage,16,627.25,56.938,1,7,1.1126972805283735,2.2857142857142856,0.48680506023116343,1.1961110049161825,C,X
TEC-PH-10001700,Panasonic KX-TG6844B Expandable Digital Cordless Telephone,Technology,Phones,18,1135.86,56.7514,0,5,2.3021728866442674,3.6,0.6394924685122965,1.1964361267335724,C,Y
OFF-PA-10001534,Xerox 230,Office Supplies,Paper,21,489.00800000000004,56.2464,0,5,1.9235384061671346,4.2,0.4579853348016987,1.1967583554678352,C,X
FUR-FU-10002597,"C-Line Magnetic Cubicle Keepers, Clear Polypropylene",Furniture,Furnishings,28,544.344,56.1184,0,7,1.632993161855452,4.0,0.408248290463863,1.1970798509057805,C,X
TEC-AC-10004901,Kensington SlimBlade Notebook Wireless Mouse with Nano Receiver,Technology,Accessories,8,419.93600000000004,55.9888,0,2,4.242640687119285,4.0,1.0606601717798212,1.1974006038812044,C,Z
TEC-AC-10001998,Logitech LS21 Speaker System - PC Multimedia - 2.1-CH - Wired,Technology,Accessories,10,904.906,55.972,1,5,1.2909944487358054,2.5,0.5163977794943222,1.1977212606114869,C,Y
TEC-PH-10000011,PureGear Roll-On Screen Protector,Technology,Phones,15,246.894,55.972,0,3,4.358898943540674,5.0,0.8717797887081348,1.1980419173417691,C,Y
FUR-CH-10004853,"Global Manager's Adjustable Task Chair, Storm",Furniture,Chairs,13,1449.4080000000001,55.8626,0,3,3.5118845842842465,4.333333333333333,0.8104349040655954,1.1983619473328553,C,Y
TEC-PH-10002398,AT&T 1070 Corded Phone,Technology,Phones,5,445.96,55.745,0,1,,5.0,9.0,1.1986813036079498,C,Z
OFF-ST-10000344,"Neat Ideas Personal Hanging Folder Files, Black",Office Supplies,Storage,19,687.4259999999999,55.6002,0,5,2.1213203435596424,9.5,0.22329687826943603,1.198999830341585,C,X
OFF-AR-10004344,Bulldog Vacuum Base Pencil Sharpener,Office Supplies,Art,26,594.964,55.3938,0,5,2.2803508501982757,5.2,0.43852900965351455,1.1993171746349087,C,X
FUR-FU-10000771,"Eldon 200 Class Desk Accessories, Smoke",Furniture,Furnishings,21,286.88,55.3896,0,3,4.0,7.0,0.5714285714285714,1.199634494866947,C,Y
OFF-AR-10004456,Panasonic KP-4ABK Battery-Operated Pencil Sharpener,Office Supplies,Art,13,296.32,55.192800000000005,0,3,1.1547005383792515,4.333333333333333,0.2664693550105965,1.1999506876558972,C,X
FUR-FU-10003976,"DAX Executive Solid Wood Document Frame, Desktop or Hang, Mahogany, 5 x 7",Furniture,Furnishings,17,468.248,55.1004,1,5,2.073644135332772,3.4,0.6098953339214035,1.2002663510965683,C,Y
FUR-CH-10004698,"Padded Folding Chairs, Black, 4/Carton",Furniture,Chairs,11,746.428,55.066399999999994,0,3,2.0816659994661326,3.6666666666666665,0.5677270907634907,1.2005818197554055,C,Y
TEC-PH-10004165,Mitel MiVoice 5330e IP Phone,Technology,Phones,20,4190.85,54.997999999999976,1,5,2.8284271247461903,4.0,0.7071067811865476,1.2008968965590228,C,Y
FUR-CH-10002961,"Leather Task Chair, Black",Furniture,Chairs,17,1849.9160000000002,54.588,1,5,2.5,4.25,0.5882352941176471,1.2012096245228734,C,Y
OFF-AP-10002472,3M Office Air Cleaner,Office Supplies,Appliances,6,182.88,54.558,0,1,,6.0,9.0,1.2015221806203995,C,Z
OFF-ST-10002214,X-Rack File for Hanging Folders,Office Supplies,Storage,23,609.1220000000001,53.9662,0,6,2.302172886644268,4.6,0.5004723666617974,1.2018313463682335,C,Y
OFF-PA-10002120,Xerox 1889,Office Supplies,Paper,2,109.92,53.8608,0,1,,2.0,9.0,1.2021399082923812,C,Z
OFF-EN-10001219,"#10- 4 1/8"" x 9 1/2"" Security-Tint Envelopes",Office Supplies,Envelopes,18,593.768,53.632799999999996,1,6,0.5477225575051661,3.6,0.15214515486254612,1.2024471640324634,C,X
OFF-AP-10004785,"Holmes Replacement Filter for HEPA Air Cleaner, Medium Room",Office Supplies,Appliances,11,264.63,53.590900000000005,0,2,3.5355339059327378,5.5,0.6428243465332251,1.2027541797325794,C,Y
OFF-AR-10001860,BIC Liqua Brite Liner,Office Supplies,Art,27,487.5,53.576800000000006,0,6,3.286335345030997,5.4,0.6085806194501846,1.2030611146555228,C,Y
OFF-PA-10004996,"Speediset Carbonless Redi-Letter 7"" x 8 1/2""",Office Supplies,Paper,14,206.906,53.4058,0,4,1.7320508075688772,3.5,0.4948716593053935,1.2033670699404173,C,X
TEC-MA-10004679,StarTech.com 10/100 VDSL2 Ethernet Extender Kit,Technology,Machines,2,555.72,53.272,1,1,,2.0,9.0,1.203672258701505,C,Z
OFF-BI-10002072,Cardinal Slant-D Ring Binders,Office Supplies,Binders,13,438.494,53.009,0,4,2.5,3.25,0.7692307692307693,1.2039759407678157,C,Y
OFF-AR-10002956,Boston 16801 Nautilus Battery Pencil Sharpener,Office Supplies,Art,20,456.572,52.824,0,5,2.1213203435596424,4.0,0.5303300858899106,1.2042785629917925,C,Y
TEC-PH-10002085,Clarity 53712,Technology,Phones,10,663.1179999999999,52.792,0,3,3.2145502536643185,3.3333333333333335,0.9643650760992954,1.20458100189169,C,Y
TEC-AC-10004420,Cherry 142-key Programmable Keyboard,Technology,Accessories,4,479.72,52.7692,0,1,,4.0,9.0,1.204883310173181,C,Z
OFF-AR-10000937,"Dixon Ticonderoga Core-Lock Colored Pencils, 48-Color Set",Office Supplies,Art,6,205.44,52.632,0,1,,6.0,9.0,1.205184832452682,C,Z
OFF-ST-10001228,"Fellowes Personal Hanging Folder Files, Navy",Office Supplies,Storage,19,677.428,52.567,0,6,1.9235384061671346,3.8,0.5061943174124038,1.2054859823551467,C,Y
OFF-EN-10001141,"Manila Recycled Extra-Heavyweight Clasp Envelopes, 6"" x 9""",Office Supplies,Envelopes,13,439.17199999999997,52.3746,0,4,2.0615528128088303,3.25,0.6343239424027171,1.2057860300215844,C,Y
OFF-EN-10002312,#10 Self-Seal White Envelopes,Office Supplies,Envelopes,10,195.68200000000002,52.123,0,4,2.380476142847616,2.5,0.9521904571390465,1.206084636302448,C,Y
OFF-EN-10000927,Jet-Pak Recycled Peel 'N' Seal Padded Mailers,Office Supplies,Envelopes,5,172.738,52.0405,0,2,2.1213203435596424,2.5,0.8485281374238569,1.2063827699509198,C,Y
FUR-FU-10000672,"Executive Impressions 10"" Spectator Wall Clock",Furniture,Furnishings,13,152.88,51.979200000000006,0,3,1.5275252316519468,4.333333333333333,0.35250582268891084,1.206680552419202,C,X
FUR-FU-10001876,"Computer Room Manger, 14""",Furniture,Furnishings,10,457.84,51.968,0,4,0.5773502691896257,2.5,0.2309401076758503,1.2069782707240564,C,X
OFF-BI-10004965,Ibico Covers for Plastic or Wire Binding Elements,Office Supplies,Binders,10,498.0,51.75,1,3,0.5773502691896258,3.3333333333333335,0.17320508075688776,1.2072747401336201,C,X
OFF-EN-10003567,"Inter-Office Recycled Envelopes, Brown Kraft, Button-String,10"" x 13"" , 100/Box",Office Supplies,Envelopes,5,109.9,51.653000000000006,0,2,0.7071067811865476,2.5,0.282842712474619,1.2075706538420685,C,X
OFF-AP-10001492,"Acco Six-Outlet Power Strip, 4' Cord Length",Office Supplies,Appliances,23,626.26,51.5476,2,6,2.228601953392904,3.8333333333333335,0.5813744226242358,1.2078659637268305,C,Y
TEC-AC-10002335,Logitech Media Keyboard K200,Technology,Accessories,13,488.88,51.4353,0,3,2.081665999466133,4.333333333333333,0.48038446141526153,1.2081606302586518,C,X
FUR-FU-10001940,Staple-based wall hangings,Furniture,Furnishings,26,1064.16,51.2624,0,7,1.96638416050035,4.333333333333333,0.4537809601154654,1.2084543062675568,C,X
OFF-PA-10000249,Easy-staple paper,Office Supplies,Paper,11,457.8,51.2076,0,4,0.9574271077563381,2.75,0.34815531191139565,1.2087476683339757,C,X
OFF-PA-10002250,Things To Do Today Pad,Office Supplies,Paper,21,301.052,50.9516,0,5,2.6299556396765835,5.25,0.5009439313669682,1.20903956380776,C,Y
OFF-ST-10000760,Eldon Fold 'N Roll Cart System,Office Supplies,Storage,16,242.7,50.88720000000001,0,2,4.242640687119285,8.0,0.5303300858899106,1.2093310903418346,C,Y
OFF-AP-10003884,"Fellowes Smart Surge Ten-Outlet Protector, Platinum",Office Supplies,Appliances,3,194.66,50.5848,0,1,,3.0,9.0,1.2096208844633594,C,Z
FUR-CH-10004477,"Global Push Button Manager's Chair, Indigo",Furniture,Chairs,7,353.162,50.538700000000006,0,3,0.5773502691896258,2.3333333333333335,0.24743582965269678,1.2099104144836326,C,X
FUR-FU-10003691,"Eldon Image Series Desk Accessories, Ebony",Furniture,Furnishings,17,263.96000000000004,50.388,0,4,2.217355782608345,4.25,0.5217307723784341,1.2101990811620693,C,Y
FUR-FU-10000397,Luxo Economy Swing Arm Lamp,Furniture,Furnishings,9,192.46,50.2488,0,2,3.5355339059327378,4.5,0.7856742013183862,1.2104869503807612,C,Y
OFF-PA-10004156,Xerox 188,Office Supplies,Paper,9,543.06,50.0094,0,4,1.5,2.25,0.6666666666666666,1.2107734481061843,C,Y
OFF-BI-10004236,"XtraLife ClearVue Slant-D Ring Binder, White, 3""",Office Supplies,Binders,35,501.36400000000003,49.912,0,9,2.516611478423583,5.0,0.5033222956847166,1.2110593878389408,C,Y
FUR-CH-10004983,Office Star - Mid Back Dual function Ergonomic High Back Chair with 2-Way Adjustable Arms,Furniture,Chairs,17,1180.132,49.9038,0,3,3.055050463303893,5.666666666666667,0.5391265523477458,1.211345280594902,C,Y
OFF-AR-10003727,Berol Giant Pencil Sharpener,Office Supplies,Art,17,318.85,49.7807,0,4,2.753785273643051,4.25,0.6479494761513062,1.2116304681260457,C,Y
OFF-PA-10001972,Xerox 214,Office Supplies,Paper,21,778.528,49.7664,0,6,4.9916597106239795,5.25,0.950792325833139,1.2119155737342413,C,Y
TEC-MA-10003674,Hewlett-Packard Deskjet 5550 Printer,Technology,Machines,3,607.132,49.761,0,1,,3.0,9.0,1.2122006484064984,C,Z
OFF-PA-10000143,Astroparche Fine Business Paper,Office Supplies,Paper,22,307.824,49.4208,0,4,2.8867513459481287,5.5,0.524863881081478,1.212483774114637,C,Y
FUR-CH-10003981,Global Commerce Series Low-Back Swivel/Tilt Chairs,Furniture,Chairs,21,4001.398,48.82620000000001,1,5,1.6431676725154984,4.2,0.3912303982179758,1.2127634934322264,C,X
OFF-PA-10003848,Xerox 1997,Office Supplies,Paper,19,553.752,48.7296,0,5,2.4899799195977463,3.8,0.6552578735783543,1.2130426593402512,C,Y
TEC-AC-10003038,Kingston Digital DataTraveler 16GB USB 2.0,Technology,Accessories,36,807.67,48.687999999999995,1,7,2.5298221281347035,6.0,0.4216370213557839,1.213321586926973,C,X
OFF-AP-10001563,Belkin Premiere Surge Master II 8-outlet surge protector,Office Supplies,Appliances,20,965.416,48.58,0,5,3.785938897200183,6.666666666666667,0.5678908345800274,1.2135998957949268,C,Y
OFF-PA-10001994,"Ink Jet Note and Greeting Cards, 8-1/2"" x 5-1/2"" Card Size",Office Supplies,Paper,6,1314.392,48.5568,0,3,1.0,2.0,0.5,1.2138780717529232,C,X
OFF-PA-10004983,Xerox 23,Office Supplies,Paper,18,295.86400000000003,48.2112,0,4,1.7320508075688774,4.5,0.3849001794597505,1.2141542678108626,C,X
TEC-MA-10002109,"HP Officejet Pro 8600 e-All-In-One Printer, Copier, Scanner, Fax",Technology,Machines,4,482.97,47.9968,0,2,0.0,2.0,0.0,1.2144292355974704,C,X
TEC-PH-10004700,PowerGen Dual USB Car Charger,Technology,Phones,13,259.882,47.7522,0,3,2.1213203435596424,6.5,0.32635697593225266,1.2147028021006467,C,X
OFF-PA-10002195,"RSVP Cards & Envelopes, Blank White, 8-1/2"" X 11"", 24 Cards/25 Envelopes/Set",Office Supplies,Paper,24,572.44,47.6984,0,7,4.43846820423443,4.8,0.9246808758821728,1.2149760603902147,C,Y
FUR-FU-10004963,"Eldon 400 Class Desk Accessories, Black Carbon",Furniture,Furnishings,22,1112.25,47.6,1,6,0.8944271909999157,4.4,0.2032789070454354,1.2152487549582387,C,X
OFF-AP-10000696,Holmes Odor Grabber,Office Supplies,Appliances,10,171.2,47.586,1,2,2.8284271247461903,5.0,0.565685424949238,1.215521369321978,C,Y
OFF-BI-10003910,DXL Angle-View Binders with Locking Rings by Samsill,Office Supplies,Binders,25,617.429,47.4165,0,8,3.5449494589721118,4.166666666666667,0.8507878701533068,1.2157930126409844,C,Y
OFF-AP-10001962,Black & Decker Filter for Double Action Dustbuster Cordless Vac BLDV7210,Office Supplies,Appliances,25,539.716,47.4035,0,4,10.606601717798213,12.5,0.848528137423857,1.2160645814845836,C,Y
TEC-AC-10002345,HP Standard 104 key PS/2 Keyboard,Technology,Accessories,13,272.5,47.125,0,3,3.214550253664318,4.333333333333333,0.7418192893071504,1.2163345548358049,C,Y
OFF-PA-10001471,Strathmore Photo Frame Cards,Office Supplies,Paper,14,102.34000000000002,47.0764,0,3,3.7859388972001824,4.666666666666667,0.8112726208286105,1.2166042497635805,C,Y
OFF-PA-10000210,Xerox Blank Computer Paper,Office Supplies,Paper,5,99.9,46.953,0,1,,5.0,9.0,1.2168732377478755,C,Z
OFF-PA-10004100,Xerox 216,Office Supplies,Paper,18,340.568,46.9152,0,4,2.6457513110645907,6.0,0.44095855184409843,1.2171420091806013,C,X
FUR-CH-10003061,"Global Leather Task Chair, Black",Furniture,Chairs,18,1546.849,46.794799999999995,2,7,2.1908902300206643,3.6,0.6085806194501845,1.2174100908564789,C,Y
OFF-ST-10002205,File Shuttle I and Handi-File,Office Supplies,Storage,10,288.244,46.745999999999995,0,2,2.8284271247461903,5.0,0.565685424949238,1.2176778929631356,C,Y
OFF-PA-10000019,Xerox 1931,Office Supplies,Paper,20,349.048,46.656,1,5,2.160246899469287,5.0,0.4320493798938574,1.2179451794708187,C,X
OFF-BI-10000320,GBC Plastic Binding Combs,Office Supplies,Binders,19,538.08,46.567800000000005,0,5,1.9235384061671346,3.8,0.5061943174124038,1.2182119606915083,C,Y
OFF-ST-10001031,Adjustable Personal File Tote,Office Supplies,Storage,11,968.0799999999999,46.5608,0,3,1.5275252316519465,3.6666666666666665,0.4165977904505309,1.2184787018100558,C,X
TEC-PH-10000702,"Square Credit Card Reader, 4 1/2"" x 4 1/2"" x 1"", White",Technology,Phones,15,470.874,46.4535,1,4,4.949747468305833,7.5,0.6599663291074443,1.2187448282200495,C,Y
FUR-FU-10001037,"DAX Charcoal/Nickel-Tone Document Frame, 5 x 7",Furniture,Furnishings,22,645.16,46.452,0,6,1.632993161855452,3.6666666666666665,0.4453617714151233,1.2190109460367269,C,X
FUR-FU-10000747,Tenex B1-RE Series Chair Mats for Low Pile Carpets,Furniture,Furnishings,13,642.564,46.439800000000005,1,4,2.217355782608345,3.25,0.6822633177256446,1.2192769939610992,C,Y
FUR-BO-10003450,"Bush Westfield Collection Bookcases, Dark Cherry Finish",Furniture,Bookcases,10,579.8,46.384,0,2,2.8284271247461903,5.0,0.565685424949238,1.2195427222141082,C,Y
OFF-AP-10000692,Fellowes Mighty 8 Compact Surge Protector,Office Supplies,Appliances,11,239.75400000000002,46.2156,0,3,0.5773502691896258,3.6666666666666665,0.15745916432444343,1.2198074857241494,C,X
TEC-PH-10002890,AT&T 17929 Lendline Telephone,Technology,Phones,17,877.264,46.144800000000004,0,6,1.4719601443879746,2.8333333333333335,0.5195153450781087,1.2200718436296654,C,Y
OFF-PA-10001667,Great White Multi-Use Recycled Paper (20Lb. and 84 Bright),Office Supplies,Paper,25,351.972,45.747,0,5,4.9916597106239795,6.25,0.7986655536998367,1.2203339225877199,C,Y
FUR-FU-10000521,"Seth Thomas 14"" Putty-Colored Wall Clock",Furniture,Furnishings,5,254.7,45.477000000000004,0,2,0.7071067811865476,2.5,0.282842712474619,1.220594454748855,C,X
TEC-PH-10001552,I Need's 3d Hello Kitty Hybrid Silicone Case Cover for HTC One X 4g with 3d Hello Kitty Stylus Pen Green/pink,Technology,Phones,20,366.672,45.448,0,4,2.943920288775949,5.0,0.5887840577551897,1.2208548207725431,C,Y
OFF-EN-10001990,Staple envelope,Office Supplies,Envelopes,17,186.56,45.3832,0,3,1.1547005383792517,5.666666666666667,0.20377068324339734,1.2211148155649707,C,X
OFF-BI-10000174,"Wilson Jones Clip & Carry Folder Binder Tool for Ring Binders, Clear",Office Supplies,Binders,44,677.06,45.356,2,8,3.6384193323605842,6.285714285714286,0.5788394392391839,1.2213746545319306,C,Y
OFF-ST-10001511,Space Solutions Commercial Steel Shelving,Office Supplies,Storage,14,1021.1,45.255,0,4,2.3804761428476167,3.5,0.6801360408136048,1.2216339148822652,C,Y
TEC-PH-10001300,"iKross Bluetooth Portable Keyboard + Cell Phone Stand Holder + Brush for Apple iPhone 5S 5C 5, 4S 4",Technology,Phones,12,458.26,45.251999999999995,0,3,2.0,4.0,0.5,1.2218931580459675,C,X
OFF-BI-10001670,Vinyl Sectional Post Binders,Office Supplies,Binders,29,1196.89,45.23999999999999,0,8,3.5637059362410923,5.8,0.6144320579726021,1.2221523324631398,C,Y
TEC-AC-10001383,Logitech Wireless Touch Keyboard K400,Technology,Accessories,13,448.874,45.231899999999996,1,2,6.363961030678928,6.5,0.9790709277967581,1.2224114604764047,C,Y
OFF-BI-10000404,Avery Printable Repositionable Plastic Tabs,Office Supplies,Binders,15,511.52,45.150000000000006,1,5,2.345207879911715,3.0,0.7817359599705717,1.222670119294604,C,Y
OFF-PA-10002479,Xerox 4200 Series MultiUse Premium Copy Paper (20Lb. and 84 Bright),Office Supplies,Paper,27,726.552,45.144,0,7,2.8809720581775866,4.5,0.6402160129283526,1.2229287437395382,C,Y
OFF-PA-10004530,Personal Creations Ink Jet Cards and Labels,Office Supplies,Paper,8,108.84,45.0016,0,1,,8.0,9.0,1.2231865523923195,C,Z
OFF-PA-10001745,"Wirebound Message Books, 2 7/8"" x 5"", 3 Forms per Page",Office Supplies,Paper,17,588.4159999999999,44.985600000000005,0,3,2.081665999466133,5.666666666666667,0.3673528234351999,1.2234442693830612,C,X
OFF-PA-10002870,"Ampad Phone Message Book, Recycled, 400 Message Capacity, 5 ¾” x 11”",Office Supplies,Paper,16,379.84,44.928,0,4,2.309401076758503,4.0,0.5773502691896257,1.2237016563904601,C,Y
TEC-MA-10003066,Wasp CCD Handheld Bar Code Reader,Technology,Machines,3,370.51,44.868,0,1,,3.0,9.0,1.22395869966521,C,Z
OFF-LA-10000414,Avery 503,Office Supplies,Labels,9,185.15,44.712,0,2,0.7071067811865476,4.5,0.15713484026367724,1.2242148492350733,C,X
OFF-PA-10004285,Xerox 1959,Office Supplies,Paper,16,514.2,44.6224,0,4,3.366501646120693,4.0,0.8416254115301732,1.2244704854975141,C,Y
OFF-AP-10002350,Belkin F9H710-06 7 Outlet SurgeMaster Surge Protector,Office Supplies,Appliances,12,339.24,44.4624,0,5,0.5477225575051662,2.4,0.22821773229381925,1.2247252051395585,C,X
FUR-TA-10003954,Hon 94000 Series Round Tables,Furniture,Tables,15,4116.284,44.42699999999999,0,2,2.1213203435596424,7.5,0.282842712474619,1.2249797219793401,C,X
FUR-CH-10001146,"Global Value Mid-Back Manager's Chair, Gray",Furniture,Chairs,29,1730.2710000000002,44.4183,0,10,1.7677669529663689,3.625,0.4876598490941707,1.2252341889778875,C,X
OFF-AP-10004980,3M Replacement Filter for Office Air Cleaner for 20' x 33' Room,Office Supplies,Appliances,3,113.76,44.3664,0,1,,3.0,9.0,1.2254883586476937,C,Z
OFF-LA-10000240,Self-Adhesive Address Labels for Typewriters by Universal,Office Supplies,Labels,15,186.33999999999997,44.225500000000004,0,3,3.0,5.0,0.6,1.2257417211186632,C,Y
FUR-FU-10004018,Tensor Computer Mounted Lamp,Furniture,Furnishings,11,551.79,44.2233,0,4,1.707825127659933,2.75,0.6210273191490665,1.2259950709861023,C,Y
OFF-AR-10003582,"Boston Electric Pencil Sharpener, Model 1818, Charcoal Black",Office Supplies,Art,7,299.78999999999996,43.913999999999994,1,2,2.1213203435596424,3.5,0.6060915267313264,1.2262466489117367,C,Y
OFF-PA-10001892,"Rediform Wirebound ""Phone Memo"" Message Book, 11 x 5-3/4",Office Supplies,Paper,17,332.016,43.77719999999999,1,5,2.3021728866442674,3.4,0.6771096725424316,1.2264974431269322,C,Y
OFF-PA-10001593,Xerox 1947,Office Supplies,Paper,18,385.856,43.653999999999996,1,4,2.0816659994661326,4.5,0.46259244432580726,1.2267475315444223,C,X
OFF-PA-10002036,Xerox 1930,Office Supplies,Paper,19,437.27200000000005,43.4808,1,4,1.8929694486000914,4.75,0.3985198839158087,1.2269966277203326,C,X
OFF-LA-10002034,Avery 478,Office Supplies,Labels,18,368.38,43.3062,1,4,3.4641016151377544,6.0,0.5773502691896257,1.2272447236342352,C,Y
OFF-FA-10004854,"Vinyl Coated Wire Paper Clips in Organizer Box, 800/Box",Office Supplies,Fasteners,11,349.20799999999997,43.2796,0,3,1.5275252316519468,3.6666666666666665,0.41659779045053097,1.2274926671599968,C,X
OFF-PA-10001838,"Adams Telephone Message Book W/Dividers/Space For Phone Numbers, 5 1/4""X8 1/2"", 300/Messages",Office Supplies,Paper,15,613.2,43.218,1,7,0.5477225575051661,2.5,0.21908902300206642,1.2277402577869057,C,X
TEC-MA-10002937,"Canon Color ImageCLASS MF8580Cdw Wireless Laser All-In-One Printer, Copier, Scanner",Technology,Machines,3,1007.979,43.1991,0,1,,3.0,9.0,1.2279877401380301,C,Z
TEC-AC-10000580,Logitech G13 Programmable Gameboard with LCD Display,Technology,Accessories,14,1122.8700000000001,43.194599999999994,1,4,2.081665999466133,3.5,0.5947617141331809,1.2282351967092058,C,Y
OFF-PA-10000791,"Wirebound Message Books, Four 2 3/4 x 5 Forms per Page, 200 Sets per Book",Office Supplies,Paper,24,341.894,42.93,0,5,3.7682887362833544,4.8,0.7850601533923656,1.2284811374194005,C,Y
FUR-FU-10002157,Artistic Insta-Plaque,Furniture,Furnishings,7,147.76,42.8064,0,2,0.7071067811865476,3.5,0.20203050891044216,1.2287263700403388,C,X
FUR-FU-10004090,"Executive Impressions 14"" Contract Wall Clock",Furniture,Furnishings,10,305.178,42.236999999999995,0,4,1.7320508075688772,2.5,0.6928203230275509,1.2289683406384402,C,Y
TEC-AC-10002305,KeyTronic E03601U1 - Keyboard - Beige,Technology,Accessories,13,445.0,42.120000000000005,0,5,2.0816659994661326,4.333333333333333,0.4803844614152614,1.2292096409578765,C,X
OFF-PA-10001950,Southworth 25% Cotton Antique Laid Paper & Envelopes,Office Supplies,Paper,13,207.748,42.117000000000004,0,3,7.7781745930520225,6.5,1.1966422450849266,1.2294509240906806,C,Z
TEC-PH-10000560,Samsung Galaxy S III - 16GB - pebble blue (T-Mobile),Technology,Phones,19,4874.862,41.99880000000002,1,3,3.7859388972001824,6.333333333333333,0.597779825873713,1.2296915300701663,C,Y
OFF-PA-10001639,Xerox 203,Office Supplies,Paper,16,514.904,41.9904,0,4,3.214550253664318,5.333333333333333,0.6027281725620597,1.2299320879270814,C,Y
TEC-AC-10000303,Logitech M510 Wireless Mouse,Technology,Accessories,5,234.95600000000002,41.9895,0,2,0.7071067811865476,2.5,0.282842712474619,1.2301726406280067,C,X
TEC-AC-10001267,Imation 32GB Pocket Pro USB 3.0 Flash Drive - 32 GB - Black - 1 P ...,Technology,Accessories,7,167.72,41.93,0,2,2.1213203435596424,3.5,0.6060915267313264,1.2304128524607219,C,Y
FUR-FU-10003731,"Eldon Expressions Wood and Plastic Desk Accessories, Oak",Furniture,Furnishings,15,149.7,41.916,0,5,2.0615528128088303,3.75,0.5497474167490214,1.2306529840891525,C,Y
OFF-AR-10001615,Newell 34,Office Supplies,Art,15,694.888,41.664,1,4,2.217355782608345,3.75,0.5912948753622254,1.2308916720404581,C,Y
OFF-PA-10004101,Xerox 1894,Office Supplies,Paper,15,237.016,41.471999999999994,0,3,5.196152422706632,5.0,1.0392304845413265,1.2311292600472878,C,Z
OFF-ST-10000876,Eldon Simplefile Box Office,Office Supplies,Storage,19,368.47999999999996,41.3008,0,5,1.5,4.75,0.3157894736842105,1.231365867270293,C,X
OFF-SU-10004261,"Fiskars 8"" Scissors, 2/Pack",Office Supplies,Supplies,11,308.84799999999996,41.2036,0,3,1.5275252316519465,3.6666666666666665,0.4165977904505309,1.2316019176464073,C,X
TEC-PH-10000439,GE DSL Phone Line Filter,Technology,Phones,7,382.94000000000005,41.189699999999995,1,3,2.3094010767585034,2.3333333333333335,0.9897433186107871,1.2318378883911243,C,Y
OFF-PA-10004675,"Telephone Message Books with Fax/Mobile Section, 5 1/2"" x 3 3/16""",Office Supplies,Paper,17,464.06,40.766999999999996,0,6,1.7224014243685084,2.8333333333333335,0.6079063850712382,1.232071437539331,C,Y
OFF-PA-10002262,Xerox 192,Office Supplies,Paper,13,264.24,40.4352,1,4,1.707825127659933,3.25,0.5254846546645948,1.2323030858459898,C,Y
OFF-PA-10004782,Xerox 228,Office Supplies,Paper,13,180.24,40.4352,0,3,2.081665999466133,4.333333333333333,0.48038446141526153,1.2325347341526487,C,X
OFF-PA-10004040,Universal Premium White Copier/Laser Paper (20Lb. and 87 Bright),Office Supplies,Paper,15,86.112,40.365,0,4,1.0,5.0,0.2,1.2327659802921085,C,X
OFF-PA-10002245,Xerox 1895,Office Supplies,Paper,15,624.7,40.365,0,3,1.7320508075688772,5.0,0.34641016151377546,1.2329972264315683,C,X
OFF-AR-10001958,Stanley Bostitch Contemporary Electric Pencil Sharpeners,Office Supplies,Art,17,1227.908,40.0728,2,6,2.217355782608345,4.25,0.5217307723784341,1.2332267985930288,C,Y
OFF-ST-10003638,Mobile Personal File Cube,Office Supplies,Storage,13,311.304,40.0482,0,2,3.5355339059327378,6.5,0.5439282932204212,1.233456229824103,C,Y
FUR-FU-10002396,"DAX Copper Panel Document Frame, 5 x 7 Size",Furniture,Furnishings,9,303.672,40.0044,0,3,1.0,3.0,0.3333333333333333,1.2336854101303438,C,X
OFF-AR-10001955,Newell 319,Office Supplies,Art,14,432.112,39.68,0,5,1.4832396974191326,2.8,0.5297284633639759,1.2339127319887302,C,Y
OFF-BI-10003981,"Avery Durable Plastic 1"" Binders",Office Supplies,Binders,26,218.88,39.6796,0,4,8.144527815247077,8.666666666666666,0.9397532094515859,1.2341400515555656,C,Y
FUR-FU-10004006,"Deflect-o DuraMat Lighweight, Studded, Beveled Mat for Low Pile Carpeting",Furniture,Furnishings,9,389.26,39.664500000000004,0,3,0.0,3.0,0.0,1.2343672846163511,C,X
OFF-PA-10001260,"TOPS Money Receipt Book, Consecutively Numbered in Red,",Office Supplies,Paper,11,199.10999999999999,39.6495,0,2,2.1213203435596424,5.5,0.385694607919935,1.2345944317439743,C,X
TEC-AC-10003280,Belkin F8E887 USB Wired Ergonomic Keyboard,Technology,Accessories,12,430.892,39.5868,0,4,0.816496580927726,3.0,0.2721655269759087,1.2348212196709796,C,X
TEC-PH-10004912,Cisco SPA112 2 Port Phone Adapter,Technology,Phones,8,361.68,39.564,0,2,1.4142135623730951,4.0,0.3535533905932738,1.2350478769795785,C,X
OFF-FA-10000621,"OIC Colored Binder Clips, Assorted Sizes",Office Supplies,Fasteners,25,289.204,39.559,0,5,3.947573094109004,6.25,0.6316116950574406,1.23527450564379,C,Y
OFF-ST-10001580,Super Decoflex Portable Personal File,Office Supplies,Storage,13,344.76,39.547200000000004,0,5,1.1401754250991378,2.6,0.43852900965351455,1.235501066707247,C,X
OFF-BI-10002824,Recycled Easel Ring Binders,Office Supplies,Binders,27,508.1,39.538000000000004,0,7,3.7815340802378077,4.5,0.8403409067195128,1.2357275750650312,C,Y
TEC-PH-10004434,Cisco IP Phone 7961G VoIP phone - Dark gray,Technology,Phones,1,135.95,39.4255,0,1,,1.0,9.0,1.2359534389240991,C,Z
TEC-AC-10004633,"Verbatim 25 GB 6x Blu-ray Single Layer Recordable Disc, 3/Pack",Technology,Accessories,15,194.85999999999999,39.144,0,3,0.0,5.0,0.0,1.2361776901041566,C,X
OFF-PA-10002787,Xerox 227,Office Supplies,Paper,18,653.792,39.1392,0,6,1.7888543819998317,3.0,0.5962847939999439,1.2364019137856022,C,Y
OFF-PA-10002615,"Ampad Gold Fibre Wirebound Steno Books, 6"" x 9"", Gregg Ruled",Office Supplies,Paper,21,922.082,39.0726,0,7,2.0816659994661326,3.0,0.6938886664887108,1.2366257559238076,C,Y
OFF-EN-10003862,Laser & Ink Jet Business Envelopes,Office Supplies,Envelopes,11,190.43200000000002,39.0522,0,2,2.1213203435596424,5.5,0.385694607919935,1.2368494811929123,C,X
OFF-AP-10004249,Staple holder,Office Supplies,Appliances,18,702.308,39.0222,2,3,2.6457513110645907,6.0,0.44095855184409843,1.2370730345956928,C,X
FUR-FU-10003975,Eldon Advantage Chair Mats for Low to Medium Pile Carpets,Furniture,Furnishings,9,419.79,38.979,0,3,1.0,3.0,0.3333333333333333,1.237296340510966,C,X
OFF-EN-10004459,Security-Tint Envelopes,Office Supplies,Envelopes,12,384.568,38.8112,0,4,1.1547005383792515,3.0,0.38490017945975047,1.2375186851205981,C,X
OFF-PA-10001461,HP Office Paper (20Lb. and 87 Bright),Office Supplies,Paper,14,162.84,38.2096,0,2,2.8284271247461903,7.0,0.4040610178208843,1.2377375832375388,C,X
OFF-EN-10000461,"#10- 4 1/8"" x 9 1/2"" Recycled Envelopes",Office Supplies,Envelopes,11,725.148,38.1938,1,3,0.7071067811865476,5.5,0.128564869306645,1.2379563908382152,C,X
OFF-PA-10002246,"Wirebound Four 2-3/4 x 5 Forms per Page, 400 Sets per Book",Office Supplies,Paper,19,298.62,38.1195,0,5,2.04939015319192,3.8,0.5393131982084,1.2381747727832948,C,Y
OFF-LA-10002475,Avery 519,Office Supplies,Labels,14,386.106,37.8658,0,5,2.380476142847616,3.5,0.6801360408136047,1.238391701312158,C,Y
OFF-FA-10000134,"Advantus Push Pins, Aluminum Head",Office Supplies,Fasteners,21,187.01,37.8231,0,3,2.0,7.0,0.2857142857142857,1.2386083852179526,C,X
TEC-AC-10004510,Logitech Desktop MK120 Mouse and keyboard Combo,Technology,Accessories,37,1465.416,37.628,0,9,1.9226098333849675,4.625,0.41569942343458754,1.238823951419751,C,X
TEC-PH-10003988,"LF Elite 3D Dazzle Designer Hard Case Cover, Lf Stylus Pen and Wiper For Apple Iphone 5c Mini Lite",Technology,Phones,23,437.0,37.496,0,7,1.6035674514745464,3.2857142857142856,0.48804226784007937,1.2390387614097222,C,X
OFF-AP-10000252,Harmony HEPA Quiet Air Purifiers,Office Supplies,Appliances,12,461.7,37.44,0,4,1.0,4.0,0.25,1.2392532505825546,C,X
OFF-PA-10002689,Weyerhaeuser First Choice Laser/Copy Paper (20Lb. and 88 Bright),Office Supplies,Paper,12,184.76,37.3248,0,2,4.242640687119285,6.0,0.7071067811865475,1.2394670797887013,C,Y
OFF-BI-10002852,Ibico Standard Transparent Covers,Office Supplies,Binders,14,203.912,37.2448,0,4,0.5773502691896257,4.666666666666667,0.12371791482634836,1.2396804506846497,C,X
OFF-BI-10001078,"Acco PRESSTEX Data Binder with Storage Hooks, Dark Blue, 14 7/8"" X 11""",Office Supplies,Binders,19,202.308,37.175799999999995,0,2,3.5355339059327378,9.5,0.37216146378239345,1.2398934262880519,C,X
OFF-PA-10002160,Xerox 1978,Office Supplies,Paper,18,223.168,37.107600000000005,0,4,1.7320508075688772,4.5,0.38490017945975047,1.24010601118201,C,X
OFF-PA-10004888,Xerox 217,Office Supplies,Paper,14,418.24,37.065599999999996,0,5,2.6832815729997477,2.8,0.9583148474999099,1.2403183554631139,C,Y
FUR-FU-10000719,"DAX Cubicle Frames, 8-1/2 x 11",Furniture,Furnishings,12,191.84,37.0224,0,2,1.4142135623730951,6.0,0.23570226039551587,1.2405304522567107,C,X
FUR-FU-10001057,Tensor Track Tree Floor Lamp,Furniture,Furnishings,15,719.866,36.9815,0,3,3.0,5.0,0.6,1.2407423147392187,C,Y
TEC-PH-10001433,Cisco Small Business SPA 502G VoIP phone,Technology,Phones,8,714.934,36.925200000000004,0,3,1.5275252316519465,2.6666666666666665,0.57282196186948,1.2409538546859247,C,Y
OFF-AR-10001725,Boston Home & Office Model 2000 Electric Pencil Sharpeners,Office Supplies,Art,6,322.9,36.894000000000005,0,3,1.0,2.0,0.5,1.241165215891653,C,X
OFF-AP-10002892,Belkin F5C206VTEL 6 Outlet Surge,Office Supplies,Appliances,8,165.45600000000002,36.768,0,3,1.1547005383792517,2.6666666666666665,0.4330127018922194,1.2413758552588192,C,X
OFF-BI-10002103,"Cardinal Slant-D Ring Binder, Heavy Gauge Vinyl",Office Supplies,Binders,20,678.3499999999999,36.498,2,6,2.1602468994692865,3.3333333333333335,0.648074069840786,1.241584947829066,C,Y
TEC-PH-10004531,OtterBox Commuter Series Case - iPhone 5 & 5s,Technology,Phones,12,533.108,36.373999999999995,0,3,3.4641016151377544,4.0,0.8660254037844386,1.2417933300185051,C,Y
FUR-FU-10000221,"Master Caster Door Stop, Brown",Furniture,Furnishings,21,195.68,36.2712,0,4,3.0,7.0,0.42857142857142855,1.2420011232793393,C,X
OFF-ST-10002352,Iris Project Case,Office Supplies,Storage,19,571.428,36.229200000000006,0,4,2.5,4.75,0.5263157894736842,1.2422086759273194,C,Y
OFF-PA-10002464,HP Office Recycled Paper (20Lb. and 87 Bright),Office Supplies,Paper,14,2100.4519999999998,36.1828,0,3,2.081665999466133,4.666666666666667,0.4460712855998856,1.2424159627553846,C,X
OFF-SU-10004884,Acme Galleria Hot Forged Steel Scissors with Colored Handles,Office Supplies,Supplies,10,302.862,36.179,0,2,2.8284271247461903,5.0,0.565685424949238,1.2426232278137153,C,Y
OFF-ST-10002406,Pizazz Global Quick File,Office Supplies,Storage,10,143.71200000000002,35.928,0,3,3.2145502536643185,3.3333333333333335,0.9643650760992954,1.2428290549237988,C,Y
OFF-EN-10003448,"Peel & Seel Recycled Catalog Envelopes, Brown",Office Supplies,Envelopes,9,218.00799999999998,35.898,0,2,3.5355339059327378,4.5,0.7856742013183862,1.2430347101675576,C,Y
OFF-FA-10000624,OIC Binder Clips,Office Supplies,Fasteners,20,283.6,35.8,0,4,2.160246899469287,5.0,0.4320493798938574,1.2432398039813235,C,X
OFF-PA-10004451,Xerox 222,Office Supplies,Paper,14,386.94399999999996,35.7696,0,5,1.3038404810405297,2.8,0.46565731465733207,1.2434447236372141,C,X
TEC-MA-10000423,Texas Instruments TI-34 Scientific Calculator,Technology,Machines,6,105.552,35.6238,0,1,,6.0,9.0,1.2436488080227681,C,Z
OFF-AP-10001366,Staple holder,Office Supplies,Appliances,12,131.76,35.575199999999995,0,2,2.8284271247461903,6.0,0.47140452079103173,1.2438526139848767,C,X
TEC-AC-10004568,Maxell LTO Ultrium - 800 GB,Technology,Accessories,13,537.2819999999999,35.5473,0,4,0.9574271077563381,3.25,0.2945929562327194,1.2440562601113037,C,X
OFF-PA-10001800,Xerox 220,Office Supplies,Paper,16,606.424,35.510400000000004,0,5,1.4142135623730951,8.0,0.1767766952966369,1.2442596948421514,C,X
OFF-LA-10002762,Avery 485,Office Supplies,Labels,6,104.18,35.3346,0,1,,6.0,9.0,1.2444621224363384,C,Z
OFF-ST-10000649,Hanging Personal Folder File,Office Supplies,Storage,13,298.4,35.325,1,4,1.8929694486000914,3.25,0.5824521380307973,1.2446644950333017,C,Y
FUR-FU-10003724,Westinghouse Clip-On Gooseneck Lamps,Furniture,Furnishings,17,337.616,35.321400000000004,0,6,2.073644135332772,3.4,0.6098953339214035,1.2448668470063058,C,Y
OFF-AP-10000027,Hoover Commercial SteamVac,Office Supplies,Appliances,14,692.392,35.308,0,4,1.2909944487358054,3.5,0.36885555678165866,1.2450691222123518,C,X
FUR-FU-10000732,Eldon 200 Class Desk Accessories,Furniture,Furnishings,20,490.576,35.168,0,6,1.0327955589886444,3.3333333333333335,0.3098386676965933,1.2452705953755507,C,X
TEC-AC-10004803,Sony Micro Vault Click 4 GB USB 2.0 Flash Drive,Technology,Accessories,18,345.91999999999996,35.1288,0,3,5.291502622129181,6.0,0.8819171036881969,1.2454718439667525,C,Y
OFF-EN-10003286,Staple envelope,Office Supplies,Envelopes,9,173.52,35.0244,0,2,3.5355339059327378,4.5,0.7856742013183862,1.2456724944631454,C,Y
OFF-PA-10004621,Xerox 212,Office Supplies,Paper,15,308.536,34.992,0,5,1.2583057392117916,3.75,0.33554819712314443,1.245872959343908,C,X
OFF-BI-10003476,Avery Metallic Poly Binders,Office Supplies,Binders,25,710.443,34.953,0,4,1.5275252316519468,8.333333333333334,0.1833030277982336,1.2460732007984487,C,X
OFF-AR-10002656,Sanford Liquid Accent Highlighters,Office Supplies,Art,14,188.52,34.6024,0,2,2.8284271247461903,7.0,0.4040610178208843,1.2462714337085452,C,X
OFF-ST-10000991,Space Solutions HD Industrial Steel Shelving.,Office Supplies,Storage,10,1184.7,34.491,0,3,0.5773502691896258,3.3333333333333335,0.17320508075688776,1.2464690284216906,C,X
OFF-BI-10003638,GBC Durable Plastic Covers,Office Supplies,Binders,18,551.525,34.443,1,4,2.3804761428476167,4.5,0.5289946984105814,1.2466663481487168,C,Y
OFF-BI-10004826,JM Magazine Binder,Office Supplies,Binders,16,278.704,34.3408,0,5,2.449489742783178,4.0,0.6123724356957945,1.2468630823844649,C,Y
FUR-FU-10002088,Nu-Dell Float Frame 11 x 14 1/2,Furniture,Furnishings,11,91.596,34.3036,0,4,2.8867513459481287,3.6666666666666665,0.7872958216222169,1.2470596035059704,C,Y
OFF-LA-10003720,Avery 487,Office Supplies,Labels,24,191.18,34.2432,1,6,6.164414002968976,6.0,1.0274023338281626,1.2472557786032763,C,Z
OFF-SU-10000946,Staple remover,Office Supplies,Supplies,21,660.216,34.2342,2,4,2.753785273643051,5.25,0.5245305283129621,1.247451902140685,C,Y
FUR-FU-10000246,Aluminum Document Frame,Furniture,Furnishings,16,275.08000000000004,34.215999999999994,0,4,2.516611478423583,5.333333333333333,0.47186465220442186,1.2476479214125233,C,X
TEC-PH-10002033,Konftel 250 Conference phone - Charcoal black,Technology,Phones,2,485.712,34.1784,0,1,,2.0,9.0,1.2478437252785686,C,Z
OFF-AR-10004062,Staples in misc. colors,Office Supplies,Art,13,270.24,34.06,0,2,4.949747468305833,6.5,0.7614996105085896,1.2480388508455202,C,Y
OFF-AP-10002765,Fellowes Advanced Computer Series Surge Protectors,Office Supplies,Appliances,6,189.344,33.9072,0,3,1.0,2.0,0.5,1.2482331010399927,C,X
FUR-BO-10000330,"Sauder Camden County Barrister Bookcase, Planked Cherry Finish",Furniture,Bookcases,2,276.96,33.8744,0,1,,2.0,9.0,1.2484271633272843,C,Z
OFF-PA-10004971,Xerox 196,Office Supplies,Paper,16,287.92,33.7552,0,7,1.1126972805283735,2.2857142857142856,0.48680506023116343,1.2486205427323802,C,X
OFF-PA-10000520,Xerox 201,Office Supplies,Paper,15,353.24,33.696,0,4,2.872281323269014,3.75,0.7659416862050704,1.2488135829879292,C,Y
OFF-PA-10004041,"It's Hot Message Books with Stickers, 2 3/4"" x 5""",Office Supplies,Paper,15,462.72,33.67,1,4,0.49999999999999994,3.75,0.13333333333333333,1.249006474292664,C,X
TEC-MA-10001016,Canon PC170 Desktop Personal Copier,Technology,Machines,3,287.91,33.5895,0,1,,3.0,9.0,1.2491989044227616,C,Z
OFF-BI-10001294,Fellowes Binding Cases,Office Supplies,Binders,21,327.48,33.345,1,3,5.196152422706632,7.0,0.7423074889580903,1.2493899338423153,C,Y
OFF-ST-10001291,"Tenex Personal Self-Stacking Standard File Box, Black/Gray",Office Supplies,Storage,11,298.1,33.3127,0,3,2.3094010767585034,3.6666666666666665,0.6298366572977737,1.2495807782191266,C,Y
OFF-ST-10001128,"Carina Mini System Audio Rack, Model AR050B",Office Supplies,Storage,10,1171.8,33.294000000000004,0,3,0.5773502691896257,3.3333333333333335,0.1732050807568877,1.2497715154659288,C,X
OFF-AR-10002399,"Dixon Prang Watercolor Pencils, 10-Color Set with Brush",Office Supplies,Art,19,173.94,33.1854,0,4,6.8068592855540455,6.333333333333333,1.0747672556137966,1.2499616305566368,C,Z
TEC-PH-10004100,Griffin GC17055 Auxiliary Audio Cable,Technology,Phones,23,577.0160000000001,33.1016,0,4,1.707825127659933,5.75,0.29701306567998836,1.250151265567412,C,X
OFF-EN-10001028,Staple envelope,Office Supplies,Envelopes,6,181.88,33.0648,0,1,,6.0,9.0,1.250340689755496,C,Z
FUR-FU-10000073,Deflect-O Glasstique Clear Desk Accessories,Furniture,Furnishings,13,100.1,33.033,0,2,,13.0,9.0,1.2505299317652763,C,Z
OFF-LA-10001613,Avery File Folder Labels,Office Supplies,Labels,29,617.456,32.8608,0,7,2.3166067138525404,4.833333333333333,0.4792979407970773,1.2507181872623545,C,X
OFF-LA-10002195,Avery 481,Office Supplies,Labels,23,239.608,32.7712,0,4,3.304037933599835,5.75,0.5746152927999713,1.2509059294520104,C,Y
FUR-FU-10004748,"Howard Miller 16"" Diameter Gallery Wall Clock",Furniture,Furnishings,9,383.64,32.609399999999994,0,3,2.0,3.0,0.6666666666666666,1.2510927447092903,C,Y
OFF-BI-10000829,Avery Non-Stick Binders,Office Supplies,Binders,21,374.514,32.5974,0,4,2.8722813232690143,5.25,0.5471012044321932,1.2512794912200405,C,Y
FUR-FU-10001706,Longer-Life Soft White Bulbs,Furniture,Furnishings,22,243.76,32.5248,1,3,5.8594652770823155,7.333333333333333,0.7990179923294067,1.2514658218142856,C,Y
OFF-PA-10000300,Xerox 1936,Office Supplies,Paper,6,299.904,32.3676,0,2,0.0,3.0,0.0,1.2516512518289908,C,X
OFF-LA-10001641,Avery 518,Office Supplies,Labels,23,298.93,32.256,1,4,3.095695936834452,5.75,0.5383819020581655,1.2518360425009694,C,Y
OFF-BI-10003460,Acco 3-Hole Punch,Office Supplies,Binders,22,543.344,32.2368,0,6,1.3662601021279466,3.6666666666666665,0.37261639148944,1.2520207231785005,C,X
OFF-SU-10004782,"Elite 5"" Scissors",Office Supplies,Supplies,22,252.24,32.11,0,6,1.9663841605003503,3.6666666666666665,0.5362865892273683,1.2522046774343671,C,Y
OFF-PA-10003001,Xerox 1986,Office Supplies,Paper,10,66.8,32.064,0,2,,10.0,9.0,1.2523883681618697,C,Z
TEC-AC-10003447,Micropad Numeric Keypads,Technology,Accessories,8,151.924,31.984,0,3,,8.0,9.0,1.2525716005791738,C,Z
OFF-LA-10000305,Avery 495,Office Supplies,Labels,11,168.3,31.878,0,2,3.5355339059327378,5.5,0.6428243465332251,1.2527542257354651,C,Y
OFF-PA-10000807,"TOPS ""Important Message"" Pads, Canary, 4-1/4 x 5-1/2, 50 Sheets per Pad",Office Supplies,Paper,17,174.192,31.629199999999997,1,3,3.055050463303893,5.666666666666667,0.5391265523477458,1.2529354255470397,C,Y
FUR-FU-10000175,DAX Wood Document Frame.,Furniture,Furnishings,10,261.31600000000003,31.579,0,2,1.4142135623730951,5.0,0.282842712474619,1.2531163377689647,C,X
OFF-PA-10001001,"Snap-A-Way Black Print Carbonless Speed Message, No Reply Area, Duplicate",Office Supplies,Paper,4,93.248,31.4712,0,1,,4.0,9.0,1.2532966324178973,C,Z
OFF-ST-10003996,"Letter/Legal File Tote with Clear Snap-On Lid, Black Granite",Office Supplies,Storage,9,360.116,31.156399999999998,0,3,2.1213203435596424,4.5,0.4714045207910316,1.2534751236161996,C,X
OFF-LA-10000121,Avery 48,Office Supplies,Labels,12,232.82,30.996000000000002,0,2,4.242640687119285,6.0,0.7071067811865475,1.253652695902554,C,Y
OFF-PA-10003591,Southworth 100% Cotton The Best Paper,Office Supplies,Paper,9,82.656,30.996,0,1,,9.0,9.0,1.2538302681889086,C,Z
FUR-FU-10004845,"Deflect-o EconoMat Nonstudded, No Bevel Mat",Furniture,Furnishings,5,269.59,30.99,0,2,0.7071067811865476,2.5,0.282842712474619,1.2540078061019981,C,X
TEC-AC-10003499,Memorex Mini Travel Drive 8 GB USB 2.0 Flash Drive,Technology,Accessories,14,396.696,30.8028,0,3,3.055050463303893,4.666666666666667,0.6546536707079771,1.2541842715692235,C,Y
TEC-AC-10004708,Sony 32GB Class 10 Micro SDHC R40 Memory Card,Technology,Accessories,7,307.65,30.796499999999998,0,2,2.1213203435596424,3.5,0.6060915267313264,1.2543607009445208,C,Y
OFF-PA-10001804,Xerox 195,Office Supplies,Paper,10,270.464,30.727999999999998,0,3,2.516611478423583,3.3333333333333335,0.7549834435270749,1.254536737891711,C,Y
OFF-AP-10004036,Bionaire 99.97% HEPA Air Cleaner,Office Supplies,Appliances,5,182.6,30.66,0,2,0.7071067811865476,2.5,0.282842712474619,1.2547123852752322,C,X
TEC-PH-10003357,Grandstream GXP2100 Mainstream Business Phone,Technology,Phones,5,305.96,30.596,0,2,,5.0,9.0,1.2548876660105948,C,Z
FUR-FU-10003095,"Linden 12"" Wall Clock With Oak Frame",Furniture,Furnishings,3,101.94,30.582,0,1,,3.0,9.0,1.2550628665416728,C,Z
TEC-AC-10003614,"Verbatim 25 GB 6x Blu-ray Single Layer Recordable Disc, 10/Pack",Technology,Accessories,11,550.9,30.4817,0,4,0.9574271077563381,2.75,0.34815531191139565,1.2552374924663394,C,X
OFF-ST-10001321,"Decoflex Hanging Personal Folder File, Blue",Office Supplies,Storage,11,248.20000000000002,30.3774,1,2,0.7071067811865476,5.5,0.128564869306645,1.255411520869085,C,X
OFF-EN-10004773,Staple envelope,Office Supplies,Envelopes,2,61.96,30.3604,0,1,,2.0,9.0,1.2555854518809135,C,Z
OFF-PA-10000232,Xerox 1975,Office Supplies,Paper,12,539.9839999999999,30.3264,1,5,0.5477225575051661,2.4,0.2282177322938192,1.2557591881109078,C,X
OFF-LA-10003766,Self-Adhesive Removable Labels,Office Supplies,Labels,20,363.0,30.240000000000002,0,5,4.725815626252609,6.666666666666667,0.7088723439378913,1.2559324293658876,C,Y
OFF-AR-10003514,4009 Highlighters by Sanford,Office Supplies,Art,26,338.5,30.168400000000002,1,5,2.8635642126552705,5.2,0.5506854255106289,1.2561052604332401,C,Y
OFF-LA-10004559,Avery 49,Office Supplies,Labels,23,676.9359999999999,30.1536,0,5,1.51657508881031,4.6,0.3296902366978935,1.2562780067132058,C,X
OFF-BI-10003305,Avery Hanging File Binders,Office Supplies,Binders,14,75.348,30.139200000000002,0,4,2.516611478423583,3.5,0.7190318509781666,1.2564506704973357,C,Y
OFF-BI-10001922,Storex Dura Pro Binders,Office Supplies,Binders,21,411.228,30.1158,0,3,6.0,7.0,0.8571428571428571,1.2566232002257327,C,Y
TEC-AC-10000865,WD My Passport Ultra 500GB Portable External Hard Drive,Technology,Accessories,3,177.0,30.09,0,1,,3.0,9.0,1.2567955821490908,C,Z
OFF-AR-10003179,Dixon Ticonderoga Core-Lock Colored Pencils,Office Supplies,Art,10,304.1,30.063000000000002,0,2,1.4142135623730951,5.0,0.282842712474619,1.2569678093927568,C,X
FUR-FU-10002918,Eldon ClusterMat Chair Mat with Cordless Antistatic Protection,Furniture,Furnishings,3,272.94,30.0234,0,1,,3.0,9.0,1.2571398097728748,C,Z
TEC-AC-10000927,Anker Ultrathin Bluetooth Wireless Keyboard Aluminum Cover with Stand,Technology,Accessories,16,535.846,29.990000000000002,0,3,2.5166114784235836,5.333333333333333,0.4718646522044219,1.2573116188084847,C,X
TEC-PH-10004896,Nokia Lumia 521 (T-Mobile),Technology,Phones,10,376.918,29.99,0,3,2.8284271247461903,5.0,0.565685424949238,1.2574834278440947,C,Y
TEC-PH-10000149,Cisco SPA525G2 IP Phone - Wireless,Technology,Phones,15,369.37,29.925,0,3,2.1213203435596424,7.5,0.282842712474619,1.2576548645026686,C,X
OFF-PA-10000312,Xerox 1955,Office Supplies,Paper,5,125.36,29.692,1,1,,5.0,9.0,1.2578249663327898,C,Z
OFF-LA-10002945,"Permanent Self-Adhesive File Folder Labels for Typewriters, 1 1/8 x 3 1/2, White",Office Supplies,Labels,15,80.64,29.61,0,3,3.605551275463989,5.0,0.7211102550927978,1.2579945983949576,C,Y
OFF-PA-10003072,"Eureka Recycled Copy Paper 8 1/2"" x 11"", Ream",Office Supplies,Paper,12,147.984,29.548800000000004,0,3,1.7320508075688772,4.0,0.4330127018922193,1.2581638798498238,C,X
TEC-PH-10000675,Panasonic KX TS3282B Corded phone,Technology,Phones,6,1640.5520000000001,29.5164,0,2,0.0,3.0,0.0,1.2583329756890596,C,X
OFF-LA-10000248,Avery 52,Office Supplies,Labels,17,269.73,29.4831,0,5,1.1401754250991378,3.4,0.33534571326445234,1.2585018807566752,C,X
FUR-FU-10003142,"Master Big Foot Doorstop, Beige",Furniture,Furnishings,18,314.04,29.4624,0,4,3.4641016151377544,6.0,0.5773502691896257,1.258670667236527,C,Y
OFF-LA-10003537,Avery 515,Office Supplies,Labels,5,151.65,29.445500000000003,0,2,0.7071067811865476,2.5,0.282842712474619,1.2588393568983496,C,X
OFF-BI-10000069,"GBC Prepunched Paper, 19-Hole, for Binding Systems, 24-lb",Office Supplies,Binders,21,455.63300000000004,29.419600000000003,1,5,2.3874672772626644,4.2,0.5684445898244439,1.2590078981822455,C,Y
OFF-PA-10000477,Xerox 22,Office Supplies,Paper,14,283.656,29.4024,0,4,2.3804761428476167,3.5,0.6801360408136048,1.2591763409294485,C,Y
FUR-FU-10000010,"DAX Value U-Channel Document Frames, Easel Back",Furniture,Furnishings,21,400.388,29.3727,0,6,2.588435821108957,3.5,0.7395530917454163,1.2593446135289905,C,Y
OFF-AR-10003478,"Avery Hi-Liter EverBold Pen Style Fluorescent Highlighters, 4/Pack",Office Supplies,Art,9,247.26,29.304000000000002,0,2,3.5355339059327378,4.5,0.7856742013183862,1.2595124925546497,C,Y
FUR-FU-10004973,Flat Face Poster Frame,Furniture,Furnishings,37,854.32,29.013599999999997,1,9,2.3687784005919825,4.111111111111111,0.5761893406845363,1.2596787079142888,C,Y
OFF-PA-10003465,Xerox 1912,Office Supplies,Paper,4,171.292,28.834400000000002,0,2,0.0,2.0,0.0,1.2598438966590835,C,X
OFF-PA-10004355,Xerox 231,Office Supplies,Paper,13,358.576,28.7712,0,4,3.5118845842842465,4.333333333333333,0.8104349040655954,1.2600087233388215,C,Y
OFF-PA-10001166,Xerox 2,Office Supplies,Paper,13,425.57599999999996,28.7712,0,4,4.163331998932265,4.333333333333333,0.9607689228305228,1.2601735500185596,C,Y
OFF-BI-10000088,GBC Imprintable Covers,Office Supplies,Binders,18,391.564,28.7676,0,4,1.7320508075688772,6.0,0.28867513459481287,1.2603383560743386,C,X
OFF-LA-10004689,Avery 512,Office Supplies,Labels,27,255.938,28.5821,0,4,1.0,9.0,0.1111111111111111,1.2605020994233453,C,X
OFF-PA-10000673,"Post-it “Important Message” Note Pad, Neon Colors, 50 Sheets/Pad",Office Supplies,Paper,9,239.608,28.537599999999998,0,2,3.5355339059327378,4.5,0.7856742013183862,1.2606655878373043,C,Y
OFF-BI-10004970,"ACCOHIDE 3-Ring Binder, Blue, 1""",Office Supplies,Binders,30,378.164,28.497,0,7,1.4142135623730951,6.0,0.23570226039551587,1.2608288436588375,C,X
FUR-FU-10000087,"Executive Impressions 14"" Two-Color Numerals Wall Clock",Furniture,Furnishings,5,481.424,28.400000000000002,0,2,2.1213203435596424,2.5,0.8485281374238569,1.2609915437792552,C,Y
OFF-EN-10002986,"#10-4 1/8"" x 9 1/2"" Premium Diagonal Seam Envelopes",Office Supplies,Envelopes,4,109.96,28.332,0,1,,4.0,9.0,1.2611538543360041,C,Z
OFF-PA-10003845,Xerox 1987,Office Supplies,Paper,10,263.8,28.322,1,3,3.214550253664318,3.3333333333333335,0.9643650760992953,1.2613161076039783,C,Y
OFF-PA-10003893,Xerox 1962,Office Supplies,Paper,20,335.328,28.248,1,5,2.9154759474226504,4.0,0.7288689868556626,1.261477936935019,C,Y
TEC-PH-10001536,Spigen Samsung Galaxy S5 Case Wallet,Technology,Phones,11,360.50199999999995,28.203400000000002,0,3,1.5275252316519465,3.6666666666666665,0.4165977904505309,1.2616395107581244,C,X
TEC-PH-10003875,KLD Oscar II Style Snap-on Ultra Thin Side Flip Synthetic Leather Cover Case for HTC One HTC M7,Technology,Phones,10,193.2,28.188000000000002,0,2,2.8284271247461903,5.0,0.565685424949238,1.2618009963565164,C,Y
OFF-PA-10003256,Avery Personal Creations Heavyweight Cards,Office Supplies,Paper,8,188.164,28.157600000000002,0,2,4.242640687119285,4.0,1.0606601717798212,1.261962307797033,C,Z
OFF-ST-10000918,Crate-A-Files,Office Supplies,Storage,13,812.98,28.122,1,5,1.6733200530681511,2.6,0.6435846357954427,1.2621234152895113,C,Y
OFF-PA-10001293,Xerox 1946,Office Supplies,Paper,9,164.32,27.9936,0,2,3.5355339059327378,4.5,0.7856742013183862,1.2622837871941213,C,Y
OFF-LA-10004484,Avery 476,Office Supplies,Labels,19,311.21000000000004,27.836199999999998,0,5,1.7888543819998317,3.8,0.4707511531578505,1.2624432573734161,C,X
FUR-FU-10003798,"Ultra Door Kickplate, 8""H x 34""W",Furniture,Furnishings,10,261.24,27.692,0,2,0.0,5.0,0.0,1.2626019014485783,C,X
OFF-BI-10003719,Large Capacity Hanging Post Binders,Office Supplies,Binders,10,203.175,27.444999999999997,0,2,0.0,5.0,0.0,1.262759130491003,C,X
FUR-FU-10004093,Hand-Finished Solid Wood Document Frame,Furniture,Furnishings,4,635.228,27.384,1,2,,4.0,9.0,1.2629160100719015,C,Z
OFF-SU-10000952,Fiskars Home & Office Scissors,Office Supplies,Supplies,11,97.68,27.3504,0,3,0.7071067811865476,5.5,0.128564869306645,1.2630726971625168,C,X
OFF-AR-10003752,Deluxe Chalkboard Eraser Cleaner,Office Supplies,Art,6,130.68,27.258,0,2,1.4142135623730951,3.0,0.47140452079103173,1.263228854904853,C,X
OFF-FA-10003112,Staples,Office Supplies,Fasteners,13,305.634,27.2205,0,4,1.707825127659933,3.25,0.5254846546645948,1.2633847978142834,C,Y
FUR-BO-10001619,O'Sullivan Cherrywood Estates Traditional Bookcase,Furniture,Bookcases,6,446.90000000000003,27.193599999999996,0,2,2.8284271247461903,3.0,0.9428090415820635,1.2635405866169098,C,Y
TEC-PH-10001051,HTC One,Technology,Phones,3,249.976,26.9973,1,1,,3.0,9.0,1.263695250840887,C,Z
OFF-AR-10002067,Newell 334,Office Supplies,Art,6,165.072,26.982400000000002,0,2,2.8284271247461903,3.0,0.9428090415820635,1.2638498297045897,C,Y
FUR-FU-10004666,DAX Clear Channel Poster Frame,Furniture,Furnishings,5,108.9,26.973,1,1,,5.0,9.0,1.2640043547168442,C,Z
OFF-BI-10003963,Cardinal Holdit Data Disk Pockets,Office Supplies,Binders,10,65.52,26.936,0,2,0.0,5.0,0.0,1.2641586677606318,C,X
TEC-PH-10002350,Apple EarPods with Remote and Mic,Technology,Phones,7,261.93999999999994,26.8704,0,3,0.5773502691896258,2.3333333333333335,0.24743582965269678,1.264312604990057,C,X
OFF-AP-10001303,"Holmes Cool Mist Humidifier for the Whole House with 8-Gallon Output per Day, Extended Life Filter",Office Supplies,Appliances,3,59.7,26.865,0,1,,3.0,9.0,1.2644665112835436,C,Z
OFF-LA-10001569,Avery 499,Office Supplies,Labels,16,339.72,26.6928,0,6,1.9235384061671346,3.2,0.6011057519272295,1.2646194310643282,C,Y
OFF-LA-10002312,Avery 490,Office Supplies,Labels,4,164.24,26.64,0,2,1.4142135623730951,2.0,0.7071067811865476,1.264772048360382,C,Y
OFF-AR-10001446,Newell 309,Office Supplies,Art,13,409.66999999999996,26.564999999999998,0,4,1.2583057392117916,3.25,0.38717099668055127,1.2649242359906248,C,X
OFF-BI-10001036,Cardinal EasyOpen D-Ring Binders,Office Supplies,Binders,29,452.036,26.506,0,5,5.019960159204453,5.8,0.86551037227663,1.2650760856170964,C,Y
OFF-LA-10003223,Avery 508,Office Supplies,Labels,11,153.01,26.4649,0,3,2.0816659994661326,3.6666666666666665,0.5677270907634907,1.2652276997867034,C,Y
OFF-PA-10001801,Xerox 193,Office Supplies,Paper,9,53.82000000000001,26.3718,0,2,2.1213203435596424,4.5,0.4714045207910316,1.2653787805978172,C,X
OFF-SU-10002503,Acme Preferred Stainless Steel Scissors,Office Supplies,Supplies,16,297.88,26.355200000000004,1,4,1.4142135623730951,4.0,0.3535533905932738,1.2655297663095646,C,X
FUR-FU-10003878,"Linden 10"" Round Wall Clock, Black",Furniture,Furnishings,18,645.808,26.281599999999997,1,5,1.1401754250991378,3.6,0.3167153958608716,1.2656803303759296,C,X
OFF-SU-10004231,Acme Tagit Stainless Steel Antibacterial Scissors,Office Supplies,Supplies,15,426.64,26.235,0,4,0.9574271077563381,3.75,0.25531389540169014,1.2658306274766042,C,X
FUR-FU-10000260,"6"" Cubicle Wall Clock, Black",Furniture,Furnishings,19,1023.586,26.211599999999997,0,4,4.932882862316247,6.333333333333333,0.7788762414183549,1.2659807905215459,C,Y
OFF-EN-10001099,Staple envelope,Office Supplies,Envelopes,8,68.46000000000001,26.2104,0,3,0.5773502691896257,2.6666666666666665,0.21650635094610965,1.2661309466918345,C,X
OFF-PA-10000743,Xerox 1977,Office Supplies,Paper,9,413.448,26.1856,1,4,0.5,2.25,0.2222222222222222,1.2662809607859615,C,X
OFF-AP-10002082,Holmes HEPA Air Purifier,Office Supplies,Appliances,12,339.02000000000004,26.136,0,5,0.5477225575051661,2.4,0.2282177322938192,1.2664306907277656,C,X
OFF-BI-10001628,"Acco Data Flex Cable Posts For Top & Bottom Load Binders, 6"" Capacity",Office Supplies,Binders,26,710.2239999999999,26.075,0,6,2.3874672772626644,5.2,0.4591283225505124,1.2665800712080435,C,X
TEC-PH-10002185,QVS USB Car Charger 2-Port 2.1Amp for iPod/iPhone/iPad/iPad 2/iPad 3,Technology,Phones,11,494.11,26.0625,1,4,3.0550504633038935,3.6666666666666665,0.8331955809010619,1.266729380077353,C,Y
OFF-AR-10001419,Newell 325,Office Supplies,Art,31,643.64,26.019,1,5,2.280350850198276,6.2,0.3677985242255284,1.266878439740492,C,X
OFF-BI-10002982,Avery Self-Adhesive Photo Pockets for Polaroid Photos,Office Supplies,Binders,19,331.297,26.014200000000002,0,5,2.6299556396765835,4.75,0.5536748715108597,1.267027471905019,C,Y
OFF-AR-10001683,Lumber Crayons,Office Supplies,Art,8,218.86,26.003999999999998,0,2,2.8284271247461903,4.0,0.7071067811865476,1.2671764456349959,C,Y
OFF-PA-10004609,Xerox 221,Office Supplies,Paper,10,260.616,25.92,1,3,2.0816659994661326,3.3333333333333335,0.6244997998398397,1.2673249381392644,C,Y
FUR-CH-10002317,Global Enterprise Series Seating Low-Back Swivel/Tilt Chairs,Furniture,Chairs,1,257.184,25.898,0,1,,1.0,9.0,1.2674733046082283,C,Z
OFF-PA-10000551,Array Memo Cubes,Office Supplies,Paper,11,173.90800000000002,25.8482,0,3,2.0816659994661326,3.6666666666666665,0.5677270907634907,1.267621385779094,C,Y
OFF-EN-10002973,Ampad #10 Peel & Seel Holiday Envelopes,Office Supplies,Envelopes,12,157.76,25.8048,1,3,2.0,4.0,0.5,1.2677692183166769,C,X
OFF-PA-10004734,Southworth Structures Collection,Office Supplies,Paper,7,50.96,25.48,0,1,,7.0,9.0,1.2679151901148544,C,Z
FUR-CH-10002780,Office Star - Task Chair with Contemporary Loop Arms,Furniture,Chairs,2,194.764,25.4744,0,1,,2.0,9.0,1.268061129831318,C,Z
OFF-PA-10000289,Xerox 213,Office Supplies,Paper,9,869.728,25.4016,0,3,1.7320508075688772,3.0,0.5773502691896257,1.2682066524855014,C,Y
TEC-PH-10001615,AT&T CL82213,Technology,Phones,3,136.97,25.2213,0,1,,3.0,9.0,1.268351142223075,C,Z
OFF-BI-10002215,"Wilson Jones Hanging View Binder, White, 1""",Office Supplies,Binders,12,144.0,24.992,0,4,0.816496580927726,3.0,0.2721655269759087,1.2684943183290425,C,X
OFF-AR-10004441,BIC Brite Liner Highlighters,Office Supplies,Art,18,1540.896,24.6744,0,5,2.3804761428476167,4.5,0.5289946984105814,1.2686356749435226,C,Y
OFF-PA-10004610,Xerox 1900,Office Supplies,Paper,15,168.92000000000002,24.61,1,4,2.8722813232690143,3.75,0.7659416862050705,1.2687766626182928,C,Y
OFF-AR-10003338,"Eberhard Faber 3 1/2"" Golf Pencils",Office Supplies,Art,18,572.992,24.552,0,6,1.6733200530681511,3.0,0.5577733510227171,1.2689173180181694,C,Y
OFF-PA-10002137,"Southworth 100% Résumé Paper, 24lb.",Office Supplies,Paper,7,1166.46,24.506999999999998,0,3,2.3094010767585034,2.3333333333333335,0.9897433186107871,1.2690577156185594,C,Y
FUR-FU-10002813,"DAX Contemporary Wood Frame with Silver Metal Mat, Desktop, 11 x 14 Size",Furniture,Furnishings,5,89.056,24.288,0,2,0.7071067811865476,2.5,0.282842712474619,1.2691968585947815,C,X
FUR-CH-10004754,"Global Stack Chair with Arms, Black",Furniture,Chairs,13,308.794,24.2838,0,4,2.309401076758503,4.333333333333333,0.532938710021193,1.2693359775097182,C,Y
OFF-BI-10003708,"Acco Four Pocket Poly Ring Binder with Label Holder, Smoke, 1""",Office Supplies,Binders,13,527.48,24.2125,0,3,1.1547005383792515,4.333333333333333,0.2664693550105965,1.2694746879556904,C,X
OFF-PA-10002606,Xerox 1928,Office Supplies,Paper,11,169.968,24.024,0,2,4.949747468305833,5.5,0.899954085146515,1.2696123185082577,C,Y
TEC-PH-10003931,JBL Micro Wireless Portable Bluetooth Speaker,Technology,Phones,8,448.936,23.996,0,3,0.5773502691896257,2.6666666666666665,0.21650635094610965,1.269749788652256,C,X
OFF-SU-10002537,Acme Box Cutter Scissors,Office Supplies,Supplies,9,219.07,23.938200000000002,0,2,2.1213203435596424,4.5,0.4714045207910316,1.2698869276671356,C,X
OFF-AR-10004999,Newell 315,Office Supplies,Art,16,95.68,23.92,0,3,2.886751345948129,5.333333333333333,0.5412658773652742,1.270023962416445,C,Y
OFF-EN-10004955,Fashion Color Clasp Envelopes,Office Supplies,Envelopes,9,130.69,23.8581,0,1,,9.0,9.0,1.2701606425482388,C,Z
OFF-BI-10003712,"Acco Pressboard Covers with Storage Hooks, 14 7/8"" x 11"", Light Blue",Office Supplies,Binders,35,409.457,23.8135,0,7,2.6457513110645907,5.0,0.5291502622129182,1.2702970671720968,C,Y
OFF-EN-10001532,Brown Kraft Recycled Envelopes,Office Supplies,Envelopes,4,164.732,23.772,0,2,1.4142135623730951,2.0,0.7071067811865476,1.2704332540475394,C,Y
OFF-ST-10002562,Staple magnet,Office Supplies,Storage,19,241.95600000000002,23.6376,0,4,3.095695936834452,4.75,0.6517254603862004,1.2705686709618484,C,Y
OFF-LA-10000407,Avery White Multi-Purpose Labels,Office Supplies,Labels,12,55.775999999999996,23.5056,0,3,1.0,4.0,0.25,1.2707033316643306,C,X
OFF-PA-10000501,Petty Cash Envelope,Office Supplies,Paper,3,64.704,23.4552,0,1,,3.0,9.0,1.2708377036313876,C,Z
OFF-LA-10004345,Avery 493,Office Supplies,Labels,13,130.974,23.4207,0,4,0.9574271077563381,3.25,0.2945929562327194,1.2709718779521717,C,X
FUR-FU-10000755,Eldon Expressions Mahogany Wood Desk Collection,Furniture,Furnishings,15,93.6,23.4,0,2,4.949747468305833,7.5,0.6599663291074443,1.2711059336851918,C,Y
OFF-FA-10002780,Staples,Office Supplies,Fasteners,24,319.98400000000004,23.3632,1,4,1.0,8.0,0.125,1.2712397785955207,C,X
OFF-FA-10000992,"Acco Clips to Go Binder Clips, 24 Clips in Two Sizes",Office Supplies,Fasteners,14,159.7,23.359,0,3,2.081665999466133,4.666666666666667,0.4460712855998856,1.2713735994445643,C,X
OFF-ST-10000129,Fellowes Recycled Storage Drawers,Office Supplies,Storage,3,343.09,23.3163,0,1,,3.0,9.0,1.2715071756705394,C,Z
TEC-PH-10002923,"Logitech B530 USB Headset - headset - Full size, Binaural",Technology,Phones,9,430.328,23.3037,1,4,0.9574271077563381,2.25,0.42552315900281695,1.2716406797126583,C,X
OFF-LA-10000134,Avery 511,Office Supplies,Labels,19,435.592,23.1616,0,5,5.5,4.75,1.1578947368421053,1.2717733696812874,C,Z
OFF-PA-10000682,Xerox 1924,Office Supplies,Paper,11,261.488,23.062199999999997,1,3,2.516611478423583,3.6666666666666665,0.6863485850246136,1.2719054901994948,C,Y
OFF-FA-10000585,OIC Bulk Pack Metal Binder Clips,Office Supplies,Fasteners,20,247.726,23.034,0,5,1.2247448713915892,4.0,0.3061862178478973,1.2720374491633577,C,X
OFF-BI-10002309,Avery Heavy-Duty EZD  Binder With Locking Rings,Office Supplies,Binders,24,92.628,22.9896,0,5,2.588435821108957,4.8,0.5392574627310327,1.2721691537650603,C,Y
OFF-PA-10004733,Things To Do Today Spiral Book,Office Supplies,Paper,10,255.35999999999999,22.968,0,2,1.4142135623730951,5.0,0.282842712474619,1.2723007346230093,C,X
OFF-LA-10000081,Avery 496,Office Supplies,Labels,14,224.25,22.95,0,4,2.3804761428476167,3.5,0.6801360408136048,1.2724322123611638,C,Y
OFF-FA-10002975,Staples,Office Supplies,Fasteners,21,444.77200000000005,22.9068,0,3,5.291502622129181,7.0,0.7559289460184545,1.272563442611811,C,Y
FUR-FU-10003096,"Master Giant Foot Doorstop, Safety Yellow",Furniture,Furnishings,7,468.13,22.8459,0,2,0.7071067811865476,3.5,0.20203050891044216,1.2726943239738198,C,X
OFF-AP-10003266,"Holmes Replacement Filter for HEPA Air Cleaner, Large Room",Office Supplies,Appliances,7,361.93600000000004,22.8074,1,2,2.1213203435596424,3.5,0.6060915267313264,1.2728249847740456,C,Y
TEC-PH-10003273,AT&T TR1909W,Technology,Phones,3,302.376,22.6782,0,1,,3.0,9.0,1.2729549054033011,C,Z
OFF-AR-10001988,Bulldog Table or Wall-Mount Pencil Sharpener,Office Supplies,Art,13,507.87,22.582299999999996,0,3,1.1547005383792517,4.333333333333333,0.26646935501059654,1.2730842766332064,C,X
TEC-AC-10001767,SanDisk Ultra 64 GB MicroSDHC Class 10 Memory Card,Technology,Accessories,16,637.852,22.394399999999997,0,4,1.1547005383792515,4.0,0.28867513459481287,1.273212571407033,C,X
OFF-AR-10002280,Staples in misc. colors,Office Supplies,Art,9,503.348,22.3215,0,2,2.1213203435596424,4.5,0.4714045207910316,1.2733404485456916,C,X
OFF-AR-10001897,Model L Table or Wall-Mount Pencil Sharpener,Office Supplies,Art,8,169.93,22.3076,0,2,1.4142135623730951,4.0,0.3535533905932738,1.2734682460529532,C,X
TEC-AC-10004761,Maxell 4.7GB DVD+RW 3/Pack,Technology,Accessories,4,63.72,22.302,0,2,0.0,2.0,0.0,1.273596011478501,C,X
OFF-AR-10004078,Newell 312,Office Supplies,Art,28,552.656,22.192,0,7,2.70801280154532,4.0,0.67700320038633,1.273723146727526,C,Y
OFF-BI-10002437,Recycled Premium Regency Composition Covers,Office Supplies,Binders,5,61.12,22.156,0,1,,5.0,9.0,1.2738500757369615,C,Z
FUR-FU-10002554,"Westinghouse Floor Lamp with Metal Mesh Shade, Black",Furniture,Furnishings,4,278.96,22.0708,1,2,1.4142135623730951,2.0,0.7071067811865476,1.273976516646036,C,Y
FUR-FU-10004712,"Westinghouse Mesh Shade Clip-On Gooseneck Lamp, Black",Furniture,Furnishings,6,185.84,22.0584,0,2,1.4142135623730951,3.0,0.47140452079103173,1.2741028865170299,C,X
TEC-AC-10000397,"Perixx PERIBOARD-512B, Ergonomic Split Keyboard",Technology,Accessories,9,364.90999999999997,22.0437,0,2,0.7071067811865476,4.5,0.15713484026367724,1.2742291721735246,C,X
OFF-PA-10000007,"Telephone Message Books with Fax/Mobile Section, 4 1/4"" x 6""",Office Supplies,Paper,15,239.12,21.96,0,3,1.0,5.0,0.2,1.2743549783229742,C,X
OFF-ST-10001558,Acco Perma 4000 Stacking Storage Drawers,Office Supplies,Storage,21,418.808,21.924,1,7,2.588435821108957,3.5,0.7395530917454163,1.2744805782328348,C,Y
FUR-CH-10002774,"Global Deluxe Stacking Chair, Gray",Furniture,Chairs,7,585.2919999999999,21.9214,1,3,0.5773502691896258,2.3333333333333335,0.24743582965269678,1.2746061632476138,C,X
OFF-PA-10003363,Xerox 204,Office Supplies,Paper,7,45.36,21.7728,0,1,,7.0,9.0,1.2747308969511992,C,Z
OFF-PA-10001246,Xerox 215,Office Supplies,Paper,7,143.36,21.7728,0,2,0.7071067811865476,3.5,0.20203050891044216,1.274855630654785,C,X
FUR-FU-10000794,"Eldon Stackable Tray, Side-Load, Legal, Smoke",Furniture,Furnishings,7,234.98000000000002,21.7532,0,3,0.5773502691896258,2.3333333333333335,0.24743582965269678,1.2749802520723719,C,X
FUR-FU-10002960,"Eldon 200 Class Desk Accessories, Burgundy",Furniture,Furnishings,13,386.08000000000004,21.7288,0,3,2.309401076758503,4.333333333333333,0.532938710021193,1.2751047337053485,C,Y
OFF-AP-10002191,Belkin 8 Outlet SurgeMaster II Gold Surge Protector,Office Supplies,Appliances,7,469.892,21.592800000000004,0,3,0.5773502691896258,2.3333333333333335,0.24743582965269678,1.2752284362109878,C,X
OFF-AR-10000034,"BIC Brite Liner Grip Highlighters, Assorted, 5/Pack",Office Supplies,Art,15,146.208,21.412,0,3,2.6457513110645907,5.0,0.5291502622129182,1.2753511029355789,C,Y
OFF-FA-10000936,Acco Hot Clips Clips to Go,Office Supplies,Fasteners,18,244.95600000000002,21.384999999999998,0,5,3.872983346207417,4.5,0.8606629658238705,1.275473614980478,C,Y
OFF-AR-10001468,"Sanford Prismacolor Professional Thick Lead Art Pencils, 36-Color Set",Office Supplies,Art,3,121.856,21.3408,0,1,,3.0,9.0,1.2755958738089923,C,Z
OFF-SU-10004664,Acme Softgrip Scissors,Office Supplies,Supplies,18,222.356,21.3268,0,3,1.0,6.0,0.16666666666666666,1.2757180524332221,C,X
OFF-AR-10003504,Newell 347,Office Supplies,Art,19,429.752,21.0148,0,4,4.163331998932265,6.333333333333333,0.6573682103577261,1.2758384436476782,C,Y
TEC-AC-10002167,Imation 8gb Micro Traveldrive Usb 2.0 Flash Drive,Technology,Accessories,20,651.0,21.0,0,6,2.449489742783178,5.0,0.4898979485566356,1.2759587500747476,C,X
OFF-PA-10000552,Xerox 200,Office Supplies,Paper,8,139.952,20.9952,0,3,0.5773502691896258,2.6666666666666665,0.2165063509461097,1.2760790290032051,C,X
OFF-AR-10004042,"BOSTON Model 1800 Electric Pencil Sharpeners, Putty/Woodgrain",Office Supplies,Art,4,103.92,20.8568,0,1,,4.0,9.0,1.2761985150550197,C,Z
OFF-ST-10004950,"Tenex Personal Filing Tote With Secure Closure Lid, Black/Frost",Office Supplies,Storage,25,754.284,20.665,0,6,3.2015621187164243,6.25,0.5122499389946279,1.2763169023081333,C,Y
OFF-LA-10003077,Avery 500,Office Supplies,Labels,6,151.86,20.6142,1,1,,6.0,9.0,1.2764349985342713,C,Z
TEC-PH-10000576,AT&T 1080 Corded phone,Technology,Phones,5,1330.562,20.548499999999997,0,3,0.7071067811865476,2.5,0.282842712474619,1.2765527183731586,C,X
OFF-AR-10003602,"Quartet Omega Colored Chalk, 12/Pack",Office Supplies,Art,10,573.392,20.44,1,5,0.7071067811865476,2.0,0.3535533905932738,1.2766698166288397,C,X
OFF-PA-10000697,"TOPS Voice Message Log Book, Flash Format",Office Supplies,Paper,12,143.50400000000002,20.372799999999998,0,3,0.0,4.0,0.0,1.276786529903954,C,X
OFF-AR-10001761,Avery Hi-Liter Smear-Safe Highlighters,Office Supplies,Art,13,371.912,20.3232,0,4,0.5773502691896257,4.333333333333333,0.13323467750529824,1.2769029590267453,C,X
OFF-PA-10000809,Xerox 206,Office Supplies,Paper,9,136.544,20.2176,0,4,0.9574271077563381,2.25,0.42552315900281695,1.2770187831800748,C,X
OFF-ST-10004634,"Personal Folder Holder, Ebony",Office Supplies,Storage,6,201.26000000000002,20.178,0,4,1.0,1.5,0.6666666666666666,1.2771343804698563,C,Y
OFF-EN-10002600,"Redi-Strip #10 Envelopes, 4 1/8 x 9 1/2",Office Supplies,Envelopes,18,173.79000000000002,20.178,0,2,0.0,9.0,0.0,1.2772499777596376,C,X
OFF-BI-10003007,"Premium Transparent Presentation Covers, No Pattern/Clear, 8 1/2"" x 11""",Office Supplies,Binders,22,653.872,20.165599999999984,0,5,2.3021728866442674,4.4,0.5232211106009699,1.277365504011338,C,Y
FUR-FU-10002364,"Eldon Expressions Wood Desk Accessories, Oak",Furniture,Furnishings,17,755.2239999999999,20.1474,0,7,0.5345224838248488,2.4285714285714284,0.22009749333964365,1.2774809259974684,C,X
OFF-AR-10001221,"Dixon Ticonderoga Erasable Colored Pencil Set, 12-Color",Office Supplies,Art,14,179.348,20.0928,0,2,0.0,7.0,0.0,1.2775960351868885,C,X
OFF-AR-10003696,Panasonic KP-350BK Electric Pencil Sharpener with Auto Stop,Office Supplies,Art,2,513.16,20.0564,0,2,0.0,1.0,0.0,1.2777109358451684,C,X
OFF-PA-10000726,"Black Print Carbonless Snap-Off Rapid Letter, 8 1/2"" x 7""",Office Supplies,Paper,8,148.126,20.042,0,2,4.242640687119285,4.0,1.0606601717798212,1.2778257540076123,C,Z
OFF-FA-10002988,Ideal Clamps,Office Supplies,Fasteners,26,669.6320000000001,19.9794,0,6,1.9235384061671346,5.2,0.3699112319552182,1.2779402135423261,C,X
OFF-PA-10003971,Xerox 1965,Office Supplies,Paper,8,44.252,19.8536,0,3,1.4142135623730951,4.0,0.3535533905932738,1.2780539523842531,C,X
OFF-FA-10002983,Advantus SlideClip Paper Clips,Office Supplies,Fasteners,15,46.376000000000005,19.778,0,3,2.0,5.0,0.4,1.2781672581230425,C,X
OFF-AR-10003759,"Crayola Anti Dust Chalk, 12/Pack",Office Supplies,Art,29,466.77599999999995,19.747,1,6,3.188521078284832,4.833333333333333,0.6596940161968619,1.27828038626663,C,Y
OFF-AR-10000255,Newell 328,Office Supplies,Art,13,258.92,19.7392,0,3,2.516611478423583,4.333333333333333,0.5807564950208269,1.2783934697249735,C,Y
OFF-FA-10000735,Staples,Office Supplies,Fasteners,15,169.8,19.71,0,3,1.7320508075688772,5.0,0.34641016151377546,1.2785063859000942,C,X
OFF-BI-10001097,Avery Hole Reinforcements,Office Supplies,Binders,14,778.169,19.686799999999998,0,4,2.081665999466133,4.666666666666667,0.4460712855998856,1.2786191691652575,C,X
OFF-AR-10000390,Newell Chalk Holder,Office Supplies,Art,12,349.25600000000003,19.4936,0,5,0.8944271909999159,2.4,0.37267799624996495,1.2787308456112918,C,X
OFF-PA-10000029,Xerox 224,Office Supplies,Paper,7,42.768,19.180799999999998,0,3,1.5275252316519465,2.3333333333333335,0.6546536707079771,1.2788407300644506,C,Y
OFF-PA-10000246,Riverleaf Stik-Withit Designer Note Cubes,Office Supplies,Paper,5,147.276,19.114,0,2,0.7071067811865476,2.5,0.282842712474619,1.2789502318285937,C,X
OFF-BI-10000014,Heavy-Duty E-Z-D Binders,Office Supplies,Binders,25,809.6500000000001,19.092499999999998,0,7,5.958187643906492,5.0,1.1916375287812984,1.279059610421871,C,Z
FUR-FU-10004020,Advantus Panel Wall Acrylic Frame,Furniture,Furnishings,16,199.92200000000003,19.035600000000002,0,3,1.5275252316519465,5.333333333333333,0.28641098093474,1.2791686630420196,C,X
OFF-AR-10001149,"Sanford Colorific Colored Pencils, 12/Box",Office Supplies,Art,24,149.392,19.008,0,4,2.943920288775949,6.0,0.49065338146265813,1.2792775575451498,C,X
OFF-EN-10000483,"White Envelopes, White Envelopes with Clear Poly Window",Office Supplies,Envelopes,4,129.85,18.91,0,2,1.4142135623730951,2.0,0.7071067811865476,1.2793858906182871,C,Y
OFF-LA-10001404,Avery 517,Office Supplies,Labels,13,380.28,18.8559,1,4,2.0615528128088303,3.25,0.6343239424027171,1.2794939137591528,C,Y
OFF-LA-10004853,Avery 483,Office Supplies,Labels,13,293.784,18.824399999999997,0,4,0.9574271077563381,3.25,0.2945929562327194,1.2796017564403779,C,X
TEC-AC-10002323,SanDisk Ultra 32 GB MicroSDHC Class 10 Memory Card,Technology,Accessories,25,719.46,18.785,0,6,1.6020819787597222,4.166666666666667,0.38449967490233333,1.2797093734038303,C,X
OFF-PA-10001609,Tops Wirebound Message Log Books,Office Supplies,Paper,18,50.666,18.6872,0,3,0.0,9.0,0.0,1.279816430083065,C,X
OFF-PA-10000295,Xerox 229,Office Supplies,Paper,6,38.88,18.6624,0,1,,6.0,9.0,1.2799233446861382,C,Z
OFF-PA-10001569,Xerox 232,Office Supplies,Paper,6,38.879999999999995,18.662399999999998,0,2,2.8284271247461903,3.0,0.9428090415820635,1.2800302592892117,C,Y
OFF-BI-10002557,Presstex Flexible Ring Binders,Office Supplies,Binders,24,182.255,18.655,0,5,2.8635642126552705,4.8,0.5965758776365148,1.2801371314985917,C,Y
OFF-AR-10003158,Fluorescent Highlighters by Dixon,Office Supplies,Art,19,459.456,18.546799999999998,0,4,0.9574271077563381,4.75,0.2015636016329133,1.2802433838434284,C,X
FUR-FU-10001617,"Executive Impressions 8-1/2"" Career Panel/Partition Cubicle Clock",Furniture,Furnishings,7,66.56,18.512,0,2,0.7071067811865476,3.5,0.20203050891044216,1.2803494368233288,C,X
OFF-AP-10003622,"Bravo II Megaboss 12-Amp Hard Body Upright, Replacement Belts, 2 Belts per Pack",Office Supplies,Appliances,21,453.95,18.4925,0,3,5.0,7.0,0.7142857142857143,1.2804553780901182,C,Y
OFF-ST-10000532,Advantus Rolling Drawer Organizers,Office Supplies,Storage,8,311.272,18.4704,1,2,2.8284271247461903,4.0,0.7071067811865476,1.2805611927487155,C,Y
TEC-PH-10002293,Anker 36W 4-Port USB Wall Charger Travel Power Adapter for iPhone 5s 5c 5,Technology,Phones,19,517.854,18.3908,0,5,1.3038404810405297,3.8,0.34311591606329733,1.2806665513886655,C,X
OFF-SU-10001664,Acme Office Executive Series Stainless Steel Trimmers,Office Supplies,Supplies,12,510.27,18.1684,0,5,1.632993161855452,3.0,0.5443310539518174,1.2807706359262638,C,Y
TEC-PH-10001061,Apple iPhone 5C,Technology,Phones,3,239.976,17.9982,0,1,,3.0,9.0,1.2808737454089154,C,Z
OFF-PA-10001712,Xerox 1948,Office Supplies,Paper,4,160.96,17.982,0,1,,4.0,9.0,1.2809767620837516,C,Z
OFF-PA-10004569,"Wirebound Message Books, Two 4 1/4"" x 5"" Forms per Page",Office Supplies,Paper,5,555.05,17.8835,0,3,1.1547005383792517,1.6666666666666667,0.692820323027551,1.281079214464156,C,Y
TEC-PH-10003442,Samsung Replacement EH64AVFWE Premium Headset,Technology,Phones,21,296.5,17.875,0,5,3.685557397915997,5.25,0.7020109329363804,1.281181618149102,C,Y
OFF-PA-10000595,Xerox 1929,Office Supplies,Paper,3,54.816,17.8152,0,1,,3.0,9.0,1.281283679247175,C,Z
OFF-AP-10000326,Belkin 7 Outlet SurgeMaster Surge Protector with Phone Protection,Office Supplies,Appliances,5,157.92,17.766,0,1,,5.0,9.0,1.2813854584844757,C,Z
OFF-AR-10003045,Prang Colored Pencils,Office Supplies,Art,16,325.512,17.64,0,4,1.1547005383792515,4.0,0.28867513459481287,1.281486515883214,C,X
TEC-PH-10001924,iHome FM Clock Radio with Lightning Dock,Technology,Phones,13,835.9,17.4975,2,5,1.51657508881031,2.6,0.5832981110808885,1.2815867569169115,C,Y
TEC-PH-10004071,PayAnywhere Card Reader,Technology,Phones,25,555.8,17.4825,1,5,3.5355339059327378,5.0,0.7071067811865476,1.2816869120174468,C,Y
OFF-LA-10003190,Avery 474,Office Supplies,Labels,14,412.016,17.4528,1,4,4.618802153517007,4.666666666666667,0.9897433186107871,1.281786896970321,C,Y
OFF-LA-10003148,Avery 51,Office Supplies,Labels,6,37.8,17.388,0,2,0.0,3.0,0.0,1.2818865106919344,C,X
FUR-FU-10002885,Magna Visual Magnetic Picture Hangers,Furniture,Furnishings,12,251.02,17.1592,0,4,1.4142135623730951,3.0,0.47140452079103173,1.2819848136463805,C,X
FUR-FU-10001935,3M Hangers With Command Adhesive,Furniture,Furnishings,20,913.68,17.02,0,5,2.3094010767585034,6.666666666666667,0.3464101615137755,1.2820823191410815,C,X
TEC-PH-10004093,Panasonic Kx-TS550,Technology,Phones,13,477.504,17.016299999999998,0,4,0.9574271077563381,3.25,0.2945929562327194,1.2821798034389358,C,X
OFF-ST-10000943,Eldon ProFile File 'N Store Portable File Tub Letter/Legal Size Black,Office Supplies,Storage,6,222.412,16.9928,0,2,1.4142135623730951,3.0,0.47140452079103173,1.2822771531081694,C,X
OFF-BI-10004352,Wilson Jones DublLock D-Ring Binders,Office Supplies,Binders,5,33.75,16.875,0,1,,5.0,9.0,1.282373827915636,C,Z
OFF-ST-10000885,Fellowes Desktop Hanging File Manager,Office Supplies,Storage,5,181.14999999999998,16.7875,0,2,0.7071067811865476,2.5,0.282842712474619,1.282470001446323,C,X
OFF-EN-10001415,Staple envelope,Office Supplies,Envelopes,8,236.06,16.74,0,3,0.5773502691896258,2.6666666666666665,0.2165063509461097,1.2825659028553298,C,X
TEC-AC-10004209,Memorex Froggy Flash Drive 4 GB,Technology,Accessories,8,70.336,16.7048,0,2,0.0,4.0,0.0,1.2826616026078492,C,X
OFF-AR-10004691,Boston 1730 StandUp Electric Pencil Sharpener,Office Supplies,Art,3,161.14,16.6764,0,1,,3.0,9.0,1.2827571396602484,C,Z
OFF-EN-10003068,#6 3/4 Gummed Flap White Envelopes,Office Supplies,Envelopes,6,212.52,16.631999999999998,0,2,,6.0,9.0,1.2828524223504874,C,Z
OFF-PA-10002947,Xerox 1923,Office Supplies,Paper,6,248.40800000000002,16.566399999999998,0,3,1.0,2.0,0.5,1.2829473292263638,C,X
OFF-BI-10000756,Storex DuraTech Recycled Plastic Frosted Binders,Office Supplies,Binders,27,404.776,16.535999999999998,0,4,1.707825127659933,6.75,0.2530111300236938,1.2830420619443645,C,X
OFF-LA-10001982,Smead Alpha-Z Color-Coded Name Labels First Letter Starter Set,Office Supplies,Labels,10,152.0,16.5,0,2,4.242640687119285,5.0,0.8485281374238569,1.2831365884227763,C,Y
OFF-PA-10000349,Easy-staple paper,Office Supplies,Paper,7,150.86,16.3842,0,3,1.1547005383792515,2.3333333333333335,0.49487165930539345,1.283230451497176,C,X
FUR-FU-10001918,C-Line Cubicle Keepers Polyproplyene Holder With Velcro Backings,Furniture,Furnishings,14,351.76,16.3658,0,5,1.3038404810405297,2.8,0.46565731465733207,1.2833242091602297,C,X
OFF-BI-10001636,Ibico Plastic and Wire Spiral Binding Combs,Office Supplies,Binders,29,477.368,16.3542,0,6,2.4899799195977463,5.8,0.42930688268926664,1.283417900368305,C,X
OFF-PA-10003729,Xerox 1998,Office Supplies,Paper,9,245.656,16.3296,0,2,3.5355339059327378,4.5,0.7856742013183862,1.2835114506459941,C,Y
OFF-AR-10001374,"BIC Brite Liner Highlighters, Chisel Tip",Office Supplies,Art,11,361.79999999999995,16.3296,0,3,1.5275252316519468,3.6666666666666665,0.41659779045053097,1.2836050009236832,C,X
OFF-AR-10000914,Boston 16765 Mini Stand Up Battery Pencil Sharpener,Office Supplies,Art,10,225.608,16.323999999999998,0,4,1.0,2.5,0.4,1.2836985191196586,C,X
OFF-EN-10004030,Convenience Packs of Business Envelopes,Office Supplies,Envelopes,10,673.476,16.29,0,4,1.0,2.5,0.4,1.2837918425337995,C,X
OFF-BI-10004094,GBC Standard Plastic Binding Systems Combs,Office Supplies,Binders,6,244.365,16.284,1,3,1.0,2.0,0.5,1.2838851315746758,C,X
TEC-AC-10004992,Kingston Digital DataTraveler 64GB USB 2.0,Technology,Accessories,6,225.68,16.2144,0,2,0.0,3.0,0.0,1.2839780218856793,C,X
OFF-AR-10000658,Newell 324,Office Supplies,Art,5,178.75,16.17,0,2,0.7071067811865476,2.5,0.282842712474619,1.284070657834523,C,X
OFF-PA-10003953,Xerox 218,Office Supplies,Paper,6,239.288,16.0704,0,4,0.5773502691896257,1.5,0.38490017945975047,1.2841627231871693,C,X
OFF-BI-10003274,"Avery Durable Slant Ring Binders, No Labels",Office Supplies,Binders,29,700.212,16.0394,0,7,2.5,7.25,0.3448275862068966,1.284254610944614,C,X
OFF-BI-10002949,Prestige Round Ring Binders,Office Supplies,Binders,13,599.76,15.868800000000002,1,5,2.081665999466133,4.333333333333333,0.48038446141526153,1.2843455213555606,C,X
OFF-FA-10001843,Staples,Office Supplies,Fasteners,17,253.03799999999998,15.7833,0,3,2.516611478423583,5.666666666666667,0.44410790795710287,1.2844359419474827,C,X
OFF-PA-10002586,Xerox 1970,Office Supplies,Paper,8,104.852,15.736799999999999,0,2,1.4142135623730951,4.0,0.3535533905932738,1.284526096146602,C,X
OFF-PA-10001846,Xerox 1899,Office Supplies,Paper,8,222.304,15.721599999999999,0,3,1.1547005383792515,2.6666666666666665,0.4330127018922193,1.2846161632667839,C,X
OFF-PA-10002105,Xerox 223,Office Supplies,Paper,5,32.4,15.552,0,1,,5.0,9.0,1.2847052587693448,C,Z
OFF-PA-10002552,Xerox 1958,Office Supplies,Paper,5,135.4,15.552,0,2,0.7071067811865476,2.5,0.282842712474619,1.284794354271906,C,X
OFF-BI-10001553,SpineVue Locking Slant-D Ring Binders by Cardinal,Office Supplies,Binders,15,394.83,15.538,0,5,1.8708286933869707,3.0,0.6236095644623235,1.2848833695701825,C,Y
OFF-AR-10004269,Newell 31,Office Supplies,Art,17,66.08,15.5288,0,3,3.0550504633038935,5.666666666666667,0.5391265523477459,1.284972332162786,C,Y
FUR-FU-10002703,"Tenex Traditional Chairmats for Hard Floors, Average Lip, 36"" x 48""",Furniture,Furnishings,2,157.9,15.468,0,1,,2.0,9.0,1.2850609464396388,C,Z
OFF-PA-10002741,Xerox 1980,Office Supplies,Paper,8,225.24,15.408,1,2,2.8284271247461903,4.0,0.7071067811865476,1.2851492169838428,C,Y
OFF-LA-10001045,Permanent Self-Adhesive File Folder Labels for Typewriters by Universal,Office Supplies,Labels,15,323.54,15.399000000000001,0,4,1.4999999999999998,3.75,0.39999999999999997,1.2852374359681495,C,X
FUR-TA-10001691,"Barricks Non-Folding Utility Table with Steel Legs, Laminate Tops",Furniture,Tables,2,136.464,15.3522,0,1,,2.0,9.0,1.2853253868409902,C,Z
OFF-LA-10003663,Avery 498,Office Supplies,Labels,13,237.258,15.3459,0,3,2.5166114784235836,4.333333333333333,0.580756495020827,1.2854133016219027,C,Y
OFF-BI-10001890,Avery Poly Binder Pockets,Office Supplies,Binders,21,266.416,15.3224,0,5,5.251983752196243,5.25,1.0003778575611892,1.2855010817741945,C,Z
OFF-PA-10000788,Xerox 210,Office Supplies,Paper,7,267.88,15.2928,0,3,0.5773502691896258,2.3333333333333335,0.24743582965269678,1.285588692351713,C,X
OFF-FA-10000304,Advantus Push Pins,Office Supplies,Fasteners,19,143.676,15.238199999999999,1,5,3.2015621187164243,4.75,0.6740130776245103,1.285675990132521,C,Y
OFF-LA-10001317,Avery 520,Office Supplies,Labels,10,136.5,15.12,0,3,3.214550253664318,3.3333333333333335,0.9643650760992953,1.285762610760011,C,Y
OFF-BI-10003291,Wilson Jones Leather-Like Binders with DublLock Round Rings,Office Supplies,Binders,26,3624.315,15.015600000000003,0,7,2.6583202716502514,4.333333333333333,0.6134585242269811,1.2858486332926922,C,Y
TEC-AC-10003289,Anker Ultra-Slim Mini Bluetooth 3.0 Wireless Keyboard,Technology,Accessories,5,208.954,14.992500000000001,1,2,0.7071067811865476,2.5,0.282842712474619,1.2859345234883035,C,X
OFF-PA-10003657,Xerox 1927,Office Supplies,Paper,14,340.93600000000004,14.98,0,3,7.0710678118654755,7.0,1.0101525445522108,1.2860203420729464,C,Z
OFF-AR-10004685,"Binney & Smith Crayola Metallic Colored Pencils, 8-Color Set",Office Supplies,Art,11,145.078,14.954900000000002,0,3,2.0816659994661326,3.6666666666666665,0.5677270907634907,1.2861060168627645,C,Y
FUR-TA-10004767,Safco Drafting Table,Furniture,Tables,9,610.468,14.9058,1,3,2.6457513110645907,3.0,0.8819171036881969,1.2861914103646985,C,Y
OFF-AR-10000614,Barrel Sharpener,Office Supplies,Art,16,253.12,14.8512,0,3,3.214550253664318,5.333333333333333,0.6027281725620597,1.286276491069922,C,Y
OFF-PA-10004519,Spiral Phone Message Books with Labels by Adams,Office Supplies,Paper,10,432.632,14.783999999999999,0,2,4.242640687119285,5.0,0.8485281374238569,1.286361186794579,C,Y
OFF-AR-10001166,Staples in misc. colors,Office Supplies,Art,5,257.9,14.780999999999999,0,2,2.1213203435596424,2.5,0.8485281374238569,1.2864458653326034,C,Y
OFF-PA-10003936,Xerox 1994,Office Supplies,Paper,6,34.992000000000004,14.7744,0,2,0.0,3.0,0.0,1.2865305060600363,C,X
OFF-EN-10001137,"#10 Gummed Flap White Envelopes, 100/Box",Office Supplies,Envelopes,9,133.692,14.6202,0,3,1.0,3.0,0.3333333333333333,1.286614263394562,C,X
FUR-FU-10000206,"GE General Purpose, Extra Long Life, Showcase & Floodlight Incandescent Bulbs",Furniture,Furnishings,20,395.39599999999996,14.549999999999999,2,7,2.503331114069145,3.3333333333333335,0.7509993342207435,1.2866976185618888,C,Y
FUR-FU-10002878,"Seth Thomas 14"" Day/Date Wall Clock",Furniture,Furnishings,3,68.352,14.524799999999999,0,2,0.7071067811865476,1.5,0.47140452079103173,1.286780829361503,C,X
OFF-PA-10003309,Xerox 211,Office Supplies,Paper,8,143.472,14.5152,0,1,,8.0,9.0,1.2868639851638932,C,Z
OFF-AR-10000246,Newell 318,Office Supplies,Art,23,456.716,14.4004,1,5,2.6299556396765835,5.75,0.45738358950897107,1.286946483291149,C,X
OFF-PA-10003205,"Wirebound Message Forms, Four 2 3/4 x 5 Forms per Page, Pink Paper",Office Supplies,Paper,5,221.948,14.2975,0,2,0.7071067811865476,2.5,0.282842712474619,1.287028391916912,C,X
TEC-MA-10002930,Ricoh - Ink Collector Unit for GX3000 Series Printers,Technology,Machines,12,479.745,14.262999999999998,1,2,7.0710678118654755,6.0,1.1785113019775793,1.2871101028964023,C,Z
FUR-FU-10001487,"Eldon Expressions Wood and Plastic Desk Accessories, Cherry Wood",Furniture,Furnishings,7,271.86,14.1694,0,2,0.7071067811865476,3.5,0.20203050891044216,1.2871912776529602,C,X
OFF-BI-10000138,Acco Translucent Poly Ring Binders,Office Supplies,Binders,25,419.88,14.04,0,6,2.401388487243717,4.166666666666667,0.576333236938492,1.2872717110927725,C,Y
TEC-PH-10003535,RCA ViSYS 25423RE1 Corded phone,Technology,Phones,2,159.984,13.9986,0,1,,2.0,9.0,1.287351907357057,C,Z
OFF-PA-10002893,"Wirebound Service Call Books, 5 1/2"" x 4""",Office Supplies,Paper,3,148.04000000000002,13.9392,0,2,0.7071067811865476,1.5,0.47140452079103173,1.287431763326019,C,X
OFF-AR-10003829,Newell 35,Office Supplies,Art,16,375.168,13.9072,0,5,1.6431676725154984,3.2,0.5134898976610932,1.2875114359709017,C,Y
OFF-AR-10003560,Zebra Zazzle Fluorescent Highlighters,Office Supplies,Art,12,376.016,13.862400000000001,0,4,0.816496580927726,3.0,0.2721655269759087,1.2875908519620736,C,X
TEC-AC-10002020,AmazonBasics 3-Button USB Wired Mouse,Technology,Accessories,6,135.74599999999998,13.8402,0,2,0.0,3.0,0.0,1.2876701407721654,C,X
OFF-EN-10003798,"Recycled Interoffice Envelopes with Re-Use-A-Seal Closure, 10 x 13",Office Supplies,Envelopes,3,40.968,13.8267,0,1,,3.0,9.0,1.287749352242411,C,Z
OFF-BI-10002976,ACCOHIDE Binder by Acco,Office Supplies,Binders,16,246.73399999999998,13.7116,0,3,2.8284271247461903,8.0,0.3535533905932738,1.287827904318859,C,X
TEC-AC-10003237,Memorex Micro Travel Drive 4 GB,Technology,Accessories,3,379.8,13.674,0,1,,3.0,9.0,1.2879062409895137,C,Z
OFF-LA-10002787,Avery 480,Office Supplies,Labels,8,119.25,13.65,0,2,4.242640687119285,4.0,1.0606601717798212,1.2879844401671088,C,Z
OFF-BI-10000546,Avery Durable Binders,Office Supplies,Binders,21,560.352,13.5072,1,6,2.345207879911715,3.5,0.67005939426049,1.2880618212609998,C,Y
FUR-FU-10000320,OIC Stacking Trays,Furniture,Furnishings,21,576.772,13.4936,0,4,2.6299556396765835,5.25,0.5009439313669682,1.288139124442157,C,Y
OFF-PA-10004022,Hammermill Color Copier Paper (28Lb. and 96 Bright),Office Supplies,Paper,3,29.97,13.4865,0,2,0.7071067811865476,1.5,0.47140452079103173,1.2882163869482843,C,X
OFF-BI-10000605,"Acco Pressboard Covers with Storage Hooks, 9 1/2"" x 11"", Executive Red",Office Supplies,Binders,13,595.624,13.3731,0,4,1.707825127659933,3.25,0.5254846546645948,1.2882929997997052,C,Y
OFF-BI-10001679,GBC Instant Index System for Binding Systems,Office Supplies,Binders,7,632.4,13.32,0,3,0.5773502691896257,2.3333333333333335,0.24743582965269673,1.2883693084477321,C,X
OFF-LA-10003121,Avery 506,Office Supplies,Labels,7,153.91,13.2986,0,1,,7.0,9.0,1.288445494497781,C,Z
OFF-AR-10003056,Newell 341,Office Supplies,Art,12,176.64800000000002,13.1824,0,4,1.4142135623730951,3.0,0.47140452079103173,1.2885210148522668,C,X
FUR-FU-10001979,Dana Halogen Swing-Arm Architect Lamp,Furniture,Furnishings,4,253.104,13.1104,0,2,1.4142135623730951,2.0,0.7071067811865476,1.288596122727574,C,Y
OFF-ST-10003327,Akro-Mils 12-Gallon Tote,Office Supplies,Storage,8,190.51,13.107599999999998,0,2,1.4142135623730951,4.0,0.3535533905932738,1.288671214562024,C,X
FUR-FU-10004164,"Eldon 300 Class Desk Accessories, Black",Furniture,Furnishings,6,135.7,13.068000000000001,0,2,2.8284271247461903,3.0,0.9428090415820635,1.2887460795329262,C,Y
OFF-AR-10003631,Staples in misc. colors,Office Supplies,Art,13,183.176,13.0196,0,2,2.1213203435596424,6.5,0.32635697593225266,1.2888206672261582,C,X
TEC-PH-10002365,Belkin Grip Candy Sheer Case / Cover for iPhone 5 and 5S,Technology,Phones,8,64.972,12.9944,0,3,1.5275252316519465,2.6666666666666665,0.57282196186948,1.2888951105516777,C,Y
OFF-BI-10002003,Ibico Presentation Index for Binding Systems,Office Supplies,Binders,25,752.67,12.934999999999999,2,6,3.2015621187164243,6.25,0.5122499389946279,1.2889692135818749,C,Y
OFF-BI-10004233,"GBC Pre-Punched Binding Paper, Plastic, White, 8-1/2"" x 11""",Office Supplies,Binders,25,426.66200000000003,12.791999999999998,0,6,1.8708286933869707,5.0,0.3741657386773941,1.2890424973825927,C,X
OFF-BI-10000050,"Angle-D Binders with Locking Rings, Label Holders",Office Supplies,Binders,22,564.82,12.701999999999998,0,5,3.2093613071762426,4.4,0.7294002970855096,1.2891152655843372,C,Y
TEC-AC-10000521,"Verbatim Slim CD and DVD Storage Cases, 50/Pack",Technology,Accessories,5,267.084,12.694,0,3,0.5773502691896257,1.6666666666666667,0.3464101615137754,1.2891879879550618,C,X
OFF-PA-10001526,Xerox 1949,Office Supplies,Paper,8,129.868,12.549600000000002,0,2,4.242640687119285,4.0,1.0606601717798212,1.2892598830758784,C,Z
OFF-PA-10003177,Xerox 1999,Office Supplies,Paper,4,133.92,12.4416,0,2,0.0,2.0,0.0,1.2893311594779273,C,X
OFF-AP-10002495,"Acco Smartsocket Table Surge Protector, 6 Color-Coded Adapter Outlets",Office Supplies,Appliances,2,139.28,12.41,0,1,,2.0,9.0,1.2894022548474477,C,Z
OFF-AR-10003469,Nontoxic Chalk,Office Supplies,Art,18,216.86399999999998,12.3904,0,4,2.6457513110645903,4.5,0.5879447357921311,1.28947323793097,C,Y
OFF-AR-10003394,Newell 332,Office Supplies,Art,20,163.272,12.348,0,4,8.48528137423857,10.0,0.8485281374238569,1.2895439781100866,C,Y
OFF-SU-10001165,Acme Elite Stainless Steel Scissors,Office Supplies,Supplies,8,417.716,12.3432,0,4,0.816496580927726,2.0,0.408248290463863,1.2896146907905917,C,X
OFF-BI-10001787,Wilson Jones Four-Pocket Poly Binders,Office Supplies,Binders,12,371.32,12.295200000000001,0,3,0.0,4.0,0.0,1.2896851284849775,C,X
OFF-BI-10001597,"Wilson Jones Ledger-Size, Piano-Hinge Binder, 2"", Blue",Office Supplies,Binders,30,1188.5819999999999,12.294000000000011,1,7,2.6832815729997477,5.0,0.5366563145999496,1.2897555593047103,C,Y
OFF-AP-10002287,"Eureka Sanitaire  Multi-Pro Heavy-Duty Upright, Disposable Bags",Office Supplies,Appliances,20,371.91200000000003,12.236,0,4,4.618802153517007,6.666666666666667,0.692820323027551,1.2898256578495495,C,Y
FUR-BO-10001519,O'Sullivan 3-Shelf Heavy-Duty Bookcases,Furniture,Bookcases,9,483.887,12.209399999999995,0,3,0.0,3.0,0.0,1.2898956040062475,C,X
OFF-EN-10001509,Poly String Tie Envelopes,Office Supplies,Envelopes,14,222.336,12.1992,0,5,1.4832396974191326,2.8,0.5297284633639759,1.2899654917283954,C,Y
FUR-FU-10002268,Ultra Door Push Plate,Furniture,Furnishings,16,157.81199999999998,12.1768,0,2,8.48528137423857,8.0,1.0606601717798212,1.2900352511236877,C,Z
FUR-CH-10001802,Hon Every-Day Chair Series Swivel Task Chairs,Furniture,Chairs,10,985.84,12.097999999999999,0,3,0.5773502691896258,3.3333333333333335,0.17320508075688776,1.2901045590834346,C,X
OFF-LA-10000452,Avery 488,Office Supplies,Labels,8,25.2,12.096,0,2,4.242640687119285,4.0,1.0606601717798212,1.2901738555854265,C,Z
FUR-FU-10001731,Acrylic Self-Standing Desk Frames,Furniture,Furnishings,14,1473.2440000000001,12.0684,0,3,2.081665999466133,4.666666666666667,0.4460712855998856,1.2902429939704,C,X
OFF-ST-10000636,Rogers Profile Extra Capacity Storage Tub,Office Supplies,Storage,18,351.32,12.0528,0,4,3.1091263510296048,4.5,0.6909169668954678,1.2903120429848849,C,Y
OFF-PA-10003883,"Message Book, Phone, Wirebound Standard Line Memo, 2 3/4"" X 5""",Office Supplies,Paper,4,103.2,12.052,0,1,,4.0,9.0,1.2903810874162678,C,Z
OFF-PA-10000533,Southworth Parchment Paper & Envelopes,Office Supplies,Paper,4,26.16,12.0336,0,2,0.0,2.0,0.0,1.290450026436305,C,X
OFF-ST-10001414,Decoflex Hanging Personal Folder File,Office Supplies,Storage,3,133.26,12.0276,0,1,,3.0,9.0,1.2905189310830774,C,Z
TEC-AC-10001874,Logitech Wireless Anywhere Mouse MX for PC and Mac,Technology,Accessories,2,132.984,11.998,0,1,,2.0,9.0,1.2905876661550764,C,Z
TEC-AC-10000926,NETGEAR RangeMax WNR1000 Wireless Router,Technology,Accessories,3,59.976,11.9952,0,1,,3.0,9.0,1.2906563851862185,C,Z
TEC-PH-10004924,"SKILCRAFT Telephone Shoulder Rest, 2"" x 6.5"" x 2.5"", Black",Technology,Phones,6,44.339999999999996,11.9718,0,2,1.4142135623730951,3.0,0.47140452079103173,1.2907249701616275,C,X
OFF-PA-10001215,Xerox 1963,Office Supplies,Paper,5,128.4,11.88,0,1,,5.0,9.0,1.2907930292260839,C,Z
OFF-AR-10000716,DIXON Ticonderoga Erasable Checking Pencils,Office Supplies,Art,9,142.408,11.773800000000001,0,3,1.0,3.0,0.3333333333333333,1.290860479883752,C,X
OFF-AR-10003405,"Dixon My First Ticonderoga Pencil, #2",Office Supplies,Art,9,2063.14,11.7585,0,2,2.1213203435596424,4.5,0.4714045207910316,1.2909278428895945,C,X
OFF-SU-10002557,Fiskars Spring-Action Scissors,Office Supplies,Supplies,4,1281.124,11.7432,0,3,0.5773502691896257,1.3333333333333333,0.4330127018922193,1.2909951182436117,C,X
FUR-FU-10003799,"Seth Thomas 13 1/2"" Wall Clock",Furniture,Furnishings,6,180.344,11.7348,0,2,1.4142135623730951,3.0,0.47140452079103173,1.2910623454750583,C,X
FUR-FU-10003829,Stackable Trays,Furniture,Furnishings,15,335.12,11.704,1,3,2.0,5.0,0.4,1.2911293962570782,C,X
FUR-FU-10004351,Staple-based wall hangings,Furniture,Furnishings,10,233.23200000000003,11.688,1,3,0.5773502691896258,3.3333333333333335,0.17320508075688776,1.2911963553770585,C,X
OFF-BI-10004492,Tuf-Vin Binders,Office Supplies,Binders,11,539.796,11.684599999999998,1,4,1.2583057392117916,2.75,0.4575657233497424,1.2912632950188554,C,X
OFF-PA-10002749,"Wirebound Message Books, 5-1/2 x 4 Forms, 2 or 4 Forms per Page",Office Supplies,Paper,6,224.112,11.6406,0,2,0.0,3.0,0.0,1.2913299825900433,C,X
FUR-FU-10003274,Regeneration Desk Collection,Furniture,Furnishings,15,117.4,11.616,0,3,1.0,5.0,0.2,1.2913965292308454,C,X
OFF-PA-10002230,Xerox 1897,Office Supplies,Paper,8,165.872,11.5536,0,1,,8.0,9.0,1.2914627183896925,C,Z
FUR-FU-10003424,Nu-Dell Oak Frame,Furniture,Furnishings,9,193.89600000000002,11.534400000000002,0,2,2.1213203435596424,4.5,0.4714045207910316,1.291528797554092,C,X
OFF-AR-10000940,Newell 343,Office Supplies,Art,16,266.864,11.524799999999999,0,5,1.3038404810405297,3.2,0.4074501503251655,1.2915948217212678,C,X
OFF-BI-10000822,"Acco PRESSTEX Data Binder with Storage Hooks, Light Blue, 9 1/2"" X 11""",Office Supplies,Binders,13,288.882,11.5132,0,3,1.5275252316519468,4.333333333333333,0.35250582268891084,1.2916607794334647,C,X
TEC-PH-10000912,Anker 24W Portable Micro USB Car Charger,Technology,Phones,4,150.168,11.4296,0,1,,4.0,9.0,1.2917262582115043,C,Z
FUR-FU-10004586,G.E. Longer-Life Indoor Recessed Floodlight Bulbs,Furniture,Furnishings,9,1427.496,11.4208,0,3,1.0,3.0,0.3333333333333333,1.291791686575422,C,X
OFF-BI-10004654,VariCap6 Expandable Binder,Office Supplies,Binders,26,442.361,11.363000000000003,0,8,1.96638416050035,4.333333333333333,0.4537809601154654,1.2918567838102215,C,X
OFF-BI-10001900,"DXL Angle-View Binders with Locking Rings, Black",Office Supplies,Binders,7,573.544,11.3211,0,2,0.7071067811865476,3.5,0.20203050891044216,1.2919216410050547,C,X
OFF-PA-10002659,Avoid Verbal Orders Carbonless Minifold Book,Office Supplies,Paper,9,230.716,11.289200000000001,0,2,0.7071067811865476,4.5,0.15713484026367724,1.2919863154486964,C,X
OFF-AR-10001662,Rogers Handheld Barrel Pencil Sharpener,Office Supplies,Art,24,249.184,11.1792,0,4,2.943920288775949,6.0,0.49065338146265813,1.292050359715815,C,X
OFF-ST-10002289,"Safco Wire Cube Shelving System, For Use as 4 or 5 14"" Cubes, Black",Office Supplies,Storage,7,639.46,11.123000000000001,0,2,2.1213203435596424,3.5,0.6060915267313264,1.2921140820200194,C,Y
OFF-AR-10004752,Blackstonian Pencils,Office Supplies,Art,17,131.788,11.1072,0,3,2.3094010767585034,5.666666666666667,0.4075413664867947,1.2921777138079598,C,X
OFF-PA-10000174,"Message Book, Wirebound, Four 5 1/2"" X 4"" Forms/Pg., 200 Dupl. Sets/Book",Office Supplies,Paper,4,132.896,11.1024,0,1,,4.0,9.0,1.292241318097288,C,Z
OFF-SU-10004661,Acme Titanium Bonded Scissors,Office Supplies,Supplies,5,225.5,11.05,0,2,0.7071067811865476,2.5,0.282842712474619,1.2923046221934364,C,X
OFF-BI-10001759,"Acco Pressboard Covers with Storage Hooks, 14 7/8"" x 11"", Dark Blue",Office Supplies,Binders,22,1110.721,10.9728,0,4,2.3804761428476167,5.5,0.4328138441541121,1.2923674840202435,C,X
OFF-EN-10001539,Staple envelope,Office Supplies,Envelopes,3,131.34,10.9698,0,1,,3.0,9.0,1.292430328660418,C,Z
OFF-AR-10004648,Boston 19500 Mighty Mite Electric Pencil Sharpener,Office Supplies,Art,2,135.3,10.881,0,1,,2.0,9.0,1.2924926645762724,C,Z
TEC-AC-10001090,Micro Innovations Wireless Classic Keyboard with Mouse,Technology,Accessories,2,156.98,10.7964,0,1,,2.0,9.0,1.2925545158290919,C,Z
OFF-FA-10001561,Stockwell Push Pins,Office Supplies,Fasteners,15,421.70000000000005,10.791,1,3,2.0,5.0,0.4,1.292616336145973,C,X
OFF-PA-10002751,Xerox 1920,Office Supplies,Paper,4,23.92,10.764,0,2,,4.0,9.0,1.2926780017831625,C,Z
OFF-BI-10000591,Avery Binder Labels,Office Supplies,Binders,7,102.896,10.7364,0,3,1.1547005383792517,2.3333333333333335,0.49487165930539356,1.2927395093033331,C,X
OFF-PA-10000130,Xerox 199,Office Supplies,Paper,10,160.24,10.700000000000001,0,2,5.656854249492381,5.0,1.131370849898476,1.2928008082923639,C,Z
OFF-AR-10001547,Newell 311,Office Supplies,Art,26,1289.598,10.6522,0,6,1.9663841605003503,4.333333333333333,0.4537809601154655,1.292861833441051,C,X
OFF-AR-10001868,Prang Dustless Chalk Sticks,Office Supplies,Art,13,226.50400000000002,10.584,0,4,2.6299556396765835,3.25,0.8092171199004873,1.292922467880294,C,Y
OFF-EN-10003845,Colored Envelopes,Office Supplies,Envelopes,11,340.472,10.5534,0,3,1.1547005383792515,3.6666666666666665,0.3149183286488868,1.2929829270158861,C,X
FUR-FU-10002508,Document Clip Frames,Furniture,Furnishings,3,131.02,10.5084,0,1,,3.0,9.0,1.2930431283519916,C,Z
OFF-PA-10003424,"""While you Were Out"" Message Book, One Form per Page",Office Supplies,Paper,8,309.228,10.388,1,3,0.5773502691896258,2.6666666666666665,0.2165063509461097,1.2931026399312486,C,X
OFF-EN-10004846,Letter or Legal Size Expandable Poly String Tie Envelopes,Office Supplies,Envelopes,10,1071.94,10.374,0,3,1.5275252316519468,3.3333333333333335,0.458257569495584,1.293162071306221,C,X
OFF-BI-10003669,3M Organizer Strips,Office Supplies,Binders,19,614.72,10.367999999999999,0,5,1.8929694486000912,4.75,0.39851988391580867,1.2932214683079284,C,X
OFF-BI-10003355,Cardinal Holdit Business Card Pockets,Office Supplies,Binders,16,359.79200000000003,10.3584,0,5,1.788854381999832,3.2,0.5590169943749475,1.293280810312412,C,Y
OFF-BI-10000301,GBC Instant Report Kit,Office Supplies,Binders,41,815.9870000000001,10.352,0,10,3.6425069859723185,5.125,0.7107330704336231,1.2933401156520798,C,Y
TEC-AC-10001101,Sony 16GB Class 10 Micro SDHC R40 Memory Card,Technology,Accessories,8,121.12,10.312,0,1,,8.0,9.0,1.2933991918366483,C,Z
OFF-LA-10001934,Avery 516,Office Supplies,Labels,3,21.93,10.3071,0,1,,3.0,9.0,1.2934582399497174,C,Z
TEC-PH-10002824,Jabra SPEAK 410 Multidevice Speakerphone,Technology,Phones,13,2094.702,10.299500000000009,0,3,1.1547005383792515,4.333333333333333,0.2664693550105965,1.2935172445233174,C,X
OFF-BI-10002706,Avery Premier Heavy-Duty Binder with Round Locking Rings,Office Supplies,Binders,2,128.704,10.281600000000001,0,2,0.0,1.0,0.0,1.2935761465500104,C,X
OFF-PA-10000327,Xerox 1971,Office Supplies,Paper,8,212.104,10.272,0,3,0.5773502691896257,2.6666666666666665,0.21650635094610965,1.2936349935794798,C,X
OFF-FA-10001332,"Acco Banker's Clasps, 5 3/4""-Long",Office Supplies,Fasteners,8,527.4639999999999,10.2528,0,3,2.8867513459481287,2.6666666666666665,1.0825317547305484,1.2936937306145015,C,Z
OFF-PA-10001752,Hammermill CopyPlus Copy Paper (20Lb. and 84 Bright),Office Supplies,Paper,5,196.90800000000002,10.209,0,2,0.7071067811865476,2.5,0.282842712474619,1.2937522167246898,C,X
OFF-AR-10004757,Crayola Colored Pencils,Office Supplies,Art,13,389.704,10.1352,0,4,4.163331998932265,4.333333333333333,0.9607689228305228,1.29381028004372,C,Y
OFF-AR-10003651,Newell 350,Office Supplies,Art,12,348.048,10.102400000000001,0,3,5.656854249492381,6.0,0.9428090415820635,1.2938681554555687,C,Y
TEC-PH-10004922,RCA Visys Integrated PBX 8-Line Router,Technology,Phones,3,184.776,10.0485,0,1,,3.0,9.0,1.2939257220809215,C,Z
OFF-PA-10004965,Xerox 1921,Office Supplies,Paper,4,155.96800000000002,9.99,0,2,0.0,2.0,0.0,1.2939829535669416,C,X
TEC-PH-10000213,Seidio BD2-HK3IPH5-BK DILEX Case and Holster Combo for Apple iPhone 5/5s - Black,Technology,Phones,4,259.232,9.9232,0,2,0.0,2.0,0.0,1.2940398023639461,C,X
OFF-ST-10004258,Portable Personal File Box,Office Supplies,Storage,3,36.63,9.8901,0,1,,3.0,9.0,1.294096461535106,C,Z
OFF-AR-10000122,Newell 314,Office Supplies,Art,15,512.54,9.765,0,5,2.8284271247461903,3.0,0.9428090415820635,1.2941524040236934,C,Y
OFF-AR-10002766,Prang Drawing Pencil Set,Office Supplies,Art,13,131.14000000000001,9.7578,1,3,1.1547005383792517,4.333333333333333,0.26646935501059654,1.2942083052643627,C,X
OFF-PA-10001307,"Important Message Pads, 50 4-1/4 x 5-1/2 Forms per Pad",Office Supplies,Paper,8,100.88,9.744,0,1,,8.0,9.0,1.294264127446523,C,Z
OFF-AR-10001026,"Sanford Uni-Blazer View Highlighters, Chisel Tip, Yellow",Office Supplies,Art,10,109.0,9.68,0,1,,10.0,9.0,1.2943195829805245,C,Z
OFF-AR-10001954,Newell 331,Office Supplies,Art,11,161.9,9.6333,0,2,0.7071067811865476,5.5,0.128564869306645,1.2943747709759477,C,X
OFF-AR-10000462,Sanford Pocket Accent Highlighters,Office Supplies,Art,14,285.4,9.632,0,3,2.5166114784235836,4.666666666666667,0.539273888233625,1.2944299515238302,C,Y
FUR-FU-10001847,Eldon Image Series Black Desk Accessories,Furniture,Furnishings,7,229.152,9.6048,0,3,0.7071067811865476,3.5,0.20203050891044216,1.2944849762462451,C,X
OFF-FA-10000089,Acco Glide Clips,Office Supplies,Fasteners,5,282.6,9.604,1,1,,5.0,9.0,1.2945399963855582,C,Z
OFF-BI-10002160,Acco Hanging Data Binders,Office Supplies,Binders,9,27.432000000000002,9.6012,0,3,2.0,3.0,0.6666666666666666,1.2945950004840143,C,Y
FUR-CH-10002019,SAFCO Optional Arm Kit for Workspace Cribbage Stacking Chair,Furniture,Chairs,7,448.856,9.5904,0,3,0.7071067811865476,3.5,0.20203050891044216,1.2946499427105937,C,X
OFF-BI-10001249,Avery Heavy-Duty EZD View Binder with Locking Rings,Office Supplies,Binders,5,26.796,9.57,0,2,,5.0,9.0,1.2947047680680726,C,Z
FUR-FU-10003489,Contemporary Borderless Frame,Furniture,Furnishings,3,152.83,9.5571,0,1,,3.0,9.0,1.294759519523032,C,Z
OFF-ST-10000798,2300 Heavy-Duty Transfer File Systems by Perma,Office Supplies,Storage,2,162.96,9.4924,0,1,,2.0,9.0,1.2948139003196182,C,Z
OFF-SU-10001574,Acme Value Line Scissors,Office Supplies,Supplies,10,137.04,9.49,0,4,0.5773502691896257,2.5,0.2309401076758503,1.2948682673668985,C,X
FUR-FU-10001424,Dax Clear Box Frame,Furniture,Furnishings,12,505.57,9.4284,1,5,1.7320508075688772,4.0,0.4330127018922193,1.2949222815153263,C,X
OFF-PA-10003349,Xerox 1957,Office Supplies,Paper,5,25.92,9.396,0,1,,5.0,9.0,1.2949761100481236,C,Z
OFF-EN-10003072,Peel & Seel Envelopes,Office Supplies,Envelopes,5,143.4,9.312,1,1,,5.0,9.0,1.2950294573552128,C,Z
OFF-BI-10004330,"GBC Velobind Prepunched Cover Sets, Regency Series",Office Supplies,Binders,25,700.72,9.245000000000005,1,5,1.8929694486000912,6.25,0.3028751117760146,1.2950824208275107,C,X
TEC-AC-10000290,Sabrent 4-Port USB 2.0 Hub,Technology,Accessories,4,134.16,9.2344,0,2,1.4142135623730951,2.0,0.7071067811865476,1.295135323573707,C,Y
TEC-PH-10001870,Lunatik TT5L-002 Taktik Strike Impact Protection System for iPhone 5,Technology,Phones,3,146.952,9.1845,0,1,,3.0,9.0,1.2951879404489177,C,Z
OFF-FA-10000611,Binder Clips by OIC,Office Supplies,Fasteners,15,1352.72,9.176,0,4,2.6457513110645907,5.0,0.5291502622129182,1.2952405086286696,C,Y
OFF-FA-10002763,Advantus Map Pennant Flags and Round Head Tacks,Office Supplies,Fasteners,16,157.14000000000001,9.164,0,3,3.511884584284246,5.333333333333333,0.6584783595532961,1.2952930080618916,C,Y
OFF-LA-10001771,Avery 513,Office Supplies,Labels,4,88.92,9.1632,0,2,1.4142135623730951,2.0,0.7071067811865476,1.2953455029120118,C,Y
OFF-AR-10003156,50 Colored Long Pencils,Office Supplies,Art,5,120.736,9.144,0,2,0.7071067811865476,2.5,0.282842712474619,1.2953978877676842,C,X
OFF-PA-10001937,Xerox 21,Office Supplies,Paper,5,359.92,9.072,0,2,0.7071067811865476,2.5,0.282842712474619,1.2954498601441782,C,X
FUR-FU-10002963,"Master Caster Door Stop, Gray",Furniture,Furnishings,7,697.512,9.0424,0,3,1.5275252316519468,2.3333333333333335,0.6546536707079771,1.2955016629458989,C,Y
OFF-PA-10000605,Xerox 1950,Office Supplies,Paper,4,133.808,9.0168,0,2,0.0,2.0,0.0,1.295553319088356,C,X
OFF-PA-10001763,Xerox 1896,Office Supplies,Paper,2,19.98,8.991,0,1,,2.0,9.0,1.295604827425774,C,Z
OFF-AR-10003811,Newell 327,Office Supplies,Art,15,826.15,8.9505,0,3,2.1213203435596424,7.5,0.282842712474619,1.2956561037436545,C,X
OFF-PA-10000069,"TOPS 4 x 6 Fluorescent Color Memo Sheets, 500 Sheets per Pack",Office Supplies,Paper,2,122.98,8.9206,0,1,,2.0,9.0,1.295707208768098,C,Z
OFF-AP-10002222,Staple holder,Office Supplies,Appliances,6,174.81799999999998,8.843399999999999,0,3,1.0,2.0,0.5,1.2957578715232003,C,X
OFF-PA-10001184,Xerox 1903,Office Supplies,Paper,3,96.94,8.7906,0,1,,3.0,9.0,1.2958082317935717,C,Z
TEC-AC-10003027,Imation 8GB Mini TravelDrive USB 2.0 Flash Drive,Technology,Accessories,13,418.20399999999995,8.7551,0,3,2.309401076758503,4.333333333333333,0.532938710021193,1.2958583886887924,C,Y
OFF-AP-10003040,Fellowes 8 Outlet Superior Workstation Surge Protector w/o Phone/Fax/Modem Protection,Office Supplies,Appliances,21,744.196,8.741200000000006,0,4,0.5,5.25,0.09523809523809523,1.295908465952616,C,X
OFF-LA-10002043,Avery 489,Office Supplies,Labels,3,94.84,8.694,0,1,,3.0,9.0,1.295958272813423,C,Z
OFF-PA-10002709,Xerox 1956,Office Supplies,Paper,5,102.92,8.671,0,1,,5.0,9.0,1.2960079479100475,C,Z
OFF-BI-10000279,"Acco Recycled 2"" Capacity Laser Printer Hanging Data Binders",Office Supplies,Binders,10,278.255,8.67,0,4,1.2909944487358054,2.5,0.5163977794943222,1.296057617277795,C,Y
OFF-BI-10004182,Economy Binders,Office Supplies,Binders,17,1232.624,8.5904,0,3,0.7071067811865476,8.5,0.0831890330807703,1.2961068306268946,C,X
OFF-AR-10001177,Newell 349,Office Supplies,Art,9,211.51999999999998,8.5608,0,2,3.5355339059327378,4.5,0.7856742013183862,1.2961558744012212,C,Y
OFF-PA-10000304,Xerox 1995,Office Supplies,Paper,4,135.03199999999998,8.5536,0,2,1.4142135623730951,2.0,0.7071067811865476,1.2962048769276298,C,Y
OFF-AR-10000657,"Binney & Smith inkTank Desk Highlighter, Chisel Tip, Yellow, 12/Box",Office Supplies,Art,12,251.8,8.514,0,2,5.656854249492381,6.0,0.9428090415820635,1.2962536525904902,C,Y
TEC-PH-10003356,"SmartStand Mobile Device Holder, Assorted Colors",Technology,Phones,10,58.715999999999994,8.388,0,2,4.242640687119285,5.0,0.8485281374238569,1.2963017064147884,C,Y
OFF-AR-10004956,Newell 33,Office Supplies,Art,10,242.988,8.37,0,3,0.5773502691896257,3.3333333333333335,0.1732050807568877,1.2963496571192916,C,X
OFF-PA-10000859,Unpadded Memo Slips,Office Supplies,Paper,5,185.308,8.358,0,2,0.7071067811865476,2.5,0.282842712474619,1.2963975390772653,C,X
OFF-LA-10000262,Avery 494,Office Supplies,Labels,10,132.446,8.352,0,4,1.0,2.5,0.4,1.296445386661974,C,X
OFF-AR-10002255,Newell 346,Office Supplies,Art,10,138.8,8.352,0,4,0.5773502691896257,2.5,0.2309401076758503,1.2964932342466828,C,X
OFF-AR-10000817,Manco Dry-Lighter Erasable Highlighter,Office Supplies,Art,11,304.4,8.3296,0,4,1.707825127659933,2.75,0.6210273191490665,1.296540953504536,C,Y
OFF-AR-10003732,Newell 333,Office Supplies,Art,13,346.028,8.2844,0,6,1.707825127659933,3.25,0.5254846546645948,1.2965884138171273,C,Y
TEC-AC-10002857,"Verbatim 25 GB 6x Blu-ray Single Layer Recordable Disc, 1/Pack",Technology,Accessories,10,156.6,8.195,0,2,2.8284271247461903,5.0,0.565685424949238,1.2966353619680717,C,Y
OFF-ST-10003722,Project Tote Personal File,Office Supplies,Storage,2,138.06,8.1374,0,2,0.0,1.0,0.0,1.2966819801356735,C,X
OFF-AR-10001573,American Pencil,Office Supplies,Art,12,225.95999999999998,8.1084,0,4,0.816496580927726,3.0,0.2721655269759087,1.2967284321658281,C,X
OFF-PA-10000141,"Ampad Evidence Wirebond Steno Books, 6"" x 9""",Office Supplies,Paper,10,100.62,8.066,0,2,0.0,5.0,0.0,1.2967746412915777,C,X
OFF-PA-10000350,"Message Book, Standard Line ""While You Were Out"", 5 1/2"" X 4"", 200 Sets/Book",Office Supplies,Paper,2,17.12,8.0464,0,1,,2.0,9.0,1.2968207381313288,C,Z
OFF-BI-10001510,Deluxe Heavy-Duty Vinyl Round Ring Binder,Office Supplies,Binders,23,923.96,8.022000000000006,0,5,2.4083189157584592,4.6,0.5235475903822738,1.2968666951864694,C,Y
OFF-LA-10000443,Avery 501,Office Supplies,Labels,8,231.61599999999999,7.9704,0,2,2.8284271247461903,4.0,0.7071067811865476,1.2969123566315317,C,Y
OFF-AP-10000595,Disposable Triple-Filter Dust Bags,Office Supplies,Appliances,7,1250.59,7.9534,0,3,0.5773502691896257,2.3333333333333335,0.24743582965269673,1.2969579206856772,C,X
OFF-PA-10001204,Xerox 1972,Office Supplies,Paper,6,244.344,7.92,0,3,0.0,2.0,0.0,1.2970032933953148,C,X
TEC-AC-10001142,First Data FD10 PIN Pad,Technology,Accessories,15,1087.4,7.900000000000006,0,3,1.7320508075688772,5.0,0.34641016151377546,1.2970485515274028,C,X
OFF-BI-10000285,XtraLife ClearVue Slant-D Ring Binders by Cardinal,Office Supplies,Binders,13,154.8,7.84,0,4,1.5,3.25,0.46153846153846156,1.297093465926842,C,X
OFF-AR-10002375,Newell 351,Office Supplies,Art,11,1171.4560000000001,7.8392,0,3,1.5275252316519468,3.6666666666666665,0.41659779045053097,1.2971383757431794,C,X
OFF-EN-10002621,Staple envelope,Office Supplies,Envelopes,2,496.60400000000004,7.824,0,2,0.0,1.0,0.0,1.2971831984805788,C,X
OFF-FA-10004248,Advantus T-Pin Paper Clips,Office Supplies,Fasteners,7,236.06,7.8023,1,3,2.1213203435596424,3.5,0.6060915267313264,1.297227896901337,C,Y
OFF-AR-10000203,Newell 336,Office Supplies,Art,11,204.08800000000002,7.661200000000001,1,2,2.1213203435596424,5.5,0.385694607919935,1.297271786977483,C,X
OFF-BI-10001031,Pressboard Data Binders by Wilson Jones,Office Supplies,Binders,9,254.108,7.6362000000000005,0,4,0.5,2.25,0.2222222222222222,1.297315533831692,C,X
OFF-BI-10004738,Flexible Leather- Look Classic Collection Ring Binder,Office Supplies,Binders,7,281.866,7.5760000000000005,0,3,1.1547005383792517,2.3333333333333335,0.49487165930539356,1.2973589358074766,C,X
OFF-AP-10004859,Acco 6 Outlet Guardian Premium Surge Suppressor,Office Supplies,Appliances,16,215.632,7.5711999999999975,0,4,1.5275252316519465,5.333333333333333,0.28641098093474,1.2974023102846495,C,X
OFF-ST-10001172,"Tennsco Lockers, Sand",Office Supplies,Storage,9,200.056,7.5528,0,1,,9.0,9.0,1.2974455793504767,C,Z
FUR-FU-10003832,"Eldon Expressions Punched Metal & Wood Desk Accessories, Black & Cherry",Furniture,Furnishings,15,407.808,7.5040000000000004,0,4,1.707825127659933,3.75,0.4554200340426488,1.2974885688470827,C,X
OFF-AR-10000799,Col-Erase Pencils with Erasers,Office Supplies,Art,7,531.696,7.478400000000001,0,2,0.7071067811865476,3.5,0.20203050891044216,1.2975314116844254,C,X
OFF-AR-10001545,Newell 326,Office Supplies,Art,20,238.38400000000001,7.3919999999999995,0,5,2.449489742783178,4.0,0.6123724356957945,1.2975737595467538,C,Y
OFF-AR-10004582,BIC Brite Liner Grip Highlighters,Office Supplies,Art,13,325.024,7.298,0,4,2.6299556396765835,3.25,0.8092171199004873,1.2976155688945992,C,Y
FUR-FU-10003849,"DAX Metal Frame, Desktop, Stepped-Edge",Furniture,Furnishings,4,225.67199999999997,7.2864,0,2,0.0,2.0,0.0,1.297657311787466,C,X
OFF-PA-10004239,Xerox 1953,Office Supplies,Paper,6,348.4,7.276,0,3,1.0,2.0,0.5,1.2976989951000066,C,X
OFF-PA-10000061,Xerox 205,Office Supplies,Paper,4,115.736,7.2576,0,1,,4.0,9.0,1.297740573001202,C,Z
OFF-PA-10000223,Xerox 2000,Office Supplies,Paper,4,150.736,7.2576,0,1,,4.0,9.0,1.2977821509023972,C,Z
OFF-PA-10001837,Xerox 1976,Office Supplies,Paper,4,20.736,7.2576,0,1,,4.0,9.0,1.2978237288035925,C,Z
OFF-PA-10001826,Xerox 207,Office Supplies,Paper,4,97.736,7.2576,0,1,,4.0,9.0,1.2978653067047876,C,Z
OFF-AP-10003281,Acco 6 Outlet Guardian Standard Surge Suppressor,Office Supplies,Appliances,2,104.18,7.254,0,1,,2.0,9.0,1.297906863982024,C,Z
OFF-BI-10002412,Wilson Jones “Snap” Scratch Pad Binder Tool for Ring Binders,Office Supplies,Binders,13,261.72,7.249999999999998,0,4,1.707825127659933,3.25,0.5254846546645948,1.2979483983437503,C,Y
OFF-LA-10004055,Color-Coded Legal Exhibit Labels,Office Supplies,Labels,3,234.73,7.2177,0,2,,3.0,9.0,1.297989747662734,C,Z
FUR-FU-10000550,Stacking Trays by OIC,Furniture,Furnishings,8,152.864,7.171199999999999,0,3,1.1547005383792515,2.6666666666666665,0.4330127018922193,1.298030830588915,C,X
OFF-BI-10001267,"Universal Recycled Hanging Pressboard Report Binders, Letter Size",Office Supplies,Binders,17,178.7,7.157200000000003,0,3,2.1213203435596424,8.5,0.24956709924231088,1.2980718333108112,C,X
OFF-PA-10004405,Rediform Voice Mail Log Books,Office Supplies,Paper,5,14.9,7.152,0,1,,5.0,9.0,1.2981128062425447,C,Z
FUR-TA-10001520,"Lesro Sheffield Collection Coffee Table, End Table, Center Table, Corner Table",Furniture,Tables,30,1994.25,7.136999999999993,2,6,0.5773502691896258,7.5,0.07698003589195011,1.2981536932411157,C,X
OFF-BI-10002954,Newell 3-Hole Punched Plastic Slotted Magazine Holders for Binders,Office Supplies,Binders,7,120.764,7.1292,0,3,0.5773502691896257,2.3333333333333335,0.24743582965269673,1.2981945355544424,C,X
FUR-FU-10002685,"Executive Impressions 13-1/2"" Indoor/Outdoor Wall Clock",Furniture,Furnishings,1,130.7,7.106,0,1,,1.0,9.0,1.2982352449578118,C,Z
OFF-PA-10003016,"Adams ""While You Were Out"" Message Pads",Office Supplies,Paper,5,95.7,7.065,0,1,,5.0,9.0,1.2982757194772045,C,Z
OFF-LA-10001175,Avery 514,Office Supplies,Labels,5,123.4,7.056,0,1,,5.0,9.0,1.2983161424366998,C,Z
OFF-AR-10002804,Faber Castell Col-Erase Pencils,Office Supplies,Art,4,220.582,7.041600000000001,0,3,1.4142135623730951,2.0,0.7071067811865476,1.2983564829003595,C,Y
TEC-AC-10001445,Imation USB 2.0 Swivel Flash Drive USB flash drive - 4 GB - Pink,Technology,Accessories,11,123.33000000000001,6.9993,0,2,2.1213203435596424,5.5,0.385694607919935,1.2983965810325016,C,X
OFF-PA-10000587,"Array Parchment Paper, Assorted Colors",Office Supplies,Paper,2,14.56,6.9888,0,1,,2.0,9.0,1.2984366190114303,C,Z
OFF-LA-10004677,Self-Adhesive Address Labels for Typewriters with Dispenser Box,Office Supplies,Labels,7,152.664,6.9741,0,1,,7.0,9.0,1.29847657277586,C,Z
OFF-AR-10001770,Economy #2 Pencils,Office Supplies,Art,10,155.6,6.916,0,3,0.5773502691896257,3.3333333333333335,0.1732050807568877,1.2985161936925083,C,X
OFF-SU-10004115,Acme Stainless Steel Office Snips,Office Supplies,Supplies,5,121.44200000000001,6.9065,0,2,0.7071067811865476,2.5,0.282842712474619,1.2985557601848203,C,X
FUR-FU-10000409,"GE 4 Foot Flourescent Tube, 40 Watt",Furniture,Furnishings,1,14.98,6.8908,0,1,,1.0,9.0,1.298595236733756,C,Z
OFF-AP-10004052,"Hoover Replacement Belts For Soft Guard & Commercial Ltweight Upright Vacs, 2/Pk",Office Supplies,Appliances,9,106.18,6.872999999999999,1,3,1.0,3.0,0.3333333333333333,1.2986346113086726,C,X
OFF-BI-10004187,3-ring staple pack,Office Supplies,Binders,13,142.552,6.8431999999999995,0,2,0.7071067811865476,6.5,0.10878565864408424,1.2986738151630404,C,X
OFF-AR-10004817,Colorific Watercolor Pencils,Office Supplies,Art,8,128.12,6.8112,0,2,1.4142135623730951,4.0,0.3535533905932738,1.2987128356933286,C,X
OFF-PA-10000466,"Memo Book, 100 Message Capacity, 5 3/8” x 11”",Office Supplies,Paper,2,13.48,6.74,0,1,,2.0,9.0,1.2987514483275404,C,Z
OFF-ST-10004186,"Stur-D-Stor Shelving, Vertical 5-Shelf: 72""H x 36""W x 18 1/2""D",Office Supplies,Storage,3,332.94,6.6588,0,1,,3.0,9.0,1.298789595776901,C,Z
OFF-AR-10004930,Turquoise Lead Holder with Pocket Clip,Office Supplies,Art,3,20.1,6.633,0,1,,3.0,9.0,1.2988275954212223,C,Z
OFF-PA-10001560,"Adams Telephone Message Books, 5 1/4” x 11”",Office Supplies,Paper,4,116.328,6.5232,0,2,0.0,2.0,0.0,1.2988649660347966,C,X
OFF-AR-10003896,"Stride Job 150 Highlighters, Chisel Tip, Assorted Colors",Office Supplies,Art,3,111.94,6.4584,0,1,,3.0,9.0,1.2989019654171101,C,Z
OFF-AR-10001227,Newell 338,Office Supplies,Art,8,146.51999999999998,6.3504000000000005,1,2,1.4142135623730951,4.0,0.3535533905932738,1.298938346080656,C,X
OFF-PA-10002001,Xerox 1984,Office Supplies,Paper,2,135.96,6.3504,0,1,,2.0,9.0,1.2989747267442018,C,Z
OFF-SU-10004768,Acme Kleencut Forged Steel Scissors,Office Supplies,Supplies,5,221.404,6.314,0,2,0.7071067811865476,2.5,0.282842712474619,1.2990108988766074,C,X
TEC-PH-10000004,Belkin iPhone and iPad Lightning Cable,Technology,Phones,7,129.944,6.2958,0,2,3.5355339059327378,3.5,1.0101525445522108,1.2990469667434428,C,Z
OFF-PA-10004255,Xerox 219,Office Supplies,Paper,2,114.96,6.2208,0,1,,2.0,9.0,1.2990826049444673,C,Z
OFF-LA-10000973,Avery 502,Office Supplies,Labels,7,118.64,6.174,0,3,0.5773502691896258,2.3333333333333335,0.24743582965269678,1.2991179750340256,C,X
TEC-AC-10001635,KeyTronic KT400U2 - Keyboard - Black,Technology,Accessories,3,30.84,6.168,0,1,,3.0,9.0,1.2991533107503193,C,Z
OFF-BI-10003655,Durable Pressboard Binders,Office Supplies,Binders,6,144.24,6.156,0,1,,6.0,9.0,1.299188577720083,C,Z
OFF-PA-10001622,"Ampad Poly Cover Wirebound Steno Book, 6"" x 9"" Assorted Colors, Gregg Ruled",Office Supplies,Paper,3,120.62,6.1290000000000004,0,2,0.7071067811865476,1.5,0.47140452079103173,1.2992236900101546,C,X
OFF-AR-10001216,Newell 339,Office Supplies,Art,10,189.68800000000002,6.116,0,3,1.5275252316519465,3.3333333333333335,0.45825756949558394,1.2992587278248193,C,X
OFF-AR-10001130,"Quartet Alpha White Chalk, 12/Pack",Office Supplies,Art,8,217.47,6.0996,0,2,1.4142135623730951,4.0,0.3535533905932738,1.2992936716858932,C,X
OFF-AR-10003856,Newell 344,Office Supplies,Art,13,274.804,6.0604,1,4,1.892969448600091,3.25,0.5824521380307972,1.2993283909749698,C,Y
OFF-BI-10002897,"Black Avery Memo-Size 3-Ring Binder, 5 1/2"" x 8 1/2""",Office Supplies,Binders,7,228.084,5.9821,0,3,0.5773502691896257,2.3333333333333335,0.24743582965269673,1.29936266169294,C,X
OFF-AR-10004587,"Boston 1827 Commercial Additional Cutter, Drive Gear & Gear Rack for 1606",Office Supplies,Art,1,103.83,5.949,0,1,,1.0,9.0,1.2993967427850652,C,Z
OFF-ST-10000352,Acco Perma 2700 Stacking Storage Drawers,Office Supplies,Storage,8,390.18,5.948,0,4,0.816496580927726,2.0,0.408248290463863,1.2994308181483134,C,X
OFF-AR-10001118,"Binney & Smith Crayola Metallic Crayons, 16-Color Pack",Office Supplies,Art,4,457.48,5.9312,0,1,,4.0,9.0,1.2994647972664197,C,Z
OFF-LA-10002271,Smead Alpha-Z Color-Coded Second Alphabetical Labels and Starter Set,Office Supplies,Labels,4,89.32,5.9136,0,2,0.0,2.0,0.0,1.2994986755562825,C,X
OFF-PA-10004470,"Adams Write n' Stick Phone Message Book, 11"" X 5 1/4"", 200 Messages",Office Supplies,Paper,4,121.176,5.9072,0,1,,4.0,9.0,1.2995325171813292,C,Z
FUR-FU-10002107,Eldon Pizzaz Desk Accessories,Furniture,Furnishings,11,19.624000000000002,5.8872,0,2,3.5355339059327378,5.5,0.6428243465332251,1.2995662442288265,C,Y
OFF-BI-10003727,Avery Durable Slant Ring Binders With Label Holder,Office Supplies,Binders,25,159.192,5.852000000000001,1,6,3.188521078284832,4.166666666666667,0.7652450587883597,1.2995997696198367,C,Y
OFF-FA-10004076,Translucent Push Pins by OIC,Office Supplies,Fasteners,15,116.552,5.841,0,3,3.0,5.0,0.6,1.2996332319931942,C,Y
OFF-BI-10003529,Avery Round Ring Poly Binders,Office Supplies,Binders,5,13.064,5.822,0,2,0.7071067811865476,2.5,0.282842712474619,1.29966658551788,C,X
OFF-BI-10002764,Recycled Pressboard Report Cover with Reinforced Top Hinge,Office Supplies,Binders,22,157.99,5.7494,0,5,2.4083189157584592,4.4,0.5473452081269226,1.2996995231260604,C,Y
OFF-PA-10003739,Xerox 1969,Office Supplies,Paper,2,88.56,5.6644,0,1,,2.0,9.0,1.2997319737796553,C,Z
FUR-FU-10003026,"Eldon Regeneration Recycled Desk Accessories, Black",Furniture,Furnishings,3,14.52,5.6628,0,1,,3.0,9.0,1.2997644152670462,C,Z
TEC-AC-10002134,Rosewill 107 Normal Keys USB Wired Standard Keyboard,Technology,Accessories,3,108.44,5.6616,0,2,0.7071067811865476,1.5,0.47140452079103173,1.299796849879784,C,X
OFF-PA-10002333,"Universal Ultra Bright White Copier/Laser Paper, 8 1/2"" x 11"", Ream",Office Supplies,Paper,3,108.552,5.6376,0,1,,3.0,9.0,1.2998291469994625,C,Z
OFF-LA-10000634,Avery 509,Office Supplies,Labels,6,100.094,5.6376,0,2,0.0,3.0,0.0,1.2998614441191407,C,X
OFF-BI-10004506,Wilson Jones data.warehouse D-Ring Binders with DublLock,Office Supplies,Binders,6,136.274,5.596399999999999,0,2,1.4142135623730951,3.0,0.47140452079103173,1.299893505209067,C,X
FUR-FU-10000448,Tenex Chairmats For Use With Carpeted Floors,Furniture,Furnishings,7,206.86,5.593,0,3,0.5773502691896257,2.3333333333333335,0.24743582965269673,1.2999255468208097,C,X
OFF-AR-10003251,Prang Drawing Pencil Set,Office Supplies,Art,8,327.904,5.5600000000000005,1,4,0.5773502691896257,2.6666666666666665,0.21650635094610965,1.2999573993795959,C,X
OFF-ST-10004963,Eldon Gobal File Keepers,Office Supplies,Storage,19,422.604,5.4504,0,4,3.8622100754188224,4.75,0.81309685798291,1.29998862405341,C,Y
OFF-PA-10002365,Xerox 1967,Office Supplies,Paper,3,114.552,5.4432,0,1,,3.0,9.0,1.3000198074793066,C,Z
OFF-PA-10000556,Xerox 208,Office Supplies,Paper,3,94.552,5.4432,0,1,,3.0,9.0,1.300050990905203,C,Z
OFF-LA-10004178,Avery 491,Office Supplies,Labels,5,211.51999999999998,5.369000000000001,0,2,2.1213203435596424,2.5,0.8485281374238569,1.3000817492483905,C,Y
OFF-AR-10001231,"Sanford EarthWrite Recycled Pencils, Medium Soft, #2",Office Supplies,Art,9,117.9,5.292,0,2,3.5355339059327378,4.5,0.7856742013183862,1.300112066468012,C,Y
OFF-PA-10000308,Xerox 1901,Office Supplies,Paper,4,143.896,5.28,0,1,,4.0,9.0,1.3001423149411035,C,Z
OFF-AR-10002257,"Eldon Spacemaker Box, Quick-Snap Lid, Clear",Office Supplies,Art,7,181.37599999999998,5.2438,0,3,1.5275252316519465,2.3333333333333335,0.6546536707079771,1.3001723560288305,C,Y
OFF-AP-10002457,"Eureka The Boss Plus 12-Amp Hard Box Upright Vacuum, Red",Office Supplies,Appliances,15,1482.15,5.232500000000016,0,5,2.362907813126304,3.75,0.6301087501670144,1.300202332380242,C,Y
OFF-AP-10003971,Belkin 6 Outlet Metallic Surge Strip,Office Supplies,Appliances,8,301.69599999999997,5.227199999999998,0,4,0.816496580927726,2.0,0.408248290463863,1.300232278368603,C,X
OFF-EN-10004147,Wausau Papers Astrobrights Colored Envelopes,Office Supplies,Envelopes,3,130.352,5.2026,0,1,,3.0,9.0,1.3002620834265777,C,Z
OFF-AR-10003087,Staples in misc. colors,Office Supplies,Art,14,338.14,5.1975999999999996,0,2,2.8284271247461903,7.0,0.4040610178208843,1.3002918598401652,C,X
OFF-AR-10001315,Newell 310,Office Supplies,Art,17,552.4000000000001,5.1568,0,4,7.234178138070234,5.666666666666667,1.2766196714241589,1.3003214025155514,C,Z
FUR-BO-10000362,Sauder Inglewood Library Bookcases,Furniture,Bookcases,1,136.784,5.1294,0,1,,1.0,9.0,1.3003507882196947,C,Z
OFF-PA-10000955,Southworth 25% Cotton Granite Paper & Envelopes,Office Supplies,Paper,3,15.696,5.1012,0,1,,3.0,9.0,1.300380012369493,C,Z
OFF-AR-10001919,"OIC #2 Pencils, Medium Soft",Office Supplies,Art,10,305.42400000000004,5.0760000000000005,0,4,1.7320508075688772,2.5,0.6928203230275509,1.300409092151579,C,Y
OFF-AR-10003481,Newell 348,Office Supplies,Art,17,206.608,5.018400000000001,0,4,3.2015621187164243,4.25,0.7533087338156292,1.3004378419503222,C,Y
OFF-AR-10003770,Newell 340,Office Supplies,Art,6,17.28,5.0112,0,1,,6.0,9.0,1.3004665505011475,C,Z
TEC-PH-10002583,iOttie HLCRIO102 Car Mount,Technology,Phones,9,216.91199999999998,4.9975000000000005,0,3,2.6457513110645907,3.0,0.8819171036881969,1.3004951805663512,C,Y
OFF-AR-10000315,"Dixon Ticonderoga Maple Cedar Pencil, #2",Office Supplies,Art,8,102.332,4.912000000000001,0,3,0.5773502691896258,2.6666666666666665,0.2165063509461097,1.3005233208125306,C,X
OFF-BI-10004656,Peel & Stick Add-On Corner Pockets,Office Supplies,Binders,13,539.4399999999999,4.8384,0,4,1.707825127659933,3.25,0.5254846546645948,1.3005510394133275,C,Y
OFF-PA-10003270,Xerox 1954,Office Supplies,Paper,2,10.56,4.752,0,1,,2.0,9.0,1.30057826303911,C,Z
OFF-BI-10000848,Angle-D Ring Binders,Office Supplies,Binders,9,372.179,4.5948,0,4,0.9574271077563381,2.25,0.42552315900281695,1.3006045860853528,C,X
OFF-BI-10000145,Zipper Ring Binder Pockets,Office Supplies,Binders,25,557.304,4.524,0,8,1.5526475085202969,3.125,0.496847202726495,1.30063050352707,C,X
TEC-PH-10002070,Griffin GC36547 PowerJolt SE Lightning Charger,Technology,Phones,2,35.984,4.498,0,1,,2.0,9.0,1.3006562720179728,C,Z
OFF-AR-10000634,Newell 320,Office Supplies,Art,6,240.11200000000002,4.365600000000001,0,2,0.0,3.0,0.0,1.3006812820054972,C,X
OFF-AR-10001246,Newell 317,Office Supplies,Art,5,311.7,4.263,0,2,0.7071067811865476,2.5,0.282842712474619,1.3007057042101924,C,X
OFF-AR-10002578,Newell 335,Office Supplies,Art,5,302.4,4.176,0,2,0.7071067811865476,2.5,0.282842712474619,1.3007296280025467,C,X
OFF-BI-10000042,"Pressboard Data Binder, Crimson, 12"" X 8 1/2""",Office Supplies,Binders,3,12.816,4.1652,0,1,,3.0,9.0,1.3007534899230242,C,Z
OFF-LA-10004409,Avery 492,Office Supplies,Labels,4,322.368,4.1472,0,2,0.0,2.0,0.0,1.3007772487237073,C,X
OFF-LA-10004272,Avery 482,Office Supplies,Labels,3,117.67,4.0749,0,1,,3.0,9.0,1.3008005933265485,C,Z
OFF-LA-10004425,Staple-on labels,Office Supplies,Labels,3,8.67,4.0749,0,1,,3.0,9.0,1.3008239379293898,C,Z
TEC-PH-10000347,Cush Cases Heavy Duty Rugged Cover Case for Samsung Galaxy S5 - Purple,Technology,Phones,6,590.74,4.059,0,3,1.0,2.0,0.5,1.300847191443079,C,X
OFF-AR-10003183,Avery Fluorescent Highlighter Four-Color Set,Office Supplies,Art,12,440.064,4.008,0,3,2.6457513110645907,4.0,0.6614378277661477,1.300870152784017,C,Y
OFF-PA-10000528,Xerox 1981,Office Supplies,Paper,3,116.672,3.96,0,1,,3.0,9.0,1.3008928391388357,C,Z
OFF-BI-10003314,Tuff Stuff Recycled Round Ring Binders,Office Supplies,Binders,8,292.618,3.9524,0,4,0.816496580927726,2.0,0.408248290463863,1.3009154819541857,C,X
OFF-ST-10002444,Recycled Eldon Regeneration Jumbo File,Office Supplies,Storage,4,148.296,3.9296,0,1,,4.0,9.0,1.3009379941511292,C,Z
OFF-AR-10003876,"Avery Hi-Liter GlideStik Fluorescent Highlighter, Yellow Ink",Office Supplies,Art,5,112.04,3.912,0,1,,5.0,9.0,1.300960405519829,C,Z
OFF-LA-10003714,Avery 510,Office Supplies,Labels,3,207.75,3.9000000000000004,0,2,0.7071067811865476,1.5,0.47140452079103173,1.3009827481419989,C,X
OFF-LA-10000476,"Avery 05222 Permanent Self-Adhesive File Folder Labels for Typewriters, on Rolls, White, 250/Roll",Office Supplies,Labels,2,117.26,3.7996,0,1,,2.0,9.0,1.30100451558487,C,Z
OFF-PA-10003036,"Black Print Carbonless 8 1/2"" x 8 1/4"" Rapid Memo Book",Office Supplies,Paper,2,11.648,3.7856,0,1,,2.0,9.0,1.3010262028234565,C,Z
OFF-AR-10001940,"Sanford Colorific Eraseable Coloring Pencils, 12 Count",Office Supplies,Art,5,105.12,3.772,0,1,,5.0,9.0,1.301047812149309,C,Z
OFF-AR-10000422,Pencil and Crayon Sharpener,Office Supplies,Art,16,747.346,3.7668,0,4,2.581988897471611,4.0,0.6454972243679028,1.301069391684999,C,Y
OFF-PA-10002109,Wirebound Voice Message Log Book,Office Supplies,Paper,3,113.424,3.7128,0,1,,3.0,9.0,1.3010906618613047,C,Z
OFF-SU-10004737,Acme Design Stainless Steel Bent Scissors,Office Supplies,Supplies,2,13.68,3.6936,0,1,,2.0,9.0,1.301111822043163,C,Z
OFF-ST-10001627,Eldon Jumbo ProFile Portable File Boxes Graphite/Black,Office Supplies,Storage,3,36.744,3.6744,0,1,,3.0,9.0,1.3011328722305737,C,Z
TEC-AC-10003133,Memorex Mini Travel Drive 4 GB USB 2.0 Flash Drive,Technology,Accessories,2,13.616,3.5742,0,1,,2.0,9.0,1.3011533483844608,C,Z
TEC-PH-10004774,Gear Head AU3700S Headset,Technology,Phones,9,467.91,3.5073,0,2,3.5355339059327378,4.5,0.7856742013183862,1.3011734412764446,C,Y
OFF-EN-10003160,Pastel Pink Envelopes,Office Supplies,Envelopes,1,252.28,3.4944,0,1,,1.0,9.0,1.301193460265909,C,Z
OFF-AR-10002335,DIXON Oriole Pencils,Office Supplies,Art,9,338.64,3.4572,0,4,1.0,3.0,0.3333333333333333,1.3012132661411313,C,X
FUR-FU-10002456,"Master Caster Door Stop, Large Neon Orange",Furniture,Furnishings,9,244.768,3.4216,0,3,1.7320508075688772,3.0,0.5773502691896257,1.301232868068315,C,Y
OFF-FA-10001754,Stockwell Gold Paper Clips,Office Supplies,Fasteners,5,8.096,3.404,0,2,0.7071067811865476,2.5,0.282842712474619,1.3012523691672553,C,X
TEC-AC-10003657,Lenovo 17-Key USB Numeric Keypad,Technology,Accessories,5,223.95999999999998,3.399,0,2,0.7071067811865476,2.5,0.282842712474619,1.301271841621808,C,X
FUR-FU-10001025,"Eldon Imàge Series Desk Accessories, Clear",Furniture,Furnishings,3,114.664,3.3534,1,1,,3.0,9.0,1.3012910528395478,C,Z
OFF-AR-10001427,Newell 330,Office Supplies,Art,6,206.9,3.3487999999999998,0,2,2.8284271247461903,3.0,0.9428090415820635,1.3013102377044512,C,Y
OFF-LA-10002473,Avery 484,Office Supplies,Labels,4,9.216,3.3408,0,1,,4.0,9.0,1.3013293767383347,C,Z
TEC-AC-10000487,SanDisk Cruzer 4 GB USB Flash Drive,Technology,Accessories,3,15.576,3.3099,0,1,,3.0,9.0,1.301348338749904,C,Z
OFF-ST-10004946,Desktop 3-Pocket Hot File,Office Supplies,Storage,1,145.28,3.246,0,1,,1.0,9.0,1.3013669346862027,C,Z
OFF-PA-10004947,Easy-staple paper,Office Supplies,Paper,3,10.272,3.21,0,1,,3.0,9.0,1.3013853243829117,C,Z
OFF-BI-10000201,"Avery Triangle Shaped Sheet Lifters, Black, 2/Pack",Office Supplies,Binders,11,268.728,3.1980000000000004,0,3,1.1547005383792517,3.6666666666666665,0.31491832864888686,1.3014036453330913,C,X
OFF-AR-10003986,Avery Hi-Liter Pen Style Six-Color Fluorescent Set,Office Supplies,Art,2,7.7,3.157,0,1,,2.0,9.0,1.301421731399294,C,Z
OFF-AR-10004027,"Binney & Smith inkTank Erasable Desk Highlighter, Chisel Tip, Yellow, 12/Box",Office Supplies,Art,3,127.56,3.0996,0,1,,3.0,9.0,1.3014394886279295,C,Z
OFF-FA-10001229,Staples,Office Supplies,Fasteners,3,92.432,3.0654,0,1,,3.0,9.0,1.301457049928955,C,Z
OFF-BI-10004410,"C-Line Peel & Stick Add-On Filing Pockets, 8-3/4 x 5-1/8, 10/Pack",Office Supplies,Binders,11,137.131,2.9939,0,2,0.7071067811865476,5.5,0.128564869306645,1.3014742016152407,C,X
OFF-AR-10004790,Staples in misc. colors,Office Supplies,Art,5,270.88,2.9925,0,2,0.7071067811865476,2.5,0.282842712474619,1.301491345281098,C,X
TEC-AC-10003433,Maxell 4.7GB DVD+R 5/Pack,Technology,Accessories,8,212.32600000000002,2.97,0,3,0.5773502691896258,2.6666666666666665,0.2165063509461097,1.3015083600472124,C,X
OFF-SU-10002522,Acme Kleen Earth Office Shears,Office Supplies,Supplies,4,100.968,2.9488,0,2,0.0,2.0,0.0,1.301525253361124,C,X
OFF-PA-10001243,Xerox 1983,Office Supplies,Paper,1,5.98,2.9302,0,1,,1.0,9.0,1.3015420401179143,C,Z
TEC-AC-10001553,"Memorex 25GB 6X Branded Blu-Ray Recordable Disc, 15/Pack",Technology,Accessories,17,370.06399999999996,2.8883,0,3,3.0550504633038935,5.666666666666667,0.5391265523477459,1.3015585868347384,C,Y
OFF-ST-10003221,Staple magnet,Office Supplies,Storage,1,216.68,2.8836,0,1,,1.0,9.0,1.3015751066258383,C,Z
OFF-AR-10002053,"Premium Writing Pencils, Soft, #2 by Central Association for the Blind",Office Supplies,Art,7,215.88,2.8608000000000002,0,3,0.5773502691896258,2.3333333333333335,0.24743582965269678,1.3015914957985315,C,X
OFF-FA-10003059,Assorted Color Push Pins,Office Supplies,Fasteners,6,526.136,2.8598000000000003,0,3,0.0,2.0,0.0,1.3016078792423473,C,X
OFF-AR-10004974,Newell 342,Office Supplies,Art,3,9.84,2.8536,0,1,,3.0,9.0,1.301624227167123,C,Z
OFF-AR-10002467,Dixon Ticonderoga Pencils,Office Supplies,Art,5,95.708,2.8310000000000004,0,2,0.7071067811865476,2.5,0.282842712474619,1.3016404456192674,C,X
OFF-LA-10003388,Avery 5,Office Supplies,Labels,2,94.76,2.8224,0,1,,2.0,9.0,1.3016566148030655,C,Z
OFF-ST-10001505,"Perma STOR-ALL Hanging File Box, 13 1/8""W x 12 1/4""D x 10 1/2""H",Office Supplies,Storage,11,57.408,2.8106,0,3,3.0550504633038935,3.6666666666666665,0.8331955809010619,1.3016727163861095,C,Y
OFF-AR-10003217,Newell 316,Office Supplies,Art,7,27.384,2.7384,0,1,,7.0,9.0,1.3016884043441992,C,Z
OFF-AR-10003477,4009 Highlighters,Office Supplies,Art,6,8.04,2.7336,0,1,,6.0,9.0,1.3017040648036773,C,Z
OFF-PA-10003919,Xerox 1989,Office Supplies,Paper,2,117.968,2.6892,0,1,,2.0,9.0,1.3017194709009952,C,Z
OFF-ST-10004835,Plastic Stacking Crates & Casters,Office Supplies,Storage,8,373.712,2.6784,0,4,0.5773502691896258,2.6666666666666665,0.2165063509461097,1.3017348151264363,C,X
FUR-FU-10001852,"Eldon Regeneration Recycled Desk Accessories, Smoke",Furniture,Furnishings,6,108.744,2.6448,0,2,1.4142135623730951,3.0,0.47140452079103173,1.301749966861594,C,X
OFF-AR-10003772,Boston 16750 Black Compact Battery Pencil Sharpener,Office Supplies,Art,1,8.75,2.625,0,1,,1.0,9.0,1.3017650051649776,C,Z
FUR-FU-10003981,Eldon Wave Desk Accessories,Furniture,Furnishings,3,113.24,2.6208,0,1,,3.0,9.0,1.3017800194070759,C,Z
OFF-AR-10000823,Newell 307,Office Supplies,Art,10,421.652,2.548,0,2,2.8284271247461903,5.0,0.565685424949238,1.3017946165868939,C,Y
OFF-BI-10004040,Wilson Jones Impact Binders,Office Supplies,Binders,21,656.016,2.5382000000000016,0,6,1.760681686165901,3.5,0.5030519103331146,1.3018091576237123,C,Y
TEC-AC-10002370,Maxell CD-R Discs,Technology,Accessories,4,86.88,2.5216,0,1,,4.0,9.0,1.3018236035611646,C,Z
OFF-BI-10004967,Round Ring Binders,Office Supplies,Binders,23,27.872,2.5167999999999995,0,5,4.272001872658765,5.75,0.7429568474189157,1.3018380220000052,C,Y
OFF-AR-10002221,12 Colored Short Pencils,Office Supplies,Art,5,119.96,2.4699999999999998,0,2,0.7071067811865476,2.5,0.282842712474619,1.3018521723273795,C,X
OFF-AR-10003903,Sanford 52201 APSCO Electric Pencil Sharpener,Office Supplies,Art,1,93.776,2.4582,0,1,,1.0,9.0,1.3018662550539994,C,Z
OFF-AR-10000475,"Hunt BOSTON Vista Battery-Operated Pencil Sharpener, Black",Office Supplies,Art,3,27.983999999999998,2.4486,0,2,0.7071067811865476,1.5,0.47140452079103173,1.3018802827833957,C,X
OFF-ST-10000419,"Rogers Jumbo File, Granite",Office Supplies,Storage,18,341.44,2.4444,0,5,2.3804761428476167,4.5,0.5289946984105814,1.3018942864515068,C,Y
OFF-EN-10001535,Grip Seal Envelopes,Office Supplies,Envelopes,2,7.072,2.3868,0,1,,2.0,9.0,1.3019079601362749,C,Z
OFF-AR-10000127,Newell 321,Office Supplies,Art,8,97.992,2.3616,0,1,,8.0,9.0,1.3019214894533304,C,Z
OFF-FA-10000490,"OIC Binder Clips, Mini, 1/4"" Capacity, Black",Office Supplies,Fasteners,4,87.96,2.3312,0,1,,4.0,9.0,1.3019348446125105,C,Z
OFF-PA-10004000,"While You Were Out Pads, 50 per Pad, 4 x 5 1/4, Green Cycle",Office Supplies,Paper,1,4.73,2.3177,0,1,,1.0,9.0,1.301948122431845,C,Z
OFF-SU-10001212,Kleencut Forged Office Shears by Acme United Corporation,Office Supplies,Supplies,5,98.568,2.2880000000000003,0,2,0.7071067811865476,2.5,0.282842712474619,1.301961230103518,C,X
OFF-FA-10002676,Colored Push Pins,Office Supplies,Fasteners,5,87.964,2.1719999999999997,0,3,1.1547005383792517,1.6666666666666667,0.692820323027551,1.3019736732254035,C,Y
FUR-FU-10001546,Dana Swing-Arm Lamps,Furniture,Furnishings,4,117.17599999999999,2.136,0,2,0.0,2.0,0.0,1.3019859101076996,C,X
TEC-PH-10002844,Speck Products Candyshell Flip Case,Technology,Phones,1,115.992,2.0994,0,1,,1.0,9.0,1.3019979373130801,C,Z
OFF-BI-10002012,Wilson Jones Easy Flow II Sheet Lifters,Office Supplies,Binders,32,906.04,2.0879999999999996,1,8,2.7774602993176543,4.0,0.6943650748294136,1.3020098992092572,C,Y
OFF-SU-10004290,"Acme Design Line 8"" Stainless Steel Bent Scissors w/Champagne Handles, 3-1/8"" Cut",Office Supplies,Supplies,1,6.84,1.8468,0,1,,1.0,9.0,1.3020204793001864,C,Z
OFF-AR-10001022,SANFORD Liquid Accent Tank-Style Highlighters,Office Supplies,Art,2,95.68,1.7608,0,1,,2.0,9.0,1.3020305667076522,C,Z
FUR-FU-10001196,DAX Cubicle Frames - 8x10,Furniture,Furnishings,15,259.31600000000003,1.7309999999999985,0,4,2.217355782608345,3.75,0.5912948753622254,1.3020404833945691,C,Y
TEC-AC-10002558,Imation Swivel Flash Drive USB flash drive - 8 GB,Technology,Accessories,1,105.096,1.7055,0,1,,1.0,9.0,1.3020502539951104,C,Z
FUR-FU-10001867,"Eldon Expressions Punched Metal & Wood Desk Accessories, Pewter & Cherry",Furniture,Furnishings,2,88.024,1.7024,1,1,,2.0,9.0,1.3020600068361317,C,Z
FUR-FU-10002191,G.E. Halogen Desk Lamp Bulbs,Furniture,Furnishings,3,125.56400000000001,1.6752,0,2,0.7071067811865476,1.5,0.47140452079103173,1.3020696038516852,C,X
OFF-AR-10004165,"Binney & Smith inkTank Erasable Pocket Highlighter, Chisel Tip, Yellow",Office Supplies,Art,3,5.472,1.6416,0,1,,3.0,9.0,1.3020790083769556,C,Z
OFF-AR-10000369,Design Ebony Sketching Pencil,Office Supplies,Art,9,506.842,1.5846,0,2,2.1213203435596424,4.5,0.4714045207910316,1.3020880863562097,C,X
OFF-AR-10001972,Newell 323,Office Supplies,Art,9,166.768,1.5792000000000002,0,2,3.5355339059327378,4.5,0.7856742013183862,1.3020971333995253,C,Y
FUR-FU-10002506,"Tensor ""Hersey Kiss"" Styled Floor Lamp",Furniture,Furnishings,1,106.99,1.5588,0,1,,1.0,9.0,1.3021060635737405,C,Z
TEC-AC-10002217,Imation Clip USB flash drive - 8 GB,Technology,Accessories,18,345.6,1.5039999999999996,0,4,2.3804761428476167,4.5,0.5289946984105814,1.3021146798054695,C,Y
OFF-BI-10001634,Wilson Jones Active Use Binders,Office Supplies,Binders,11,238.22400000000002,1.3832000000000004,0,4,0.9574271077563381,2.75,0.34815531191139565,1.3021226039887992,C,X
OFF-AR-10002833,Newell 322,Office Supplies,Art,5,118.008,1.365,0,2,0.7071067811865476,2.5,0.282842712474619,1.3021304239065585,C,X
OFF-BI-10004876,Wilson Jones Suede Grain Vinyl Binders,Office Supplies,Binders,1,73.78,1.3622,1,1,,1.0,9.0,1.3021382277834612,C,Z
OFF-FA-10003021,Staples,Office Supplies,Fasteners,2,106.76,1.316,0,1,,2.0,9.0,1.3021457669862242,C,Z
FUR-CH-10002304,"Global Stack Chair without Arms, Black",Furniture,Chairs,29,583.364,1.2989999999999995,0,4,5.377421934967226,7.25,0.741713370340307,1.30215320879807,C,Y
OFF-LA-10002368,Avery 479,Office Supplies,Labels,1,2.61,1.2006,0,1,,1.0,9.0,1.302160086888372,C,Z
OFF-AR-10003958,Newell 337,Office Supplies,Art,4,133.49599999999998,1.1808,0,2,0.0,2.0,0.0,1.3021668515468998,C,X
OFF-FA-10001883,"Alliance Super-Size Bands, Assorted Sizes",Office Supplies,Fasteners,15,116.7,1.167,0,2,6.363961030678928,7.5,0.848528137423857,1.3021735371469183,C,Y
OFF-BI-10002432,Wilson Jones Standard D-Ring Binders,Office Supplies,Binders,13,291.926,1.0626000000000002,1,4,2.0816659994661326,4.333333333333333,0.4803844614152614,1.302179624652128,C,X
OFF-ST-10003572,Portfile Personal File Boxes,Office Supplies,Storage,1,14.16,1.062,0,1,,1.0,9.0,1.3021857087200113,C,Z
OFF-BI-10004022,Acco Suede Grain Vinyl Round Ring Binder,Office Supplies,Binders,21,470.52599999999995,1.0008,0,5,3.271085446759225,4.2,0.7788298682760059,1.302191442180593,C,Y
OFF-BI-10002571,"Avery Framed View Binder, EZD Ring (Locking), Navy, 1 1/2""",Office Supplies,Binders,10,226.892,0.9980000000000011,0,3,2.0816659994661326,3.3333333333333335,0.6244997998398397,1.3021971596003172,C,Y
OFF-ST-10000617,Woodgrain Magazine Files by Perma,Office Supplies,Storage,16,124.29599999999999,0.9535999999999997,0,4,2.449489742783178,4.0,0.6123724356957945,1.3022026226578818,C,Y
TEC-AC-10003709,Maxell 4.7GB DVD-R 5/Pack,Technology,Accessories,3,236.574,0.9108,0,2,0.7071067811865476,1.5,0.47140452079103173,1.3022078405194901,C,X
OFF-AR-10004707,Staples in misc. colors,Office Supplies,Art,1,373.48,0.868,0,1,,1.0,9.0,1.3022128131851423,C,Z
OFF-SU-10003567,Stiletto Hand Letter Openers,Office Supplies,Supplies,3,28.8,0.864,0,1,,3.0,9.0,1.3022177629352847,C,Z
OFF-LA-10002381,Avery 497,Office Supplies,Labels,1,124.464,0.8624,0,1,,1.0,9.0,1.302222703519223,C,Z
OFF-BI-10004528,Cardinal Poly Pocket Divider Pockets for Ring Binders,Office Supplies,Binders,1,118.688,0.84,0,1,,1.0,9.0,1.3022275157763057,C,Z
OFF-AR-10003190,Newell 32,Office Supplies,Art,1,2.88,0.8064,0,1,,1.0,9.0,1.3022321355431052,C,Z
OFF-ST-10002486,Eldon Shelf Savers Cubes and Bins,Office Supplies,Storage,25,412.708,0.6980000000000001,0,4,4.349329450233296,6.25,0.6958927120373274,1.3022361342995858,C,Y
TEC-PH-10003655,Sannysis Cute Owl Design Soft Skin Case Cover for Samsung Galaxy S4,Technology,Phones,5,89.92,0.693,0,1,,5.0,9.0,1.3022401044116791,C,Z
OFF-FA-10000840,OIC Thumb-Tacks,Office Supplies,Fasteners,2,71.824,0.6156,0,1,,2.0,9.0,1.3022436311086556,C,Z
OFF-AR-10000896,Newell 329,Office Supplies,Art,3,7.872,0.5904,0,1,,3.0,9.0,1.3022470134379194,C,Z
OFF-FA-10004838,"Super Bands, 12/Pack",Office Supplies,Fasteners,10,213.6,0.558,0,2,2.8284271247461903,5.0,0.565685424949238,1.302250210151553,C,Y
TEC-AC-10002380,Sony 8GB Class 10 Micro SDHC R40 Memory Card,Technology,Accessories,3,103.192,0.3399,0,1,,3.0,9.0,1.302252157397008,C,Z
OFF-FA-10002701,Alliance Rubber Bands,Office Supplies,Fasteners,5,619.4,0.336,0,1,,5.0,9.0,1.3022540822998412,C,Z
OFF-FA-10001135,"Brites Rubber Bands, 1 1/2 oz. Box",Office Supplies,Fasteners,5,134.9,0.198,0,2,0.7071067811865476,2.5,0.282842712474619,1.3022552166175823,C,X
OFF-SU-10002189,Acme Rosewood Handle Letter Opener,Office Supplies,Supplies,4,15.88,0.1588,0,1,,4.0,9.0,1.302256126363326,C,Z
OFF-SU-10003002,Letter Slitter,Office Supplies,Supplies,2,5.04,0.1512,0,1,,2.0,9.0,1.3022569925696008,C,Z
FUR-TA-10004086,KI Adjustable-Height Table,Furniture,Tables,15,1048.9660000000001,8.881784197001252e-16,1,4,0.9574271077563381,3.75,0.25531389540169014,1.3022569925696008,C,X
OFF-ST-10001097,Office Impressions Heavy Duty Welded Shelving & Multimedia Storage Drawers,Office Supplies,Storage,12,1862.2399999999998,0.0,0,3,1.7320508075688772,4.0,0.4330127018922193,1.3022569925696008,C,X
OFF-ST-10003324,Belkin OmniView SE Rackmount Kit,Office Supplies,Storage,7,338.36,0.0,0,2,3.5355339059327378,3.5,1.0101525445522108,1.3022569925696008,C,Z
OFF-FA-10003467,"Alliance Big Bands Rubber Bands, 12/Pack",Office Supplies,Fasteners,10,19.8,0.0,0,2,2.8284271247461903,5.0,0.565685424949238,1.3022569925696008,C,Y
OFF-BI-10002353,GBC VeloBind Cover Sets,Office Supplies,Binders,32,558.04,0.0,0,8,1.9023794624226837,4.571428571428571,0.4161455074049621,1.3022569925696008,C,X
OFF-SU-10003505,Premier Electric Letter Opener,Office Supplies,Supplies,24,2149.6079999999997,-7.105427357601002e-15,0,8,1.6035674514745464,3.0,0.5345224838248488,1.3022569925696008,C,Y
OFF-BI-10002393,Binder Posts,Office Supplies,Binders,13,353.18,-0.11480000000000068,0,5,0.8944271909999159,2.6,0.3440104580768907,1.3022563348944662,C,X
OFF-BI-10001757,Pressboard Hanging Data Binders for Unburst Sheets,Office Supplies,Binders,32,1291.672,-0.19680000000000142,0,7,2.5071326821120348,4.571428571428571,0.5484352742120077,1.3022552074513782,C,Y
OFF-FA-10004395,Plymouth Boxed Rubber Bands by Plymouth,Office Supplies,Fasteners,11,362.984,-0.23550000000000004,0,3,0.7071067811865476,5.5,0.128564869306645,1.3022538583007317,C,X
OFF-BI-10003350,Acco Expandable Hanging Binders,Office Supplies,Binders,6,129.416,-0.2551999999999994,0,2,1.4142135623730951,3.0,0.47140452079103173,1.302252396291199,C,X
TEC-AC-10004877,Imation 30456 USB Flash Drive 8GB,Technology,Accessories,7,44.16,-0.2759999999999998,0,3,1.1547005383792515,2.3333333333333335,0.49487165930539345,1.3022508151210144,C,X
OFF-BI-10001617,GBC Wire Binding Combs,Office Supplies,Binders,11,574.972,-0.31019999999999825,0,4,2.516611478423583,3.6666666666666665,0.6863485850246136,1.3022490380232203,C,Y
OFF-AP-10002906,Hoover Replacement Belt for Commercial Guardsman Heavy-Duty Upright Vacuum,Office Supplies,Appliances,2,221.664,-0.44400000000000006,0,2,0.0,1.0,0.0,1.3022464944016194,C,X
TEC-AC-10003441,Kingston Digital DataTraveler 32GB USB 2.0,Technology,Accessories,16,680.25,-0.6780000000000004,0,5,1.9235384061671346,3.2,0.6011057519272295,1.3022426102226883,C,Y
OFF-FA-10003472,Bagged Rubber Bands,Office Supplies,Fasteners,14,3492.6140000000005,-0.8064,0,4,2.309401076758503,4.666666666666667,0.49487165930539345,1.3022379904558887,C,X
OFF-FA-10004968,Rubber Band Ball,Office Supplies,Fasteners,9,852.164,-0.8228,0,3,1.0,3.0,0.3333333333333333,1.3022332767354987,C,X
OFF-AP-10003278,Belkin 7-Outlet SurgeMaster Home Series,Office Supplies,Appliances,9,394.202,-0.838200000000001,0,4,0.0,3.0,0.0,1.3022284747903954,C,X
OFF-SU-10000432,Acco Side-Punched Conventional Columnar Pads,Office Supplies,Supplies,2,103.552,-1.041,0,1,,2.0,9.0,1.3022225110289392,C,Z
FUR-FU-10001379,"Executive Impressions 16-1/2"" Circular Wall Clock",Furniture,Furnishings,4,164.784,-1.0687999999999995,0,2,1.4142135623730951,2.0,0.7071067811865476,1.302216388004689,C,Y
FUR-FU-10000193,Tenex Chairmats For Use with Hard Floors,Furniture,Furnishings,7,263.87199999999996,-1.2992000000000008,1,2,0.7071067811865476,3.5,0.20203050891044216,1.3022089450470677,C,X
OFF-BI-10000494,Acco Economy Flexible Poly Round Ring Binder,Office Supplies,Binders,3,312.308,-1.305,0,2,0.7071067811865476,1.5,0.47140452079103173,1.302201468861957,C,X
OFF-SU-10001935,Staple remover,Office Supplies,Supplies,9,428.44,-1.3952,1,4,1.2583057392117916,2.25,0.5592469952052407,1.3021934759320977,C,Y
TEC-AC-10000387,KeyTronic KT800P2 - Keyboard - Black,Technology,Accessories,5,157.08,-1.502,1,2,0.7071067811865476,2.5,0.282842712474619,1.3021848711581234,C,X
FUR-FU-10001095,DAX Black Cherry Wood-Tone Poster Frame,Furniture,Furnishings,3,271.664,-1.588799999999999,1,2,0.7071067811865476,1.5,0.47140452079103173,1.302175769117584,C,X
OFF-BI-10003984,Lock-Up Easel 'Spel-Binder',Office Supplies,Binders,22,665.948,-1.7118000000000002,0,5,2.5166114784235836,7.333333333333333,0.34317429251230686,1.3021659624251145,C,X
TEC-MA-10003493,Penpower WorldCard Pro Card Scanner,Technology,Machines,1,91.475,-1.8295,0,1,,1.0,9.0,1.302155481443766,C,Z
OFF-BI-10000831,Storex Flexible Poly Binders with Double Pockets,Office Supplies,Binders,9,91.82400000000001,-2.0064,0,3,1.0,3.0,0.3333333333333333,1.302143987023991,C,X
FUR-TA-10004534,Bevis 44 x 96 Conference Tables,Furniture,Tables,7,929.22,-2.0589999999999975,0,3,0.5773502691896258,2.3333333333333335,0.24743582965269678,1.3021321912652606,C,X
OFF-FA-10000053,Revere Boxed Rubber Bands by Revere,Office Supplies,Fasteners,15,118.70400000000001,-2.079,0,3,2.0,5.0,0.4,1.3021202809289807,C,X
OFF-BI-10003094,Self-Adhesive Ring Binder Labels,Office Supplies,Binders,2,78.408,-2.3232,0,1,,2.0,9.0,1.3021069716008202,C,Z
OFF-BI-10003784,Computer Printout Index Tabs,Office Supplies,Binders,14,406.744,-2.4864,0,3,0.5773502691896257,4.666666666666667,0.12371791482634836,1.3020927273198553,C,X
TEC-AC-10001552,Logitech K350 2.4Ghz Wireless Keyboard,Technology,Accessories,5,307.988,-2.4885,0,2,0.7071067811865476,2.5,0.282842712474619,1.3020784710082476,C,X
OFF-BI-10004141,Insertable Tab Indexes For Data Binders,Office Supplies,Binders,10,223.62800000000001,-2.5439999999999996,0,4,0.5773502691896257,2.5,0.2309401076758503,1.3020638967439397,C,X
FUR-CH-10001797,"Safco Chair Connectors, 6/Carton",Furniture,Chairs,7,213.552,-2.6936,0,1,,7.0,9.0,1.302048465439561,C,Z
FUR-FU-10002505,Eldon 100 Class Desk Accessories,Furniture,Furnishings,3,4.044,-2.8308,0,1,,3.0,9.0,1.302032248133192,C,Z
TEC-AC-10000199,Kingston Digital DataTraveler 8GB USB 2.0,Technology,Accessories,8,113.08000000000001,-2.856,0,2,0.0,4.0,0.0,1.3020158864591107,C,X
TEC-AC-10002076,Microsoft Natural Keyboard Elite,Technology,Accessories,1,973.904,-2.994,0,1,,1.0,9.0,1.301998734199937,C,Z
OFF-BI-10002071,Fellowes Black Plastic Comb Bindings,Office Supplies,Binders,21,1164.748,-3.137400000000001,2,6,2.073644135332772,3.5,0.5924697529522206,1.3019807604197329,C,Y
OFF-ST-10002957,Sterilite Show Offs Storage Containers,Office Supplies,Storage,10,249.632,-3.168,1,3,1.5275252316519468,3.3333333333333335,0.458257569495584,1.3019626113358778,C,X
OFF-ST-10000563,Fellowes Bankers Box Stor/Drawer Steel Plus,Office Supplies,Storage,25,1315.3519999999999,-3.198000000000002,0,7,1.511857892036909,3.5714285714285716,0.4233202097703345,1.3019442903856984,C,X
OFF-ST-10001469,Fellowes Bankers Box Recycled Super Stor/Drawer,Office Supplies,Storage,9,453.432,-3.2388000000000012,0,3,2.1213203435596424,4.5,0.4714045207910316,1.3019257356973177,C,X
FUR-TA-10003837,Anderson Hickey Conga Table Tops & Accessories,Furniture,Tables,2,131.368,-3.3506,1,1,,2.0,9.0,1.3019065405204349,C,Z
OFF-BI-10000948,"GBC Laser Imprintable Binding System Covers, Desert Sand",Office Supplies,Binders,8,57.08,-3.424800000000001,0,3,0.0,4.0,0.0,1.301886920260843,C,X
OFF-BI-10001982,Wilson Jones Custom Binder Spines & Labels,Office Supplies,Binders,3,4.896,-3.4272,0,1,,3.0,9.0,1.3018672862519454,C,Z
TEC-PH-10001527,Plantronics MX500i Earset,Technology,Phones,4,549.21,-3.436,0,2,1.4142135623730951,2.0,0.7071067811865476,1.3018476018289258,C,Y
TEC-PH-10000307,Shocksock Galaxy S4 Armband,Technology,Phones,2,146.52,-3.504,0,1,,2.0,9.0,1.3018275278422378,C,Z
FUR-FU-10004671,"Executive Impressions 12"" Wall Clock",Furniture,Furnishings,10,280.02,-3.533999999999999,0,4,1.5275252316519468,3.3333333333333335,0.458257569495584,1.3018072819892252,C,X
TEC-PH-10001817,Wilson Electronics DB Pro Signal Booster,Technology,Phones,17,4548.2,-3.579999999999984,0,6,1.1690451944500122,2.8333333333333335,0.4126041862764749,1.3017867726078487,C,X
OFF-BI-10002049,UniKeep View Case Binders,Office Supplies,Binders,4,194.846,-3.7164,1,2,1.4142135623730951,2.0,0.7071067811865476,1.301765481807584,C,Y
OFF-AP-10001634,Hoover Commercial Lightweight Upright Vacuum,Office Supplies,Appliances,2,360.392,-3.7584,0,1,,2.0,9.0,1.301743950394465,C,Z
OFF-BI-10004002,Wilson Jones International Size A4 Ring Binders,Office Supplies,Binders,16,522.13,-3.805999999999994,0,6,0.8366600265340756,3.2,0.2614562582918986,1.3017221462867778,C,X
OFF-BI-10000216,"Mead 1st Gear 2"" Zipper Binder, Asst. Colors",Office Supplies,Binders,9,402.474,-3.891,0,3,2.1213203435596424,4.5,0.4714045207910316,1.3016998552245052,C,X
OFF-SU-10002301,Serrated Blade or Curved Handle Hand Letter Openers,Office Supplies,Supplies,7,17.584,-4.1762,0,1,,7.0,9.0,1.3016759302863754,C,Z
OFF-AP-10002203,Eureka Disposable Bags for Sanitaire Vibra Groomer I Upright Vac,Office Supplies,Appliances,2,99.624,-4.466,0,1,,2.0,9.0,1.301650345119552,C,Z
OFF-ST-10000321,Akro Stacking Bins,Office Supplies,Storage,9,186.12,-5.0496,1,4,0.9574271077563381,2.25,0.42552315900281695,1.3016214165798314,C,X
OFF-ST-10002583,Fellowes Neat Ideas Storage Cubes,Office Supplies,Storage,11,377.792,-5.196800000000001,0,4,0.9574271077563381,2.75,0.34815531191139565,1.301591644749346,C,X
OFF-AP-10004655,"Holmes Visible Mist Ultrasonic Humidifier with 2.3-Gallon Output per Day, Replacement Filter",Office Supplies,Appliances,1,78.264,-5.2072,0,1,,1.0,9.0,1.3015618133385347,C,Z
OFF-BI-10002813,Avery Reinforcements for Hole-Punch Pages,Office Supplies,Binders,22,411.61199999999997,-5.346,0,5,2.5099800796022267,4.4,0.5704500180914152,1.3015311867595294,C,Y
OFF-AP-10000804,Hoover Portapower Portable Vacuum,Office Supplies,Appliances,12,354.94399999999996,-5.376,1,3,1.0,4.0,0.25,1.3015003883141998,C,X
FUR-FU-10000820,Tensor Brushed Steel Torchiere Floor Lamp,Furniture,Furnishings,6,391.154,-5.4368,0,3,1.0,2.0,0.5,1.3014692415531193,C,X
FUR-CH-10000422,Global Highback Leather Tilter in Burgundy,Furniture,Chairs,9,795.4250000000001,-5.459400000000006,0,4,2.0,3.0,0.6666666666666666,1.3014379653194077,C,Y
FUR-FU-10004415,"Stacking Tray, Side-Loading, Legal, Smoke",Furniture,Furnishings,14,262.632,-5.6448,0,3,2.5166114784235836,4.666666666666667,0.539273888233625,1.3014056269518115,C,Y
FUR-FU-10000305,"Tenex V2T-RE Standard Weight Series Chair Mat, 45"" x 53"", Lip 25"" x 12""",Furniture,Furnishings,2,134.568,-5.6784,0,1,,2.0,9.0,1.3013730960939318,C,Z
OFF-BI-10002194,Cardinal Hold-It CD Pocket,Office Supplies,Binders,4,11.172,-5.7456,0,2,,4.0,9.0,1.3013401802554856,C,Z
FUR-BO-10003159,"Sauder Camden County Collection Libraries, Planked Cherry Finish",Furniture,Bookcases,11,1229.2008,-5.748999999999995,1,4,0.9574271077563381,2.75,0.34815531191139565,1.301307244938856,C,X
OFF-BI-10002609,Avery Hidden Tab Dividers for Binding Systems,Office Supplies,Binders,11,539.92,-5.7812,0,4,0.49999999999999994,2.75,0.1818181818181818,1.3012741251523716,C,X
OFF-SU-10001225,Staple remover,Office Supplies,Supplies,11,263.856,-5.8144,0,4,1.707825127659933,2.75,0.6210273191490665,1.3012408151671548,C,Y
OFF-AP-10001626,"Commercial WindTunnel Clean Air Upright Vacuum, Replacement Belts, Filtration Bags",Office Supplies,Appliances,9,209.45,-6.4574,1,4,0.0,3.0,0.0,1.3012038215137185,C,X
OFF-BI-10004716,Wilson Jones Hanging Recycled Pressboard Data Binders,Office Supplies,Binders,2,8.904,-6.5296,0,1,,2.0,9.0,1.3011664142353285,C,Z
OFF-AP-10003217,Eureka Sanitaire  Commercial Upright,Office Supplies,Appliances,6,946.124,-6.628399999999999,0,2,1.4142135623730951,3.0,0.47140452079103173,1.3011284409438435,C,X
FUR-FU-10001602,"Eldon Delta Triangular Chair Mat, 52"" x 58"", Clear",Furniture,Furnishings,9,598.096,-6.827400000000001,0,4,0.9574271077563381,2.25,0.42552315900281695,1.3010893276057398,C,X
OFF-BI-10003676,"GBC Standard Recycled Report Covers, Clear Plastic Sheets",Office Supplies,Binders,27,347.452,-6.8992,0,6,1.760681686165901,4.5,0.39126259692575577,1.3010498029342332,C,X
OFF-BI-10001658,GBC Standard Therm-A-Bind Covers,Office Supplies,Binders,22,441.072,-6.977600000000001,0,7,1.9663841605003503,3.6666666666666665,0.5362865892273683,1.3010098291187322,C,Y
TEC-PH-10000376,Square Credit Card Reader,Technology,Phones,11,191.926,-7.3926,0,2,2.1213203435596424,5.5,0.385694607919935,1.3009674778190774,C,X
TEC-PH-10004348,OtterBox Defender Series Case - iPhone 5c,Technology,Phones,2,128.376,-7.396,0,1,,2.0,9.0,1.3009251070412389,C,Z
TEC-PH-10000169,ARKON Windshield Dashboard Air Vent Car Mount Holder,Technology,Phones,7,209.48000000000002,-7.797000000000001,0,2,0.7071067811865476,3.5,0.20203050891044216,1.3008804389835313,C,X
FUR-FU-10001967,Telescoping Adjustable Floor Lamp,Furniture,Furnishings,8,470.94399999999996,-7.996000000000001,0,5,0.816496580927726,2.0,0.408248290463863,1.3008346308792051,C,X
OFF-BI-10004209,"Fellowes Twister Kit, Gray/Clear, 3/pkg",Office Supplies,Binders,27,870.952,-8.442000000000004,0,6,2.5099800796022267,5.4,0.4648111258522642,1.3007862676955233,C,X
TEC-AC-10004227,SanDisk Ultra 16 GB MicroSDHC Class 10 Memory Card,Technology,Accessories,9,226.322,-8.5734,0,3,2.6457513110645907,3.0,0.8819171036881969,1.3007371517373405,C,Y
FUR-TA-10000688,"Chromcraft Bull-Nose Wood Round Conference Table Top, Wood Base",Furniture,Tables,8,1544.81,-8.713999999999999,0,3,,8.0,9.0,1.3006872302989843,C,Z
TEC-PH-10004188,OtterBox Commuter Series Case - Samsung Galaxy S4,Technology,Phones,2,157.984,-8.9964,0,1,,2.0,9.0,1.3006356910256276,C,Z
OFF-BI-10001116,"Wilson Jones 1"" Hanging DublLock Ring Binders",Office Supplies,Binders,26,678.304,-9.081599999999998,1,6,3.420526275297414,5.2,0.6577935144802719,1.30058366365191,C,Y
OFF-BI-10003707,Aluminum Screw Posts,Office Supplies,Binders,20,562.444,-9.155999999999999,0,5,2.943920288775949,5.0,0.5887840577551897,1.3005312100497077,C,Y
OFF-AP-10001564,Hoover Commercial Lightweight Upright Vacuum with E-Z Empty Dirt Cup,Office Supplies,Appliances,6,1080.352,-9.303200000000004,0,3,0.0,2.0,0.0,1.3004779131567406,C,X
OFF-ST-10002182,"Iris 3-Drawer Stacking Bin, Black",Office Supplies,Storage,7,213.696,-9.609399999999999,0,2,0.7071067811865476,3.5,0.20203050891044216,1.300422862081489,C,X
TEC-PH-10004080,Avaya 5410 Digital phone,Technology,Phones,13,655.508,-10.878400000000003,0,4,1.2583057392117916,3.25,0.38717099668055127,1.3003605410607162,C,X
OFF-BI-10004364,Storex Dura Pro Binders,Office Supplies,Binders,28,598.1899999999999,-11.286000000000001,0,9,0.927960727138337,3.111111111111111,0.29827309086589404,1.3002958849494826,C,X
FUR-CH-10002372,Office Star - Ergonomically Designed Knee Chair,Furniture,Chairs,8,639.7620000000001,-11.3372,0,4,0.816496580927726,2.0,0.408248290463863,1.3002309355197221,C,X
OFF-BI-10004781,GBC Wire Binding Strips,Office Supplies,Binders,13,203.136,-11.426400000000001,0,4,0.9574271077563381,3.25,0.2945929562327194,1.3001654750740903,C,X
TEC-PH-10003092,Motorola L804,Technology,Phones,15,662.296,-11.497500000000006,0,4,3.4034296427770228,3.75,0.9075812380738727,1.30009960730527,C,Y
OFF-BI-10000343,"Pressboard Covers with Storage Hooks, 9 1/2"" x 11"", Light Blue",Office Supplies,Binders,34,506.596,-11.882200000000001,1,8,4.334248987508018,4.25,1.0198232911783571,1.3000315356372831,C,Z
OFF-BI-10004001,GBC Recycled VeloBinder Covers,Office Supplies,Binders,25,440.11199999999997,-11.927999999999994,0,5,3.082207001484488,5.0,0.6164414002968976,1.2999632015867075,C,Y
OFF-SU-10000157,Compact Automatic Electric Letter Opener,Office Supplies,Supplies,15,1839.926,-11.931000000000001,0,4,2.362907813126304,3.75,0.6301087501670144,1.2998948503494996,C,Y
OFF-BI-10003196,Accohide Poly Flexible Ring Binders,Office Supplies,Binders,18,422.692,-11.968,0,3,4.0,6.0,0.6666666666666666,1.299826287143825,C,Y
FUR-BO-10001337,O'Sullivan Living Dimensions 2-Shelf Bookcases,Furniture,Bookcases,11,1232.6039999999998,-12.097999999999999,1,5,1.6431676725154982,2.2,0.7468943965979536,1.2997569791840782,C,Y
OFF-SU-10004498,Martin-Yale Premier Letter Opener,Office Supplies,Supplies,14,350.288,-12.6224,0,4,2.516611478423583,4.666666666666667,0.5392738882336249,1.299684667000981,C,Y
FUR-BO-10002206,"Bush Saratoga Collection 5-Shelf Bookcase, Hanover Cherry, *Special Order",Furniture,Bookcases,1,363.833,-12.6882,1,1,,1.0,9.0,1.2996119778577455,C,Z
FUR-FU-10001756,"Eldon Expressions Desk Accessory, Wood Photo Frame, Mahogany",Furniture,Furnishings,17,431.056,-12.756800000000002,0,5,1.6733200530681511,3.4,0.49215295678475035,1.2995388957135152,C,X
OFF-BI-10001308,GBC Standard Plastic Binding Systems' Combs,Office Supplies,Binders,16,267.076,-13.188,0,3,4.242640687119285,8.0,0.5303300858899106,1.2994633432773155,C,Y
OFF-BI-10002414,GBC ProClick Spines for 32-Hole Punch,Office Supplies,Binders,12,565.409,-13.2818,0,5,1.1401754250991378,2.4,0.47507309379130747,1.2993872534724085,C,X
OFF-BI-10004817,GBC Personal VeloBind Strips,Office Supplies,Binders,15,188.87,-15.574000000000002,0,4,5.291502622129181,5.0,1.0583005244258363,1.2992980319345429,C,Z
OFF-BI-10004140,Avery Non-Stick Binders,Office Supplies,Binders,22,261.614,-15.715,0,7,3.669695718539436,3.6666666666666665,1.0008261050562097,1.2992080026249526,C,Z
OFF-ST-10000642,"Tennsco Lockers, Gray",Office Supplies,Storage,15,430.93600000000004,-15.735,0,4,1.707825127659933,3.75,0.4554200340426488,1.2991178587378127,C,X
OFF-BI-10001191,Canvas Sectional Post Binders,Office Supplies,Binders,22,417.876,-15.7852,0,5,3.1304951684997055,4.4,0.7114761746590239,1.2990274272610234,C,Y
OFF-BI-10001132,"Acco PRESSTEX Data Binder with Storage Hooks, Dark Blue, 9 1/2"" X 11""",Office Supplies,Binders,11,93.45,-16.7318,0,2,3.5355339059327378,5.5,0.6428243465332251,1.2989315728288118,C,Y
OFF-ST-10004180,Safco Commercial Shelving,Office Supplies,Storage,6,446.154,-16.7436,0,4,0.5773502691896257,1.5,0.38490017945975047,1.2988356507958463,C,X
OFF-BI-10001153,Ibico Recycled Grain-Textured Covers,Office Supplies,Binders,6,170.35000000000002,-17.270000000000003,0,3,1.0,2.0,0.5,1.2987367130817755,C,X
OFF-BI-10003429,"Cardinal HOLDit! Binder Insert Strips,Extra Strips",Office Supplies,Binders,29,621.98,-17.6607,1,7,3.9623225512317894,5.8,0.6831590605572051,1.2986355370952734,C,Y
FUR-FU-10002030,"Executive Impressions 14"" Contract Wall Clock with Quartz Movement",Furniture,Furnishings,5,44.46,-17.784,0,1,,5.0,9.0,1.2985336547381778,C,Z
TEC-AC-10002550,"Memorex 25GB 6X Branded Blu-Ray Recordable Disc, 30/Pack",Technology,Accessories,12,370.66999999999996,-17.892000000000003,0,2,1.4142135623730951,6.0,0.23570226039551587,1.2984311536623148,C,X
FUR-CH-10003968,Novimex Turbo Task Chair,Furniture,Chairs,17,1049.406,-18.4548,1,4,1.5,4.25,0.35294117647058826,1.298325428374206,C,X
FUR-CH-10004540,Global Chrome Stack Chair,Furniture,Chairs,18,556.928,-18.511200000000002,0,4,3.7859388972001824,4.5,0.8413197549333739,1.2982193799774076,C,Y
TEC-MA-10003230,Okidata C610n Printer,Technology,Machines,3,1362.9,-19.47,0,1,,3.0,9.0,1.2981078387328817,C,Z
OFF-BI-10002827,Avery Durable Poly Binders,Office Supplies,Binders,30,503.678,-19.907999999999998,0,5,3.391164991562634,6.0,0.565194165260439,1.29799378824002,C,Y
OFF-BI-10004099,GBC VeloBinder Strips,Office Supplies,Binders,13,144.952,-19.968,0,2,2.1213203435596424,6.5,0.32635697593225266,1.2978793940145095,C,X
TEC-PH-10004897,Mediabridge Sport Armband iPhone 5s,Technology,Phones,17,235.852,-20.2797,0,4,1.8929694486000914,4.25,0.445404576141198,1.2977632140978885,C,X
FUR-BO-10002853,O'Sullivan 5-Shelf Heavy-Duty Bookcases,Furniture,Bookcases,7,409.7,-20.485,0,3,1.5275252316519468,2.3333333333333335,0.6546536707079771,1.297645858042721,C,Y
TEC-MA-10000752,Texas Instrument TI-15 Fraction Calculator,Technology,Machines,8,41.905,-20.519,0,2,4.242640687119285,4.0,1.0606601717798212,1.2975283072057193,C,Z
TEC-PH-10000148,Cyber Acoustics AC-202b Speech Recognition Stereo Headset,Technology,Phones,11,320.508,-20.5242,1,5,2.217355782608345,2.75,0.8063111936757619,1.2974107265785546,C,Y
OFF-BI-10001525,"Acco Pressboard Covers with Storage Hooks, 14 7/8"" x 11"", Executive Red",Office Supplies,Binders,21,297.241,-20.7645,1,5,1.3038404810405297,4.2,0.3104382097715547,1.2972917693021315,C,X
OFF-BI-10003982,Wilson Jones Century Plastic Molded Ring Binders,Office Supplies,Binders,30,610.473,-20.770000000000003,0,6,3.286335345030997,5.0,0.6572670690061994,1.2971727805168825,C,Y
OFF-BI-10001098,Acco D-Ring Binder w/DublLock,Office Supplies,Binders,9,331.968,-21.166200000000003,0,3,2.0,3.0,0.6666666666666666,1.297051521950376,C,Y
FUR-FU-10000222,"Seth Thomas 16"" Steel Case Clock",Furniture,Furnishings,7,301.92,-22.411199999999997,0,2,2.1213203435596424,3.5,0.6060915267313264,1.2969231309314075,C,Y
TEC-MA-10003356,Panasonic KX MC6040 Color Laser Multifunction Printer,Technology,Machines,5,1619.82,-22.497500000000002,0,2,0.7071067811865476,2.5,0.282842712474619,1.2967942455103125,C,X
OFF-AP-10004868,Hoover Commercial Soft Guard Upright Vacuum And Disposable Filtration Bags,Office Supplies,Appliances,7,215.094,-22.6107,0,2,3.5355339059327378,3.5,1.0101525445522108,1.296664711580287,C,Z
TEC-PH-10004522,Dexim XPower Skin Super-Thin Power Case for iPhone 5 - Black,Technology,Phones,8,561.544,-23.395999999999997,0,2,2.8284271247461903,4.0,0.7071067811865476,1.2965306787627766,C,Y
OFF-BI-10004465,Avery Durable Slant Ring Binders,Office Supplies,Binders,19,274.48,-23.76,0,5,3.2015621187164243,4.75,0.6740130776245103,1.2963945606338638,C,Y
TEC-PH-10001079,Polycom SoundPoint Pro SE-225 Corded phone,Technology,Phones,5,438.56600000000003,-23.798000000000002,0,2,2.1213203435596424,2.5,0.8485281374238569,1.2962582248076067,C,Y
TEC-PH-10001448,Anker Astro 15000mAh USB Portable Charger,Technology,Phones,13,719.88,-23.9952,0,5,1.140175425099138,2.6,0.4385290096535146,1.2961207592467106,C,X
OFF-ST-10004337,"SAFCO Commercial Wire Shelving, 72h",Office Supplies,Storage,9,526.664,-24.496,0,2,3.5355339059327378,4.5,0.7856742013183862,1.2959804246639728,C,Y
TEC-AC-10002942,WD My Passport Ultra 1TB Portable External Hard Drive,Technology,Accessories,12,798.4,-24.84,0,5,2.160246899469287,3.0,0.7200822998230957,1.2958381193473822,C,Y
OFF-AP-10002403,Acco Smartsocket Color-Coded Six-Outlet AC Adapter Model Surge Protectors,Office Supplies,Appliances,7,249.446,-25.525799999999997,0,2,0.7071067811865476,3.5,0.20203050891044216,1.2956918851666162,C,X
OFF-ST-10002485,Rogers Deluxe File Chest,Office Supplies,Storage,19,609.848,-26.5958,0,6,0.983192080250175,3.1666666666666665,0.31048170955268684,1.295539521086947,C,X
OFF-BI-10000474,Avery Recycled Flexi-View Covers for Binding Systems,Office Supplies,Binders,18,417.43100000000004,-26.6098,0,4,1.2909944487358056,4.5,0.28688765527462345,1.295387076802993,C,X
OFF-ST-10001963,Tennsco Regal Shelving Units,Office Supplies,Storage,11,1090.664,-27.380699999999997,0,2,3.5355339059327378,5.5,0.6428243465332251,1.29523021612739,C,Y
OFF-ST-10003641,Space Solutions Industrial Galvanized Steel Shelving.,Office Supplies,Storage,2,126.08,-28.368,0,1,,2.0,9.0,1.2950676993310517,C,Z
FUR-CH-10000749,Office Star - Ergonomic Mid Back Chair with 2-Way Adjustable Arms,Furniture,Chairs,4,629.136,-28.9568,0,1,,4.0,9.0,1.2949018093716533,C,Z
FUR-FU-10004909,Contemporary Wood/Metal Frame,Furniture,Furnishings,12,281.96,-29.088,0,3,3.605551275463989,4.0,0.9013878188659973,1.29473516778353,C,Y
FUR-TA-10004575,Hon 5100 Series Wood Tables,Furniture,Tables,20,4828.974,-29.097999999999956,0,5,3.5590260840104366,5.0,0.7118052168020873,1.2945684689066315,C,Y
OFF-BI-10000773,Insertable Tab Post Binder Dividers,Office Supplies,Binders,15,250.486,-29.273,0,4,2.753785273643051,3.75,0.7343427396381469,1.2944007674761744,C,Y
FUR-FU-10004904,"Eldon ""L"" Workstation Diamond Chairmat",Furniture,Furnishings,5,303.92,-30.392,0,1,,5.0,9.0,1.2942266554318176,C,Z
OFF-BI-10000309,"GBC Twin Loop Wire Binding Elements, 9/16"" Spine, Black",Office Supplies,Binders,20,349.804,-30.44,0,3,2.516611478423583,6.666666666666667,0.37749172176353746,1.2940522684013416,C,X
FUR-CH-10003833,Novimex Fabric Task Chair,Furniture,Chairs,22,1200.836,-30.49,0,5,2.302172886644268,4.4,0.52322111060097,1.2938775949269918,C,Y
TEC-PH-10004833,Macally Suction Cup Mount,Technology,Phones,13,202.28000000000003,-31.07,0,3,1.5275252316519468,4.333333333333333,0.35250582268891084,1.2936995987037039,C,X
OFF-ST-10003479,"Eldon Base for stackable storage shelf, platinum",Office Supplies,Storage,12,412.764,-31.152,0,4,0.816496580927726,3.0,0.2721655269759087,1.2935211327124627,C,X
OFF-BI-10002799,"SlimView Poly Binder, 3/8""",Office Supplies,Binders,19,316.756,-31.390800000000002,0,3,4.949747468305833,9.5,0.5210260492953508,1.2933412986652792,C,Y
OFF-AP-10004708,Fellowes Superior 10 Outlet Split Surge Protector,Office Supplies,Appliances,13,599.704,-31.589799999999997,0,4,4.041451884327381,4.333333333333333,0.9326427425370879,1.2931603245714776,C,Y
TEC-PH-10003187,Anker Astro Mini 3000mAh Ultra-Compact Portable Charger,Technology,Phones,6,181.956,-31.984,0,3,0.0,2.0,0.0,1.2929770921541734,C,X
FUR-BO-10003433,Sauder Cornerstone Collection Library,Furniture,Bookcases,8,210.272,-32.2192,0,1,,8.0,9.0,1.2927925123048862,C,Z
OFF-ST-10000934,"Contico 72""H Heavy-Duty Storage System",Office Supplies,Storage,6,236.096,-32.784,0,2,1.4142135623730951,3.0,0.47140452079103173,1.2926046967855982,C,X
FUR-TA-10003238,"Chromcraft Bull-Nose Wood 48"" x 96"" Rectangular Conference Tables",Furniture,Tables,6,2644.704,-33.05879999999996,0,3,0.0,3.0,0.0,1.292415306970779,C,X
TEC-AC-10001314,Case Logic 2.4GHz Wireless Keyboard,Technology,Accessories,14,627.8779999999999,-33.9932,0,3,1.5275252316519465,4.666666666666667,0.32732683535398854,1.292220564092843,C,X
FUR-CH-10002126,Hon Deluxe Fabric Upholstered Stacking Chairs,Furniture,Chairs,12,2119.83,-34.1572,0,3,2.6457513110645907,4.0,0.6614378277661477,1.2920248816790005,C,Y
FUR-FU-10003247,36X48 HARDFLOOR CHAIRMAT,Furniture,Furnishings,19,557.68,-35.0366,0,5,4.272001872658766,4.75,0.8993688152965823,1.2918241612903025,C,Y
OFF-BI-10001072,"GBC Clear Cover, 8-1/2 x 11, unpunched, 25 covers per pack",Office Supplies,Binders,8,132.32,-35.1712,0,2,0.0,4.0,0.0,1.2916226697946955,C,X
FUR-BO-10002824,Bush Mission Pointe Library,Furniture,Bookcases,4,518.9008,-36.2352,0,2,0.0,2.0,0.0,1.2914150827734505,C,X
FUR-BO-10004709,"Bush Westfield Collection Bookcases, Medium Cherry Finish",Furniture,Bookcases,24,1270.5837999999999,-37.250600000000006,1,7,2.0701966780270626,3.4285714285714284,0.60380736442456,1.291201678650013,C,Y
OFF-ST-10003994,"Belkin 19"" Center-Weighted Shelf, Gray",Office Supplies,Storage,7,378.88,-38.337,0,2,2.1213203435596424,3.5,0.6060915267313264,1.2909820506740814,C,Y
OFF-BI-10003694,"Avery 3 1/2"" Diskette Storage Pages, 10/Pack",Office Supplies,Binders,19,238.81599999999997,-40.2984,0,4,3.8622100754188224,4.75,0.81309685798291,1.2907511860778618,C,Y
FUR-BO-10001918,"Sauder Forest Hills Library with Doors, Woodland Oak Finish",Furniture,Bookcases,4,554.2339999999999,-41.8548,0,2,0.0,2.0,0.0,1.290511405056733,C,X
FUR-CH-10001714,"Global Leather & Oak Executive Chair, Burgundy",Furniture,Chairs,9,1261.12,-42.249199999999995,0,3,1.7320508075688772,3.0,0.5773502691896257,1.2902693645663263,C,Y
FUR-CH-10000309,Global Comet Stacking Arm Chair,Furniture,Chairs,10,3153.5739999999996,-42.251000000000005,0,3,0.5773502691896258,3.3333333333333335,0.17320508075688776,1.2900273137639402,C,X
OFF-ST-10002301,Tennsco Commercial Shelving,Office Supplies,Storage,17,717.964,-45.3582,0,6,1.1690451944500122,2.8333333333333335,0.4126041862764749,1.2897674621934498,C,X
OFF-ST-10001809,Fellowes Officeware Wire Shelving,Office Supplies,Storage,24,2223.09,-46.7116,0,6,1.7888543819998317,4.8,0.37267799624996495,1.2894998571601786,C,X
FUR-BO-10002268,Sauder Barrister Bookcases,Furniture,Bookcases,10,657.9696,-46.9684,1,2,1.4142135623730951,5.0,0.282842712474619,1.2892307809511705,C,X
FUR-TA-10003748,Bevis 36 x 72 Conference Tables,Furniture,Tables,21,2069.84,-47.3062,0,5,2.8722813232690143,5.25,0.5471012044321932,1.28895976952735,C,Y
FUR-TA-10001539,Chromcraft Rectangular Conference Tables,Furniture,Tables,10,1857.578,-47.394,1,5,1.0,2.5,0.4,1.2886882551080867,C,X
FUR-CH-10003535,"Global Armless Task Chair, Royal Blue",Furniture,Chairs,13,633.8,-48.1742,0,4,1.2583057392117918,3.25,0.3871709966805513,1.2884122710186139,C,X
OFF-ST-10000736,Carina Double Wide Media Storage Towers in Natural & Black,Office Supplies,Storage,15,1555.524,-48.588,0,6,1.224744871391589,2.5,0.4898979485566356,1.2881339163196404,C,X
TEC-PH-10000141,Clearsounds A400,Technology,Phones,11,511.326,-48.8326,0,3,0.5773502691896258,3.6666666666666665,0.15745916432444343,1.287854160337235,C,X
TEC-PH-10002789,LG Exalt,Technology,Phones,4,446.57399999999996,-49.9168,0,2,1.4142135623730951,2.0,0.7071067811865476,1.2875681931058665,C,Y
TEC-PH-10000127,iOttie XL Car Mount,Technology,Phones,14,356.88800000000003,-50.3748,0,2,2.8284271247461903,7.0,0.4040610178208843,1.2872796020486126,C,X
OFF-BI-10002854,"Performers Binder/Pad Holder, Black",Office Supplies,Binders,20,445.846,-50.45400000000001,0,4,5.131601439446884,6.666666666666667,0.7697402159170326,1.286990557264262,C,Y
OFF-ST-10002756,"Tennsco Stur-D-Stor Boltless Shelving, 5 Shelves, 24"" Deep, Sand",Office Supplies,Storage,22,3060.634,-51.4178,1,5,2.0816659994661326,5.5,0.37848472717566045,1.2866959909877969,C,X
OFF-ST-10001522,"Gould Plastics 18-Pocket Panel Bin, 34w x 5-1/4d x 20-1/2h",Office Supplies,Storage,16,1841.452,-51.5144,0,6,1.4142135623730951,4.0,0.3535533905932738,1.2864008713017672,C,X
OFF-ST-10004804,"Belkin 19"" Vented Equipment Shelf, Black",Office Supplies,Storage,18,933.864,-52.5096,0,6,1.51657508881031,3.6,0.4212708580028639,1.2861000502368698,C,X
OFF-ST-10001370,Sensible Storage WireTech Storage Systems,Office Supplies,Storage,29,2041.264,-53.23499999999999,1,6,2.9944392908634274,4.833333333333333,0.6195391636269161,1.285795073444249,C,Y
OFF-AP-10000240,Belkin F9G930V10-GRY 9 Outlet Surge,Office Supplies,Appliances,2,123.392,-54.5496,0,1,,2.0,9.0,1.2854825654692936,C,Z
TEC-MA-10002178,Cisco CP-7937G Unified IP Conference Station Phone,Technology,Machines,4,1404.4,-55.656,0,2,0.0,2.0,0.0,1.2851637190642948,C,X
OFF-ST-10000676,Fellowes Econo/Stor Drawers,Office Supplies,Storage,7,581.58,-56.2194,0,2,2.1213203435596424,3.5,0.6060915267313264,1.284841645009724,C,Y
FUR-BO-10001798,Bush Somerset Collection Bookcase,Furniture,Bookcases,12,1319.9569999999999,-56.3214,0,4,1.4142135623730951,3.0,0.47140452079103173,1.2845189866096505,C,X
FUR-CH-10001545,Hon Comfortask Task/Swivel Chairs,Furniture,Chairs,15,1405.1580000000001,-56.99,0,4,2.217355782608345,3.75,0.5912948753622254,1.284192497882094,C,Y
OFF-BI-10003166,GBC Plasticlear Binding Covers,Office Supplies,Binders,19,369.104,-58.3184,1,5,1.8929694486000914,4.75,0.3985198839158087,1.2838583989136938,C,X
OFF-BI-10002931,"Avery Trapezoid Extra Heavy Duty 4"" Binders",Office Supplies,Binders,7,103.074,-58.716,0,1,,7.0,9.0,1.2835220221436079,C,Z
TEC-AC-10004855,V7 USB Numeric Keypad,Technology,Accessories,16,534.8679999999999,-58.7832,1,4,1.8257418583505538,4.0,0.45643546458763845,1.283185260392955,C,X
TEC-PH-10003800,i.Sound Portable Power - 8000 mAh,Technology,Phones,7,428.34200000000004,-59.878699999999995,0,4,0.7071067811865476,3.5,0.20203050891044216,1.2828422226570235,C,X
FUR-CH-10003956,Novimex High-Tech Fabric Mesh Task Chair,Furniture,Chairs,7,469.48800000000006,-64.5918,0,2,2.1213203435596424,3.5,0.6060915267313264,1.2824721841486435,C,Y
FUR-BO-10003272,O'Sullivan Living Dimensions 5-Shelf Bookcases,Furniture,Bookcases,3,530.352,-66.294,0,2,0.7071067811865476,1.5,0.47140452079103173,1.282092393945018,C,X
FUR-TA-10004915,"Office Impressions End Table, 20-1/2""H x 24""W x 20""D",Furniture,Tables,23,5705.816,-66.82720000000003,0,5,2.701851217221259,4.6,0.5873589602654912,1.28170954910392,C,Y
OFF-ST-10001713,"Gould Plastics 9-Pocket Panel Bin, 18-3/8w x 5-1/4d x 20-1/2h, Black",Office Supplies,Storage,8,339.136,-67.8272,0,2,2.8284271247461903,4.0,0.7071067811865476,1.2813209753853427,C,Y
FUR-CH-10002044,"Office Star - Contemporary Task Swivel chair with 2-way adjustable arms, Plum",Furniture,Chairs,4,437.136,-68.1096,0,1,,4.0,9.0,1.2809307838317654,C,Z
FUR-FU-10004622,Eldon Advantage Foldable Chair Mats for Low Pile Carpets,Furniture,Furnishings,8,328.0,-71.544,1,2,1.4142135623730951,4.0,0.3535533905932738,1.2805209170213723,C,X
FUR-BO-10003034,"O'Sullivan Elevations Bookcase, Cherry Finish",Furniture,Bookcases,15,1661.309,-72.039,0,4,3.0,5.0,0.6,1.280108214416627,C,Y
FUR-TA-10004152,"Barricks 18"" x 48"" Non-Folding Utility Table with Bottom Storage Shelf",Furniture,Tables,8,534.16,-72.576,1,3,2.8284271247461903,4.0,0.7071067811865476,1.279692435404675,C,Y
OFF-ST-10004123,Safco Industrial Wire Shelving System,Office Supplies,Storage,15,1705.916,-72.784,0,5,2.217355782608345,3.75,0.5912948753622254,1.2792754647862075,C,Y
FUR-TA-10001857,Balt Solid Wood Rectangular Table,Furniture,Tables,5,427.86199999999997,-73.843,0,2,0.7071067811865476,2.5,0.282842712474619,1.278852427286489,C,X
FUR-FU-10003394,"Tenex ""The Solids"" Textured Chair Mats",Furniture,Furnishings,22,1290.312,-74.1576,1,5,2.792848008753788,4.4,0.6347381838076791,1.2784275874819155,C,Y
FUR-FU-10000723,"Deflect-o EconoMat Studded, No Bevel Mat for Low Pile Carpeting",Furniture,Furnishings,19,786.328,-78.09479999999999,0,6,0.983192080250175,3.1666666666666665,0.31048170955268684,1.27798019194093,C,X
FUR-FU-10004597,Eldon Cleatmat Chair Mats for Medium Pile Carpets,Furniture,Furnishings,3,1384.6000000000001,-78.255,0,2,0.7071067811865476,1.5,0.47140452079103173,1.277531878633772,C,X
FUR-FU-10003919,Eldon Executive Woodline II Cherry Finish Desk Accessories,Furniture,Furnishings,6,2145.136,-78.5088,0,2,1.4142135623730951,3.0,0.47140452079103173,1.2770821113375095,C,X
OFF-ST-10002790,Safco Industrial Shelving,Office Supplies,Storage,11,987.96,-79.01950000000001,0,4,1.5275252316519468,3.6666666666666665,0.41659779045053097,1.2766294183035185,C,X
TEC-PH-10003555,Motorola HK250 Universal Bluetooth Headset,Technology,Phones,39,1238.454,-83.2238,1,8,3.8234863173611098,5.571428571428571,0.6862667749109684,1.2761526393499405,C,Y
OFF-BI-10001575,GBC Linen Binding Covers,Office Supplies,Binders,10,151.254,-89.842,0,2,2.8284271247461903,5.0,0.565685424949238,1.2756379455394276,C,Y
OFF-BI-10003684,Wilson Jones Legal Size Ring Binders,Office Supplies,Binders,21,1098.7359999999999,-90.15899999999999,1,4,4.358898943540674,7.0,0.6226998490772392,1.2751214356747536,C,Y
FUR-CH-10000863,Novimex Swivel Fabric Task Chair,Furniture,Chairs,10,1300.134,-90.58800000000001,1,4,1.7320508075688772,2.5,0.6928203230275509,1.2746024681216412,C,Y
FUR-BO-10004360,Rush Hierlooms Collection Rich Wood Bookcases,Furniture,Bookcases,3,364.3992,-91.7586,0,1,,3.0,9.0,1.274076794344551,C,Z
FUR-BO-10004409,"Safco Value Mate Series Steel Bookcases, Baked Enamel Finish on Steel, Gray",Furniture,Bookcases,10,418.782,-92.274,0,2,0.0,5.0,0.0,1.2735481679040082,C,X
OFF-ST-10002554,Tennsco Industrial Shelving,Office Supplies,Storage,15,1251.048,-92.929,0,4,1.2583057392117916,3.75,0.33554819712314443,1.273015789048716,C,X
OFF-ST-10002344,"Carina 42""Hx23 3/4""W Media Storage Unit",Office Supplies,Storage,11,827.408,-95.5564,0,4,1.2583057392117916,2.75,0.4575657233497424,1.2724683581407343,C,X
FUR-TA-10001705,Bush Advantage Collection Round Conference Table,Furniture,Tables,5,816.1,-95.67,1,2,0.7071067811865476,2.5,0.282842712474619,1.2719202764322708,C,X
FUR-BO-10003965,O'Sullivan Manor Hill 2-Door Library in Brianna Oak,Furniture,Bookcases,7,1119.586,-95.9194,0,2,2.1213203435596424,3.5,0.6060915267313264,1.271370765941764,C,Y
FUR-TA-10002855,Bevis Round Conference Table Top & Single Column Base,Furniture,Tables,8,856.5040000000001,-105.3648,0,2,1.4142135623730951,4.0,0.3535533905932738,1.2707671439119124,C,X
OFF-AP-10002867,Fellowes Command Center 5-outlet power strip,Office Supplies,Appliances,9,410.20000000000005,-106.50880000000001,1,3,2.0,3.0,0.6666666666666666,1.2701569680462241,C,Y
TEC-MA-10004002,Zebra GX420t Direct Thermal/Thermal Transfer Printer,Technology,Machines,1,265.475,-111.4995,0,1,,1.0,9.0,1.269518201071699,C,Z
TEC-PH-10003580,Cisco IP Phone 7961G-GE VoIP phone,Technology,Phones,4,542.792,-112.6216,0,2,0.0,2.0,0.0,1.2688730057237543,C,X
FUR-BO-10002202,"Atlantic Metals Mobile 2-Shelf Bookcases, Custom Colors",Furniture,Bookcases,3,415.0268,-113.2606,0,2,0.7071067811865476,1.5,0.47140452079103173,1.2682241496231,C,X
FUR-TA-10003469,Balt Split Level Computer Training Table,Furniture,Tables,3,309.875,-113.77499999999999,0,2,0.7071067811865476,1.5,0.47140452079103173,1.2675723465878703,C,X
TEC-PH-10003963,GE 2-Jack Phone Line Splitter,Technology,Phones,4,494.376,-115.3544,0,1,,4.0,9.0,1.2669114953635496,C,Z
FUR-CH-10004289,Global Super Steno Chair,Furniture,Chairs,17,1298.142,-116.1358,0,3,3.214550253664318,5.666666666666667,0.5672735741760561,1.2662461675943664,C,Y
FUR-BO-10000112,"Bush Birmingham Collection Bookcase, Dark Cherry",Furniture,Bookcases,9,843.174,-117.882,0,1,,9.0,9.0,1.2655708360593283,C,Z
TEC-PH-10004667,Cisco 8x8 Inc. 6753i IP Business Phone System,Technology,Phones,13,1179.914,-120.1411,1,2,3.5355339059327378,6.5,0.5439282932204212,1.2648825624171764,C,Y
OFF-AP-10000055,Belkin F9S820V06 8 Outlet Surge,Office Supplies,Appliances,17,480.33599999999996,-120.17599999999999,0,4,3.511884584284246,5.666666666666667,0.6197443384031022,1.2641940888372005,C,Y
FUR-TA-10003569,Bretford CR8500 Series Meeting Room Furniture,Furniture,Tables,12,3488.526,-120.29400000000001,0,2,4.242640687119285,6.0,0.7071067811865475,1.2635049392496822,C,Y
FUR-TA-10001676,Hon 61000 Series Interactive Training Tables,Furniture,Tables,19,819.261,-127.9584,1,7,1.1690451944500122,3.1666666666666665,0.36917216666842495,1.2627718812536097,C,X
OFF-ST-10001418,Carina Media Storage Towers in Natural & Black,Office Supplies,Storage,15,885.348,-128.058,0,4,0.9574271077563381,3.75,0.25531389540169014,1.2620382526613405,C,X
TEC-AC-10002637,Logitech VX Revolution Cordless Laser Mouse for Notebooks (Black),Technology,Accessories,8,1223.932,-129.59279999999998,0,3,0.5773502691896257,2.6666666666666665,0.21650635094610965,1.2612958313879157,C,X
FUR-CH-10003396,Global Deluxe Steno Chair,Furniture,Chairs,21,1425.66,-130.0962,0,6,0.8366600265340756,3.5,0.23904572186687872,1.2605505261975676,C,X
OFF-ST-10003656,Safco Industrial Wire Shelving,Office Supplies,Storage,8,695.336,-130.5464,0,3,0.5773502691896258,2.6666666666666665,0.2165063509461097,1.2598026418665784,C,X
FUR-TA-10004607,Hon 2111 Invitation Series Straight Table,Furniture,Tables,10,1138.376,-133.047,1,3,1.5275252316519465,3.3333333333333335,0.45825756949558394,1.259040431904564,C,X
FUR-FU-10003773,Eldon Cleatmat Plus Chair Mats for High Pile Carpets,Furniture,Furnishings,12,715.68,-133.5936,0,3,1.0,4.0,0.25,1.2582750905381193,C,X
OFF-AP-10001947,Acco 6 Outlet Guardian Premium Plus Surge Suppressor,Office Supplies,Appliances,27,764.1759999999999,-135.01839999999999,0,5,1.816590212458495,5.4,0.33640559489972127,1.2575015866670418,C,X
FUR-BO-10001601,"Sauder Mission Library with Doors, Fruitwood Finish",Furniture,Bookcases,8,782.5311999999999,-136.2192,0,2,4.242640687119285,4.0,1.0606601717798212,1.256721203559887,C,Z
FUR-BO-10003893,Sauder Camden County Collection Library,Furniture,Bookcases,10,81.864,-137.976,0,1,,10.0,9.0,1.255930755960776,C,Z
FUR-CH-10001190,Global Deluxe High-Back Office Chair in Storm,Furniture,Chairs,10,1112.92,-149.589,1,3,1.1547005383792515,3.3333333333333335,0.3464101615137754,1.2550737789074955,C,X
FUR-CH-10004860,Global Low Back Tilter Chair,Furniture,Chairs,15,1353.348,-151.47,1,5,1.7320508075688772,5.0,0.34641016151377546,1.2542060258356764,C,X
FUR-CH-10000225,"Global Geo Office Task Chair, Gray",Furniture,Chairs,14,1232.172,-153.862,0,4,3.1091263510296048,3.5,0.8883218145798871,1.253324569288926,C,Y
FUR-TA-10002622,"Bush Andora Conference Table, Maple/Graphite Gray Finish",Furniture,Tables,10,1204.664,-153.882,0,3,2.3094010767585034,3.3333333333333335,0.692820323027551,1.2524429981646263,C,Y
FUR-BO-10000468,O'Sullivan 2-Shelf Heavy-Duty Bookcases,Furniture,Bookcases,13,722.066,-156.42759999999998,0,4,2.6299556396765835,3.25,0.8092171199004873,1.2515468436098147,C,Y
FUR-TA-10001095,Chromcraft Round Conference Tables,Furniture,Tables,59,8080.053,-158.60389999999998,0,12,4.2282121254470875,5.9,0.7166461229571335,1.2506382212989446,C,Y
FUR-BO-10003546,Hon 4-Shelf Metal Bookcases,Furniture,Bookcases,16,1137.192,-161.56800000000004,0,3,2.5166114784235836,5.333333333333333,0.4718646522044219,1.2497126180223375,C,X
TEC-MA-10003589,Cisco 8961 IP Phone Charcoal,Technology,Machines,3,224.937,-164.9538,0,1,,3.0,9.0,1.2487676179123604,C,Z
FUR-FU-10002116,"Tenex Carpeted, Granite-Look or Clear Contemporary Contour Shape Chair Mats",Furniture,Furnishings,9,447.26,-167.5827,0,2,0.7071067811865476,4.5,0.15713484026367724,1.2478075571563771,C,X
TEC-MA-10001681,Lexmark MarkNet N8150 Wireless Print Server,Technology,Machines,2,264.17,-168.819,0,1,,2.0,9.0,1.2468404137891662,C,Z
OFF-ST-10004459,Tennsco Single-Tier Lockers,Office Supplies,Storage,15,5719.692,-168.90299999999996,0,5,1.5,3.75,0.4,1.245872789196247,C,X
FUR-BO-10004834,"Riverside Palais Royal Lawyers Bookcase, Royale Cherry Finish",Furniture,Bookcases,6,3906.9316,-176.19600000000003,0,2,1.4142135623730951,3.0,0.47140452079103173,1.2448633838998697,C,X
OFF-AP-10004233,Honeywell Enviracaire Portable Air Cleaner for up to 8 x 10 Room,Office Supplies,Appliances,9,299.20799999999997,-177.22320000000002,0,2,2.1213203435596424,4.5,0.4714045207910316,1.2438480939005456,C,X
FUR-CH-10001482,Office Star - Mesh Screen back chair with Vinyl seat,Furniture,Chairs,10,1074.35,-183.372,0,3,4.242640687119285,5.0,0.8485281374238569,1.2427975781793754,C,Y
FUR-TA-10004442,Riverside Furniture Stanwyck Manor Table Series,Furniture,Tables,2,372.22,-189.321,0,1,,2.0,9.0,1.2417129813660799,C,Z
FUR-BO-10001567,"Bush Westfield Collection Bookcases, Dark Cherry Finish, Fully Assembled",Furniture,Bookcases,3,90.882,-190.8522,0,1,,3.0,9.0,1.2406196124955875,C,Z
FUR-TA-10002774,Laminate Occasional Tables,Furniture,Tables,15,1726.256,-192.6625,0,2,0.7071067811865476,7.5,0.09428090415820635,1.2395158726381943,C,X
FUR-TA-10003715,Hon 2111 Invitation Series Corner Table,Furniture,Tables,3,376.866,-213.5574,0,1,,3.0,9.0,1.2382924284587546,C,Z
FUR-CH-10001973,Office Star Flex Back Scooter Chair with White Frame,Furniture,Chairs,16,1395.564,-217.5208,0,4,0.5773502691896257,5.333333333333333,0.10825317547305482,1.2370462784463128,C,X
TEC-PH-10000038,Jawbone MINI JAMBOX Wireless Bluetooth Speaker,Technology,Phones,10,1175.8400000000001,-219.168,0,2,1.4142135623730951,5.0,0.282842712474619,1.2357906918268864,C,X
FUR-TA-10002607,KI Conference Tables,Furniture,Tables,15,729.4549999999999,-219.75900000000001,0,4,1.8929694486000912,3.75,0.5047918529600243,1.23453171944087,C,Y
FUR-CH-10000513,High-Back Leather Manager's Chair,Furniture,Chairs,15,1623.8809999999999,-227.4825,0,5,1.5,3.75,0.4,1.2332285000696406,C,X
OFF-BI-10002429,"Premier Elliptical Ring Binder, Black",Office Supplies,Binders,28,471.08,-230.1264,0,5,4.83045891539648,7.0,0.6900655593423543,1.231910134119243,C,Y
FUR-TA-10000849,Bevis Rectangular Conference Tables,Furniture,Tables,6,523.332,-239.40720000000002,0,2,1.4142135623730951,3.0,0.47140452079103173,1.230538599602734,C,X
FUR-BO-10004357,O'Sullivan Living Dimensions 3-Shelf Bookcases,Furniture,Bookcases,3,301.47,-241.176,0,1,,3.0,9.0,1.229156931847739,C,Z
FUR-CH-10002880,"Global High-Back Leather Tilter, Burgundy",Furniture,Chairs,27,2529.78,-249.66969999999998,0,8,2.8535691936340255,3.857142857142857,0.7398142353865992,1.2277266047260966,C,Y
TEC-MA-10003337,Okidata B401 Printer,Technology,Machines,3,179.991,-251.9874,0,1,,3.0,9.0,1.2262829997851197,C,Z
OFF-BI-10004224,Catalog Binders with Expanding Posts,Office Supplies,Binders,16,483.4,-255.66400000000002,1,4,2.943920288775949,4.0,0.7359800721939872,1.224818332053202,C,Y
OFF-ST-10002743,SAFCO Boltless Steel Shelving,Office Supplies,Storage,33,3526.656,-257.9628,1,6,2.588435821108957,5.5,0.47062469474708307,1.2233404947777342,C,X
FUR-TA-10002903,"Bevis Round Bullnose 29"" High Table Top",Furniture,Tables,7,692.753,-264.9042,1,2,3.5355339059327378,3.5,1.0101525445522108,1.2218228910721305,C,Z
TEC-MA-10001856,Okidata C610n Printer,Technology,Machines,2,665.0,-272.58,0,1,,2.0,9.0,1.2202613136487697,C,Z
FUR-TA-10002356,Bevis Boat-Shaped Conference Table,Furniture,Tables,9,1613.238,-272.5944,0,4,0.957427107756338,2.25,0.4255231590028169,1.218699653729573,C,X
FUR-TA-10001039,KI Adjustable-Height Table,Furniture,Tables,26,1492.381,-282.8742,0,5,2.5166114784235836,6.5,0.3871709966805513,1.2170791020956626,C,X
FUR-TA-10002041,"Bevis Round Conference Table Top, X-Base",Furniture,Tables,11,1354.1779999999999,-285.0711,0,3,2.8867513459481287,3.6666666666666665,0.7872958216222169,1.2154459646908173,C,Y
FUR-TA-10001086,"SAFCO PlanMaster Boards, 60w x 37-1/2d, White Melamine",Furniture,Tables,15,1463.308,-288.781,1,3,1.0,5.0,0.2,1.2137915737234113,C,X
FUR-CH-10003298,"Office Star - Contemporary Task Swivel chair with Loop Arms, Charcoal",Furniture,Chairs,21,2299.464,-302.56379999999996,0,6,3.1144823004794873,4.2,0.7415434048760684,1.2120582227834804,C,Y
TEC-MA-10000904,"Brother MFC-9340CDW LED All-In-One Printer, Copier Scanner",Technology,Machines,3,341.991,-319.1916,0,1,,3.0,9.0,1.2102296132145962,C,Z
OFF-BI-10004632,GBC Binding covers,Office Supplies,Binders,29,4231.905,-320.9535,2,9,0.97182531580755,3.2222222222222223,0.3016009600782052,1.208390909936481,C,X
OFF-AP-10000390,Euro Pro Shark Stick Mini Vacuum,Office Supplies,Appliances,11,378.74399999999997,-325.6332,0,3,2.516611478423583,3.6666666666666665,0.6863485850246136,1.2065253972304246,C,Y
FUR-TA-10002228,"Bevis Traditional Conference Table Top, Plinth Base",Furniture,Tables,6,1348.44,-326.6928,0,2,1.4142135623730951,3.0,0.47140452079103173,1.2046538142057912,C,X
OFF-ST-10002574,"SAFCO Commercial Wire Shelving, Black",Office Supplies,Storage,16,1940.704,-331.536,0,5,1.3038404810405297,3.2,0.4074501503251655,1.202754485081749,C,X
FUR-FU-10002298,"Rubbermaid ClusterMat Chairmats, Mat Size- 66"" x 60"", Lip 20"" x 11"" -90 Degree Angle",Furniture,Furnishings,15,970.4079999999999,-332.94,0,3,1.7320508075688772,5.0,0.34641016151377546,1.200847112613726,C,X
FUR-FU-10003601,"Deflect-o RollaMat Studded, Beveled Mat for Medium Pile Carpeting",Furniture,Furnishings,26,1754.248,-343.0956,0,6,4.324349662087931,5.2,0.831605704247679,1.1988815599575717,C,Y
FUR-TA-10001768,Hon Racetrack Conference Tables,Furniture,Tables,8,1360.55,-346.5132,0,3,1.5275252316519465,2.6666666666666665,0.57282196186948,1.1968964282897439,C,Y
FUR-TA-10000577,Bretford CR4500 Series Slim Rectangular Table,Furniture,Tables,13,2465.89,-351.6921,0,3,0.5773502691896257,4.333333333333333,0.13323467750529824,1.1948816273383371,C,X
OFF-BI-10000778,GBC VeloBinder Electric Binding Machine,Office Supplies,Binders,13,474.43,-362.94,0,3,2.516611478423583,4.333333333333333,0.5807564950208269,1.192802388545929,C,Y
FUR-CH-10003774,"Global Wood Trimmed Manager's Task Chair, Khaki",Furniture,Chairs,40,3043.0860000000002,-373.01800000000003,1,11,2.9439202887759492,6.666666666666667,0.44158804331639234,1.1906654141262825,C,X
TEC-PH-10002645,LG G2,Technology,Phones,5,1499.97,-374.9925,0,1,,5.0,9.0,1.1885171280380527,C,Z
FUR-TA-10002530,"Iceberg OfficeWorks 42"" Round Tables",Furniture,Tables,24,2719.542,-377.44999999999993,0,4,4.58257569495584,8.0,0.57282196186948,1.1863547632334168,C,Y
FUR-TA-10003008,"Lesro Round Back Collection Coffee Table, End Table",Furniture,Tables,8,1209.24,-394.308,0,5,0.8944271909999159,1.6,0.5590169943749473,1.1840958210122319,C,Y
FUR-CH-10000229,Global Enterprise Series Seating High-Back Swivel/Tilt Chairs,Furniture,Chairs,8,1608.7820000000002,-395.6308,0,3,0.5773502691896258,2.6666666666666665,0.2165063509461097,1.1818293006319167,C,X
OFF-AP-10002534,3.6 Cubic Foot Counter Height Office Refrigerator,Office Supplies,Appliances,15,2860.428,-412.46799999999996,0,4,1.8929694486000912,3.75,0.5047918529600243,1.1794663219957042,C,Y
FUR-FU-10001468,Tenex Antistatic Computer Chair Mats,Furniture,Furnishings,5,353.96,-427.45,0,1,,5.0,9.0,1.1770175133170935,C,Z
OFF-SU-10000646,Premier Automatic Letter Opener,Office Supplies,Supplies,12,2411.626,-442.2808,0,4,1.8257418583505538,3.0,0.6085806194501846,1.17448374080236,C,Y
FUR-BO-10004467,Bestar Classic Bookcase,Furniture,Bookcases,17,1028.9075,-451.95480000000003,0,4,4.041451884327381,5.666666666666667,0.7131973913518906,1.17189454712689,C,Y
FUR-BO-10001972,O'Sullivan 4-Shelf Bookcase in Odessa Pine,Furniture,Bookcases,27,1392.277,-454.88480000000004,0,5,4.272001872658765,6.75,0.6328891663198171,1.169288567840405,C,Y
OFF-BI-10004584,GBC ProClick 150 Presentation Binding System,Office Supplies,Binders,22,3295.996,-461.3308,0,5,3.0495901363953815,4.4,0.6930886673625867,1.1666456602096873,C,Y
FUR-CH-10003312,Hon 2090 “Pillow Soft” Series Mid Back Swivel/Tilt Chairs,Furniture,Chairs,10,2209.448,-477.666,0,3,1.4142135623730951,5.0,0.282842712474619,1.1639091702195665,C,X
OFF-BI-10003527,Fellowes PB500 Electric Punch Plastic Comb Binding Machine with Manual Bind,Office Supplies,Binders,16,9756.524000000001,-508.3960000000002,0,5,2.2803508501982757,3.2,0.7126096406869611,1.1609966318245006,C,Y
FUR-FU-10003806,"Tenex Chairmat w/ Average Lip, 45"" x 53""",Furniture,Furnishings,19,2058.496,-529.76,0,4,2.3094010767585034,6.333333333333333,0.36464227527765847,1.157961701690963,C,X
FUR-TA-10004154,"Riverside Furniture Oval Coffee Table, Oval End Table, End Table with Drawer",Furniture,Tables,13,416.17,-556.489,0,2,7.7781745930520225,6.5,1.1966422450849266,1.1547736443912757,C,Z
FUR-BO-10000780,O'Sullivan Plantations 2-Door Library in Landvery Oak,Furniture,Bookcases,19,2709.8968,-562.744,0,4,2.6299556396765835,4.75,0.5536748715108597,1.1515497529629544,C,Y
OFF-SU-10000151,High Speed Automatic Electric Letter Opener,Office Supplies,Supplies,6,8842.662,-589.5108,0,2,,6.0,9.0,1.1481725178169147,C,Z
FUR-TA-10002533,BPI Conference Tables,Furniture,Tables,22,2019.7675,-620.7125,0,4,3.696845502136473,5.5,0.6721537276611769,1.1446165319544233,C,Y
FUR-TA-10001950,Balt Solid Wood Round Tables,Furniture,Tables,15,5534.178,-647.4105,0,3,2.6457513110645907,5.0,0.5291502622129182,1.140907596520984,C,Y
FUR-TA-10002958,"Bevis Oval Conference Table, Walnut",Furniture,Tables,16,2818.192,-751.6224,0,5,1.6431676725154984,3.2,0.5134898976610932,1.1366016438805395,C,Y
FUR-TA-10000198,Chromcraft Bull-Nose Wood Oval Conference Tables & Bases,Furniture,Tables,13,5322.408,-870.5484,0,3,2.3094010767585034,4.333333333333333,0.5329387100211931,1.1316143787569684,C,Y
FUR-TA-10001932,"Chromcraft 48"" x 96"" Racetrack Double Pedestal Table",Furniture,Tables,15,2968.696,-897.792,0,5,1.224744871391589,3.0,0.40824829046386296,1.126471038386897,C,X
TEC-MA-10001148,Okidata MB491 Multifunction Printer,Technology,Machines,14,3538.285,-914.118,0,3,1.5275252316519465,4.666666666666667,0.32732683535398854,1.1212341683630953,C,X
TEC-MA-10002210,Epson TM-T88V Direct Thermal Printer - Monochrome - Desktop,Technology,Machines,7,692.995,-935.9595,0,1,,7.0,9.0,1.1158721710618251,C,Z
TEC-MA-10001695,Zebra GK420t Direct Thermal/Thermal Transfer Printer,Technology,Machines,6,703.71,-938.28,0,1,,6.0,9.0,1.1104968799003636,C,Z
FUR-TA-10004256,Bretford “Just In Time” Height-Adjustable Multi-Task Work Tables,Furniture,Tables,17,3869.9,-964.1940000000001,0,4,1.2583057392117918,4.25,0.29607193863806863,1.1049731306078987,C,X
FUR-TA-10004289,BoxOffice By Design Rectangular and Half-Moon Meeting Room Tables,Furniture,Tables,13,1052.5,-986.5625,0,2,0.7071067811865476,6.5,0.10878565864408424,1.0993212349195336,C,X
OFF-SU-10002881,Martin Yale Chadless Opener Electric Letter Opener,Office Supplies,Supplies,16,12268.902,-1232.5588,1,4,2.449489742783178,4.0,0.6123724356957945,1.0922600565680591,C,Y
OFF-BI-10001120,Ibico EPK-21 Electric Binding System,Office Supplies,Binders,8,6437.965999999999,-1285.1932,0,2,1.4142135623730951,4.0,0.3535533905932738,1.084897342187778,C,X
FUR-TA-10001889,Bush Advantage Collection Racetrack Conference Table,Furniture,Tables,18,4334.1,-2019.2395999999999,0,4,2.6457513110645907,4.5,0.5879447357921312,1.0733293659176317,C,Y
TEC-MA-10000822,Lexmark MX611dhe Monochrome Laser Printer,Technology,Machines,7,5676.967000000001,-2719.984,0,2,2.1213203435596424,3.5,0.6060915267313264,1.0577469108354427,C,Y
TEC-MA-10004125,Cubify CubeX 3D Printer Triple Head Print,Technology,Machines,4,3009.98,-3839.9904,0,1,,4.0,9.0,1.0357480763114024,C,Z
TEC-MA-10000418,Cubify CubeX 3D Printer Double Head Print,Technology,Machines,7,9323.969000000001,-6239.9792,0,2,2.1213203435596424,3.5,0.6060915267313264,1.0,C,Y
