product_id,product_name,category,sub_category,units,revenue,profit,abc_class,xyz_class,inventory_policy,avg_monthly_demand,safety_stock,reorder_point,recommended_max_stock,stock_action
TEC-CO-10004722,Canon imageCLASS 2200 Advanced Copier,Technology,Copiers,20,14076.824,25199.928,A,X,"CORE - high availability, tight monitoring",1.6666666666666667,1.0,2.0,4.0,"STOCK-UP (high value, stable demand)"
OFF-AP-10002684,"Acco 7-Outlet Masterpiece Power Center, Wihtout Fax/Phone Line Protection",Office Supplies,Appliances,29,3079.868,522.794,A,Y,MANAGE - replenish on forecast,2.4166666666666665,4.0,5.0,8.0,"STOCK-UP (high value, stable demand)"
FUR-CH-10000015,Hon Multipurpose Stacking Arm Chairs,Furniture,Chairs,15,3022.76,541.5,A,X,"CORE - high availability, tight monitoring",1.25,2.0,3.0,5.0,"STOCK-UP (high value, stable demand)"
FUR-FU-10003664,"Electrix Architect's Clamp-On Swing Arm Lamp, Black",Furniture,Furnishings,30,2621.42,544.1220000000001,A,X,"CORE - high availability, tight monitoring",2.5,4.0,5.0,8.0,"STOCK-UP (high value, stable demand)"
TEC-AC-10004975,Plantronics Audio 995 Wireless Stereo Headset,Technology,Accessories,15,1707.25,544.2524999999999,A,Y,MANAGE - replenish on forecast,1.25,4.0,5.0,7.0,"STOCK-UP (high value, stable demand)"
OFF-ST-10003716,Tennsco Double-Tier Lockers,Office Supplies,Storage,34,7287.64,544.5484,A,X,"CORE - high availability, tight monitoring",2.8333333333333335,2.0,3.0,6.0,"STOCK-UP (high value, stable demand)"
TEC-PH-10002885,Apple iPhone 5,Technology,Phones,15,7734.994000000001,552.3555000000001,A,Y,MANAGE - replenish on forecast,1.25,3.0,4.0,6.0,"STOCK-UP (high value, stable demand)"
OFF-BI-10004519,GBC DocuBind P100 Manual Binding Machine,Office Supplies,Binders,11,1607.212,556.033,A,X,"CORE - high availability, tight monitoring",0.9166666666666666,1.0,2.0,3.0,"STOCK-UP (high value, stable demand)"
OFF-AP-10000828,Avanti 4.4 Cu. Ft. Refrigerator,Office Supplies,Appliances,11,2051.78,557.4184,A,X,"CORE - high availability, tight monitoring",0.9166666666666666,1.0,2.0,3.0,"STOCK-UP (high value, stable demand)"
FUR-TA-10001307,"SAFCO PlanMaster Heigh-Adjustable Drafting Table Base, 43w x 30d x 30-37h, Black",Furniture,Tables,11,3080.215,580.087,A,Y,MANAGE - replenish on forecast,0.9166666666666666,2.0,3.0,4.0,"STOCK-UP (high value, stable demand)"
FUR-CH-10003379,Global Commerce Series High-Back Swivel/Tilt Chairs,Furniture,Chairs,15,3874.2340000000004,584.2090000000001,A,X,"CORE - high availability, tight monitoring",1.25,2.0,3.0,5.0,"STOCK-UP (high value, stable demand)"
TEC-PH-10002114,Xiaomi Mi3,Technology,Phones,4,2279.96,592.7896,A,Z,"BALANCE - protect availability, cap stock",0.3333333333333333,1.0,2.0,3.0,MINIMISE STOCK
FUR-CH-10002331,Hon 4700 Series Mobuis Mid-Back Task Chairs with Adjustable Arms,Furniture,Chairs,21,5575.434,608.7258,A,Y,MANAGE - replenish on forecast,1.75,3.0,4.0,6.0,"STOCK-UP (high value, stable demand)"
FUR-TA-10000617,"Hon Practical Foundations 30 x 60 Training Table, Light Gray/Charcoal",Furniture,Tables,14,3165.68,609.8340000000001,A,Y,MANAGE - replenish on forecast,1.1666666666666667,2.0,3.0,5.0,"STOCK-UP (high value, stable demand)"
TEC-CO-10004115,Sharp AL-1530CS Digital Copier,Technology,Copiers,7,1918.9520000000002,614.9877,A,X,"CORE - high availability, tight monitoring",0.5833333333333334,1.0,2.0,3.0,"STOCK-UP (high value, stable demand)"
TEC-PH-10001795,ClearOne CHATAttach 160 - speaker phone,Technology,Phones,6,1265.948,619.99,A,X,"CORE - high availability, tight monitoring",0.5,2.0,3.0,4.0,"STOCK-UP (high value, stable demand)"
TEC-AC-10004145,Logitech diNovo Edge Keyboard,Technology,Accessories,18,4195.834,684.9725999999999,A,Y,MANAGE - replenish on forecast,1.5,3.0,4.0,6.0,"STOCK-UP (high value, stable demand)"
OFF-AP-10000891,Kensington 7 Outlet MasterPiece HOMEOFFICE Power Control Center,Office Supplies,Appliances,19,2895.832,694.9359999999999,A,Z,"BALANCE - protect availability, cap stock",1.5833333333333333,5.0,6.0,8.0,MINIMISE STOCK
OFF-PA-10000418,Xerox 189,Office Supplies,Paper,18,1751.6,696.204,A,X,"CORE - high availability, tight monitoring",1.5,2.0,3.0,5.0,"STOCK-UP (high value, stable demand)"
TEC-PH-10004977,GE 30524EE4,Technology,Phones,24,2465.394,697.7244,A,Y,MANAGE - replenish on forecast,2.0,3.0,4.0,6.0,"STOCK-UP (high value, stable demand)"
FUR-CH-10004495,"Global Leather and Oak Executive Chair, Black",Furniture,Chairs,18,4652.798,698.2736,A,Y,MANAGE - replenish on forecast,1.5,3.0,4.0,6.0,"STOCK-UP (high value, stable demand)"
FUR-BO-10004695,O'Sullivan 2-Door Barrister Bookcase in Odessa Pine,Furniture,Bookcases,22,3788.384,698.5827999999999,A,Y,MANAGE - replenish on forecast,1.8333333333333333,3.0,4.0,6.0,"STOCK-UP (high value, stable demand)"
OFF-LA-10003930,"Dot Matrix Printer Tape Reel Labels, White, 5000/Box",Office Supplies,Labels,19,1674.608,698.9841,A,X,"CORE - high availability, tight monitoring",1.5833333333333333,3.0,4.0,6.0,"STOCK-UP (high value, stable demand)"
OFF-ST-10001496,Standard Rollaway File with Lock,Office Supplies,Storage,28,4507.674,699.1372000000001,A,Y,MANAGE - replenish on forecast,2.3333333333333335,2.0,3.0,6.0,"STOCK-UP (high value, stable demand)"
FUR-CH-10004675,"Lifetime Advantage Folding Chairs, 4/Carton",Furniture,Chairs,16,3297.5840000000003,715.3024,A,X,"CORE - high availability, tight monitoring",1.3333333333333333,2.0,3.0,5.0,"STOCK-UP (high value, stable demand)"
TEC-AC-10000990,Imation Bio 2GB USB Flash Drive Imation Corp,Technology,Accessories,13,1766.3400000000001,716.2428,A,X,"CORE - high availability, tight monitoring",1.0833333333333333,2.0,3.0,5.0,"STOCK-UP (high value, stable demand)"
TEC-PH-10000984,Panasonic KX-TG9471B,Technology,Phones,15,2708.266,509.574,A,X,"CORE - high availability, tight monitoring",1.25,2.0,3.0,5.0,"STOCK-UP (high value, stable demand)"
OFF-ST-10003805,"24 Capacity Maxi Data Binder Racks, Pearl",Office Supplies,Storage,16,3114.92,505.32,A,Y,MANAGE - replenish on forecast,1.3333333333333333,3.0,4.0,6.0,"STOCK-UP (high value, stable demand)"
TEC-AC-10002001,Logitech Wireless Gaming Headset G930,Technology,Accessories,15,2088.874,503.9685,A,X,"CORE - high availability, tight monitoring",1.25,2.0,3.0,5.0,"STOCK-UP (high value, stable demand)"
TEC-PH-10002584,Samsung Galaxy S4,Technology,Phones,8,4050.336,500.792,A,X,"CORE - high availability, tight monitoring",0.6666666666666666,1.0,2.0,3.0,"STOCK-UP (high value, stable demand)"
TEC-PH-10002310,Panasonic KX T7731-B Digital phone,Technology,Phones,10,1825.7060000000001,424.05899999999997,A,Y,MANAGE - replenish on forecast,0.8333333333333334,2.0,3.0,4.0,"STOCK-UP (high value, stable demand)"
OFF-PA-10000675,Xerox 1919,Office Supplies,Paper,24,1020.374,424.6564,A,X,"CORE - high availability, tight monitoring",2.0,2.0,3.0,5.0,"STOCK-UP (high value, stable demand)"
OFF-AP-10002518,Kensington 7 Outlet MasterPiece Power Center,Office Supplies,Appliances,11,1829.3959999999997,425.3722,A,X,"CORE - high availability, tight monitoring",0.9166666666666666,2.0,3.0,4.0,"STOCK-UP (high value, stable demand)"
TEC-AC-10003610,Logitech Illuminated - Keyboard,Technology,Accessories,17,1323.84,429.52840000000003,A,X,"CORE - high availability, tight monitoring",1.4166666666666667,1.0,2.0,4.0,"STOCK-UP (high value, stable demand)"
TEC-AC-10000420,Logitech G500s Laser Gaming Mouse with Adjustable Weight Tuning,Technology,Accessories,21,1399.8,429.7386,A,X,"CORE - high availability, tight monitoring",1.75,2.0,3.0,5.0,"STOCK-UP (high value, stable demand)"
OFF-BI-10001718,GBC DocuBind P50 Personal Binding Machine,Office Supplies,Binders,32,1904.326,431.2252,A,Y,MANAGE - replenish on forecast,2.6666666666666665,4.0,5.0,8.0,"STOCK-UP (high value, stable demand)"
FUR-CH-10000665,"Global Airflow Leather Mesh Back Chair, Black",Furniture,Chairs,25,3243.9919999999997,437.842,A,X,"CORE - high availability, tight monitoring",2.0833333333333335,2.0,3.0,6.0,"STOCK-UP (high value, stable demand)"
TEC-AC-10004469,Microsoft Sculpt Comfort Mouse,Technology,Accessories,31,1609.58,441.048,A,X,"CORE - high availability, tight monitoring",2.5833333333333335,2.0,3.0,6.0,"STOCK-UP (high value, stable demand)"
TEC-PH-10003072,Panasonic KX-TG9541B DECT 6.0 Digital 2-Line Expandable Cordless Phone With Digital Answering System,Technology,Phones,13,1057.904,445.4703,A,Y,MANAGE - replenish on forecast,1.0833333333333333,2.0,3.0,5.0,"STOCK-UP (high value, stable demand)"
TEC-PH-10003601,"Ativa D5772 2-Line 5.8GHz Digital Expandable Corded/Cordless Phone System with Answering & Caller ID/Call Waiting, Black/Silver",Technology,Phones,9,1726.91,445.47300000000007,A,Y,MANAGE - replenish on forecast,0.75,2.0,3.0,4.0,"STOCK-UP (high value, stable demand)"
FUR-TA-10004619,Hon Non-Folding Utility Tables,Furniture,Tables,19,2564.891,446.068,A,X,"CORE - high availability, tight monitoring",1.5833333333333333,1.0,2.0,4.0,"STOCK-UP (high value, stable demand)"
OFF-PA-10001033,Xerox 1893,Office Supplies,Paper,26,1440.958,448.43059999999997,A,Y,MANAGE - replenish on forecast,2.1666666666666665,2.0,3.0,6.0,"STOCK-UP (high value, stable demand)"
OFF-PA-10001970,Xerox 1881,Office Supplies,Paper,39,2286.1679999999997,719.2226,A,Y,MANAGE - replenish on forecast,3.25,2.0,3.0,7.0,"STOCK-UP (high value, stable demand)"
OFF-PA-10004359,Multicolor Computer Printout Paper,Office Supplies,Paper,11,1140.5,448.75800000000004,A,X,"CORE - high availability, tight monitoring",0.9166666666666666,1.0,2.0,3.0,"STOCK-UP (high value, stable demand)"
TEC-PH-10003645,Aastra 57i VoIP phone,Technology,Phones,17,2551.794,455.74019999999996,A,Y,MANAGE - replenish on forecast,1.4166666666666667,3.0,4.0,6.0,"STOCK-UP (high value, stable demand)"
OFF-AP-10000275,"Sanyo Counter Height Refrigerator with Crisper, 3.6 Cubic Foot, Stainless Steel/Black",Office Supplies,Appliances,5,1666.7,459.396,A,Z,"BALANCE - protect availability, cap stock",0.4166666666666667,1.0,2.0,3.0,MINIMISE STOCK
TEC-PH-10000895,Polycom VVX 310 VoIP phone,Technology,Phones,16,2612.856,460.7744,A,X,"CORE - high availability, tight monitoring",1.3333333333333333,2.0,3.0,5.0,"STOCK-UP (high value, stable demand)"
TEC-PH-10002447,AT&T CL83451 4-Handset Telephone,Technology,Phones,10,1978.306,473.777,A,Y,MANAGE - replenish on forecast,0.8333333333333334,2.0,3.0,4.0,"STOCK-UP (high value, stable demand)"
OFF-AP-10000938,Avanti 1.7 Cu. Ft. Refrigerator,Office Supplies,Appliances,24,2290.56,476.6256,A,X,"CORE - high availability, tight monitoring",2.0,3.0,4.0,6.0,"STOCK-UP (high value, stable demand)"
TEC-PH-10001760,Bose SoundLink Bluetooth Speaker,Technology,Phones,9,1442.8,483.57,A,X,"CORE - high availability, tight monitoring",0.75,0.0,1.0,2.0,"STOCK-UP (high value, stable demand)"
TEC-AC-10001908,Logitech Wireless Headset h800,Technology,Accessories,22,1966.808,489.951,A,Z,"BALANCE - protect availability, cap stock",1.8333333333333333,5.0,6.0,8.0,MINIMISE STOCK
FUR-FU-10004864,"Howard Miller 14-1/2"" Diameter Chrome Round Wall Clock",Furniture,Furnishings,43,2117.084,490.1475,A,Z,"BALANCE - protect availability, cap stock",3.5833333333333335,5.0,6.0,10.0,MINIMISE STOCK
FUR-CH-10001854,Office Star - Professional Matrix Back Chair with 2-to-1 Synchro Tilt and Mesh Fabric Seat,Furniture,Chairs,10,3193.82,491.37200000000007,A,Y,MANAGE - replenish on forecast,0.8333333333333334,2.0,3.0,4.0,"STOCK-UP (high value, stable demand)"
FUR-CH-10001394,Global Leather Executive Chair,Furniture,Chairs,12,3439.702,491.38599999999997,A,Y,MANAGE - replenish on forecast,1.0,2.0,3.0,4.0,"STOCK-UP (high value, stable demand)"
FUR-CH-10000785,Global Ergonomic Managers Chair,Furniture,Chairs,32,4933.872,492.2656,A,Y,MANAGE - replenish on forecast,2.6666666666666665,2.0,3.0,6.0,"STOCK-UP (high value, stable demand)"
OFF-AP-10002118,"1.7 Cubic Foot Compact ""Cube"" Office Refrigerators",Office Supplies,Appliances,11,2216.864,493.3392,A,Y,MANAGE - replenish on forecast,0.9166666666666666,2.0,3.0,4.0,"STOCK-UP (high value, stable demand)"
OFF-ST-10004340,"Fellowes Mobile File Cart, Black",Office Supplies,Storage,38,2507.3,451.4268,A,Y,MANAGE - replenish on forecast,3.1666666666666665,3.0,4.0,8.0,"STOCK-UP (high value, stable demand)"
FUR-CH-10004287,SAFCO Arco Folding Chair,Furniture,Chairs,20,4748.780000000001,745.74,A,Y,MANAGE - replenish on forecast,1.6666666666666667,3.0,4.0,6.0,"STOCK-UP (high value, stable demand)"
OFF-PA-10000100,Xerox 1945,Office Supplies,Paper,31,1273.304,565.2520999999999,A,Y,MANAGE - replenish on forecast,2.5833333333333335,3.0,4.0,7.0,"STOCK-UP (high value, stable demand)"
OFF-BI-10004995,GBC DocuBind P400 Electric Binding System,Office Supplies,Binders,16,12577.108,762.1543999999994,A,X,"CORE - high availability, tight monitoring",1.3333333333333333,0.0,1.0,3.0,"STOCK-UP (high value, stable demand)"
TEC-AC-10004666,Maxell iVDR EX 500GB Cartridge,Technology,Accessories,10,2032.3999999999999,1184.8220000000001,A,Y,MANAGE - replenish on forecast,0.8333333333333334,3.0,4.0,5.0,"STOCK-UP (high value, stable demand)"
FUR-CH-10004086,Hon 4070 Series Pagoda Armless Upholstered Stacking Chairs,Furniture,Chairs,22,5799.081,1190.2584,A,Y,MANAGE - replenish on forecast,1.8333333333333333,4.0,5.0,7.0,"STOCK-UP (high value, stable demand)"
OFF-BI-10003091,GBC DocuBind TL200 Manual Binding Machine,Office Supplies,Binders,19,3728.68,1328.2014,A,X,"CORE - high availability, tight monitoring",1.5833333333333333,1.0,2.0,4.0,"STOCK-UP (high value, stable demand)"
TEC-MA-10000010,Hewlett-Packard Deskjet 3050a All-in-One Color Inkjet Printer,Technology,Machines,8,3040.0,1459.2,A,Z,"BALANCE - protect availability, cap stock",0.6666666666666666,1.0,2.0,3.0,MINIMISE STOCK
TEC-AC-10001838,Razer Tiamat Over Ear 7.1 Surround Sound PC Gaming Headset,Technology,Accessories,17,2976.83,1461.9269000000002,A,Y,MANAGE - replenish on forecast,1.4166666666666667,2.0,3.0,5.0,"STOCK-UP (high value, stable demand)"
OFF-BI-10004600,Ibico Ibimaster 300 Manual Binding System,Office Supplies,Binders,13,4637.684,1637.5555,A,Y,MANAGE - replenish on forecast,1.0833333333333333,2.0,3.0,5.0,"STOCK-UP (high value, stable demand)"
OFF-BI-10003650,GBC DocuBind 300 Electric Binding Machine,Office Supplies,Binders,14,5047.192,1641.0576,A,Y,MANAGE - replenish on forecast,1.1666666666666667,2.0,3.0,5.0,"STOCK-UP (high value, stable demand)"
TEC-MA-10003673,Hewlett-Packard Desktjet 6988DT Refurbished Printer,Technology,Machines,5,3436.5,1668.205,A,Z,"BALANCE - protect availability, cap stock",0.4166666666666667,1.0,2.0,3.0,MINIMISE STOCK
TEC-CO-10003236,Canon Image Class D660 Copier,Technology,Copiers,7,4022.9339999999997,1691.9718,A,Y,MANAGE - replenish on forecast,0.5833333333333334,2.0,3.0,4.0,"STOCK-UP (high value, stable demand)"
TEC-PH-10001459,Samsung Galaxy Mega 6.3,Technology,Phones,34,12370.707999999999,1696.7595999999999,A,X,"CORE - high availability, tight monitoring",2.8333333333333335,3.0,4.0,7.0,"STOCK-UP (high value, stable demand)"
FUR-CH-10000454,"Hon Deluxe Fabric Upholstered Stacking Chairs, Rounded Back",Furniture,Chairs,38,7304.126,1732.258,A,X,"CORE - high availability, tight monitoring",3.1666666666666665,3.0,4.0,8.0,"STOCK-UP (high value, stable demand)"
TEC-CO-10001046,Canon Imageclass D680 Copier / Fax,Technology,Copiers,10,5694.92,1749.975,A,Y,MANAGE - replenish on forecast,0.8333333333333334,2.0,3.0,4.0,"STOCK-UP (high value, stable demand)"
OFF-AP-10003057,Honeywell Enviracaire Portable HEPA Air Cleaner for 16' x 20' Room,Office Supplies,Appliances,11,3029.0699999999997,1181.3373,A,X,"CORE - high availability, tight monitoring",0.9166666666666666,2.0,3.0,4.0,"STOCK-UP (high value, stable demand)"
OFF-BI-10003925,Fellowes PB300 Plastic Comb Binding Machine,Office Supplies,Binders,16,5154.87,1753.7148,A,Y,MANAGE - replenish on forecast,1.3333333333333333,4.0,5.0,7.0,"STOCK-UP (high value, stable demand)"
OFF-BI-10000545,GBC Ibimaster 500 Manual ProClick Binding System,Office Supplies,Binders,31,6651.5419999999995,1826.352,A,Y,MANAGE - replenish on forecast,2.5833333333333335,4.0,5.0,8.0,"STOCK-UP (high value, stable demand)"
TEC-AC-10003832,Logitech P710e Mobile Speakerphone,Technology,Accessories,66,9895.798,1828.0088,A,Y,MANAGE - replenish on forecast,5.5,4.0,6.0,12.0,"STOCK-UP (high value, stable demand)"
TEC-AC-10003870,Logitech Z-906 Speaker sys - home theater - 5.1-CH,Technology,Accessories,14,4657.860000000001,1847.944,A,X,"CORE - high availability, tight monitoring",1.1666666666666667,1.0,2.0,4.0,"STOCK-UP (high value, stable demand)"
OFF-PA-10000357,"White Dual Perf Computer Printout Paper, 2700 Sheets, 1 Part, Heavyweight, 20 lbs., 14 7/8 x 11",Office Supplies,Paper,37,1855.8980000000001,754.3015,A,Y,MANAGE - replenish on forecast,3.0833333333333335,2.0,3.0,7.0,"STOCK-UP (high value, stable demand)"
TEC-CO-10003763,Canon PC1060 Personal Laser Copier,Technology,Copiers,10,5599.92,1889.973,A,X,"CORE - high availability, tight monitoring",0.8333333333333334,0.0,1.0,2.0,"STOCK-UP (high value, stable demand)"
TEC-AC-10003033,Plantronics CS510 - Over-the-Head monaural Wireless Headset System,Technology,Accessories,25,7664.85,2062.1875,A,X,"CORE - high availability, tight monitoring",2.0833333333333335,2.0,3.0,6.0,"STOCK-UP (high value, stable demand)"
OFF-AP-10002945,Honeywell Enviracaire Portable HEPA Air Cleaner for 17' x 22' Room,Office Supplies,Appliances,29,7275.8099999999995,2396.1805,A,X,"CORE - high availability, tight monitoring",2.4166666666666665,3.0,4.0,7.0,"STOCK-UP (high value, stable demand)"
TEC-MA-10003979,Ativa V4110MDD Micro-Cut Shredder,Technology,Machines,7,4899.93,2400.9657,A,Z,"BALANCE - protect availability, cap stock",0.5833333333333334,1.0,2.0,3.0,MINIMISE STOCK
OFF-BI-10001359,GBC DocuBind TL300 Electric Binding System,Office Supplies,Binders,21,12890.258,2753.7593,A,Z,"BALANCE - protect availability, cap stock",1.75,4.0,5.0,7.0,MINIMISE STOCK
TEC-MA-10001127,"HP Designjet T520 Inkjet Large Format Printer - 24"" Color",Technology,Machines,5,4749.95,2799.984,A,Z,"BALANCE - protect availability, cap stock",0.4166666666666667,1.0,2.0,3.0,MINIMISE STOCK
TEC-MA-10001047,"3D Systems Cube Printer, 2nd Generation, Magenta",Technology,Machines,11,14334.89,3717.9714000000004,A,X,"CORE - high availability, tight monitoring",0.9166666666666666,2.0,3.0,4.0,"STOCK-UP (high value, stable demand)"
TEC-CO-10001449,Hewlett Packard LaserJet 3310 Copier,Technology,Copiers,31,13837.732,6407.8932,A,X,"CORE - high availability, tight monitoring",2.5833333333333335,2.0,3.0,6.0,"STOCK-UP (high value, stable demand)"
TEC-CO-10002095,Hewlett Packard 610 Color Digital Copier / Printer,Technology,Copiers,12,3210.898,1799.964,A,X,"CORE - high availability, tight monitoring",1.0,1.0,2.0,3.0,"STOCK-UP (high value, stable demand)"
OFF-ST-10001526,Iceberg Mobile Mega Data/Printer Cart,Office Supplies,Storage,37,4694.21,1157.5746,A,Y,MANAGE - replenish on forecast,3.0833333333333335,4.0,5.0,9.0,"STOCK-UP (high value, stable demand)"
TEC-AC-10002049,Logitech G19 Programmable Gaming Keyboard,Technology,Accessories,32,6530.756,1856.6766,A,Y,MANAGE - replenish on forecast,2.6666666666666665,3.0,4.0,7.0,"STOCK-UP (high value, stable demand)"
TEC-MA-10000488,Bady BDG101FRU Card Printer,Technology,Machines,11,7385.907999999999,1111.9861,A,X,"CORE - high availability, tight monitoring",0.9166666666666666,1.0,2.0,3.0,"STOCK-UP (high value, stable demand)"
OFF-BI-10004390,GBC DocuBind 200 Manual Binding Machine,Office Supplies,Binders,9,3059.0559999999996,1136.646,A,Y,MANAGE - replenish on forecast,0.75,3.0,4.0,5.0,"STOCK-UP (high value, stable demand)"
FUR-CH-10001215,Global Troy Executive Leather Low-Back Tilter,Furniture,Chairs,25,10217.894,776.519,A,X,"CORE - high availability, tight monitoring",2.0833333333333335,2.0,3.0,6.0,"STOCK-UP (high value, stable demand)"
TEC-CO-10000971,Hewlett Packard 310 Color Digital Copier,Technology,Copiers,14,3847.876,779.9739999999999,A,X,"CORE - high availability, tight monitoring",1.1666666666666667,2.0,3.0,5.0,"STOCK-UP (high value, stable demand)"
FUR-CH-10000847,Global Executive Mid-Back Manager's Chair,Furniture,Chairs,15,4088.5240000000003,785.646,A,X,"CORE - high availability, tight monitoring",1.25,2.0,3.0,5.0,"STOCK-UP (high value, stable demand)"
TEC-PH-10002834,Google Nexus 5,Technology,Phones,20,2082.806,791.956,A,Y,MANAGE - replenish on forecast,1.6666666666666667,4.0,5.0,7.0,"STOCK-UP (high value, stable demand)"
OFF-AP-10003849,Hoover Shoulder Vac Commercial Portable Vacuum,Office Supplies,Appliances,10,2540.636,822.9859999999999,A,Y,MANAGE - replenish on forecast,0.8333333333333334,3.0,4.0,5.0,"STOCK-UP (high value, stable demand)"
FUR-CH-10002335,Hon GuestStacker Chair,Furniture,Chairs,22,2441.4,843.2124,A,Y,MANAGE - replenish on forecast,1.8333333333333333,4.0,5.0,7.0,"STOCK-UP (high value, stable demand)"
TEC-PH-10001494,Polycom CX600 IP Phone VoIP phone,Technology,Phones,15,2818.3099999999995,854.8575000000001,A,Y,MANAGE - replenish on forecast,1.25,3.0,4.0,6.0,"STOCK-UP (high value, stable demand)"
FUR-FU-10002937,"GE 48"" Fluorescent Tube, Cool White Energy Saver, 34 Watts, 30/Box",Furniture,Furnishings,20,1969.5240000000001,873.224,A,Y,MANAGE - replenish on forecast,1.6666666666666667,3.0,4.0,6.0,"STOCK-UP (high value, stable demand)"
TEC-MA-10000984,Okidata MB760 Printer,Technology,Machines,7,7834.4,881.37,A,X,"CORE - high availability, tight monitoring",0.5833333333333334,1.0,2.0,3.0,"STOCK-UP (high value, stable demand)"
FUR-BO-10002545,"Atlantic Metals Mobile 3-Shelf Bookcases, Custom Colors",Furniture,Bookcases,13,3411.7400000000002,882.1124,A,X,"CORE - high availability, tight monitoring",1.0833333333333333,2.0,3.0,5.0,"STOCK-UP (high value, stable demand)"
TEC-MA-10002428,Fellowes Powershred HS-440 4-Sheet High Security Shredder,Technology,Machines,14,2126.866,883.443,A,Y,MANAGE - replenish on forecast,1.1666666666666667,5.0,6.0,8.0,"STOCK-UP (high value, stable demand)"
TEC-PH-10002624,Samsung Galaxy S4 Mini,Technology,Phones,10,4288.91,892.981,A,Y,MANAGE - replenish on forecast,0.8333333333333334,2.0,3.0,4.0,"STOCK-UP (high value, stable demand)"
OFF-ST-10002615,"Dual Level, Single-Width Filing Carts",Office Supplies,Storage,22,3436.284,793.9072,A,Y,MANAGE - replenish on forecast,1.8333333333333333,2.0,3.0,5.0,"STOCK-UP (high value, stable demand)"
OFF-ST-10003208,Adjustable Depth Letter/Legal Cart,Office Supplies,Storage,22,3801.368,939.9628,A,X,"CORE - high availability, tight monitoring",1.8333333333333333,2.0,3.0,5.0,"STOCK-UP (high value, stable demand)"
OFF-BI-10003656,Fellowes PB200 Plastic Comb Binding Machine,Office Supplies,Binders,16,2423.86,911.1464,A,Y,MANAGE - replenish on forecast,1.3333333333333333,3.0,4.0,6.0,"STOCK-UP (high value, stable demand)"
OFF-BI-10004318,Ibico EB-19 Dual Function Manual Binding System,Office Supplies,Binders,23,3298.913,1086.3772,A,Y,MANAGE - replenish on forecast,1.9166666666666667,3.0,4.0,6.0,"STOCK-UP (high value, stable demand)"
OFF-ST-10001780,Tennsco 16-Compartment Lockers with Coat Rack,Office Supplies,Storage,11,6501.9,1062.5395999999998,A,X,"CORE - high availability, tight monitoring",0.9166666666666666,1.0,2.0,3.0,"STOCK-UP (high value, stable demand)"
TEC-CO-10001943,Canon PC-428 Personal Copier,Technology,Copiers,18,3053.85,1091.9454,A,Y,MANAGE - replenish on forecast,1.5,4.0,5.0,7.0,"STOCK-UP (high value, stable demand)"
TEC-CO-10002313,Canon PC1080F Personal Copier,Technology,Copiers,7,2575.94,1037.9827,A,Y,MANAGE - replenish on forecast,0.5833333333333334,2.0,3.0,4.0,"STOCK-UP (high value, stable demand)"
OFF-PA-10000994,Xerox 1915,Office Supplies,Paper,22,2473.79,1044.306,A,Y,MANAGE - replenish on forecast,1.8333333333333333,4.0,5.0,7.0,"STOCK-UP (high value, stable demand)"
OFF-ST-10001490,"Hot File 7-Pocket, Floor Stand",Office Supplies,Storage,25,6198.504,1017.279,A,Y,MANAGE - replenish on forecast,2.0833333333333335,4.0,5.0,8.0,"STOCK-UP (high value, stable demand)"
OFF-ST-10003306,Letter Size Cart,Office Supplies,Storage,24,3828.068,965.7336,A,X,"CORE - high availability, tight monitoring",2.0,2.0,3.0,5.0,"STOCK-UP (high value, stable demand)"
OFF-AP-10001058,Sanyo 2.5 Cubic Foot Mid-Size Office Refrigerators,Office Supplies,Appliances,17,4134.96,956.9502,A,Y,MANAGE - replenish on forecast,1.4166666666666667,3.0,4.0,6.0,"STOCK-UP (high value, stable demand)"
FUR-CH-10003746,Hon 4070 Series Pagoda Round Back Stacking Chairs,Furniture,Chairs,16,4685.21,956.5204,A,Y,MANAGE - replenish on forecast,1.3333333333333333,2.0,3.0,5.0,"STOCK-UP (high value, stable demand)"
OFF-ST-10000142,Deluxe Rollaway Locking File with Drawer,Office Supplies,Storage,11,2439.152,1031.3824,A,Y,MANAGE - replenish on forecast,0.9166666666666666,2.0,3.0,4.0,"STOCK-UP (high value, stable demand)"
OFF-EN-10001453,"Tyvek Interoffice Envelopes, 9 1/2"" x 12 1/2"", 100/Box",Office Supplies,Envelopes,11,1004.192,278.6786,B,X,STANDARD - normal replenishment,0.9166666666666666,1.0,2.0,3.0,"STOCK-UP (high value, stable demand)"
FUR-FU-10000965,"Howard Miller 11-1/2"" Diameter Ridgewood Wall Clock",Furniture,Furnishings,13,675.22,276.8402,B,Z,"REDUCE - cut stock, watch variability",1.0833333333333333,1.0,2.0,4.0,MINIMISE STOCK
OFF-BI-10002082,GBC Twin Loop Wire Binding Elements,Office Supplies,Binders,39,1017.512,279.552,B,Y,WATCH - moderate safety stock,3.25,4.0,5.0,9.0,"STOCK-UP (high value, stable demand)"
OFF-PA-10004327,Xerox 1911,Office Supplies,Paper,13,646.54,279.736,B,Y,WATCH - moderate safety stock,1.0833333333333333,2.0,3.0,5.0,"STOCK-UP (high value, stable demand)"
FUR-TA-10002645,Hon Rectangular Conference Tables,Furniture,Tables,12,2866.56,282.162,B,Y,WATCH - moderate safety stock,1.0,5.0,6.0,7.0,"STOCK-UP (high value, stable demand)"
TEC-PH-10004389,Nokia Lumia 925,Technology,Phones,11,1422.296,284.7374,B,X,STANDARD - normal replenishment,0.9166666666666666,1.0,2.0,3.0,"STOCK-UP (high value, stable demand)"
TEC-AC-10001539,Logitech G430 Surround Sound Gaming Headset with Dolby 7.1 Technology,Technology,Accessories,10,916.9,287.964,B,Y,WATCH - moderate safety stock,0.8333333333333334,2.0,3.0,4.0,"STOCK-UP (high value, stable demand)"
TEC-PH-10002555,Nortel Meridian M5316 Digital phone,Technology,Phones,12,2612.5,290.024,B,X,STANDARD - normal replenishment,1.0,2.0,3.0,4.0,"STOCK-UP (high value, stable demand)"
OFF-PA-10000062,Green Bar Computer Printout Paper,Office Supplies,Paper,14,756.496,300.0816,B,Y,WATCH - moderate safety stock,1.1666666666666667,3.0,4.0,6.0,"STOCK-UP (high value, stable demand)"
OFF-AP-10001394,Harmony Air Purifier,Office Supplies,Appliances,6,1051.6,294.84000000000003,B,X,STANDARD - normal replenishment,0.5,1.0,2.0,3.0,"STOCK-UP (high value, stable demand)"
FUR-BO-10002613,"Atlantic Metals Mobile 4-Shelf Bookcases, Custom Colors",Furniture,Bookcases,7,1699.831,295.029,B,Y,WATCH - moderate safety stock,0.5833333333333334,2.0,3.0,4.0,"STOCK-UP (high value, stable demand)"
OFF-BI-10002867,GBC Recycled Regency Composition Covers,Office Supplies,Binders,13,752.36,297.70439999999996,B,X,STANDARD - normal replenishment,1.0833333333333333,2.0,3.0,5.0,"STOCK-UP (high value, stable demand)"
TEC-AC-10001465,SanDisk Cruzer 64 GB USB Flash Drive,Technology,Accessories,29,1213.752,301.456,B,Y,WATCH - moderate safety stock,2.4166666666666665,4.0,5.0,8.0,"STOCK-UP (high value, stable demand)"
OFF-PA-10000482,"Snap-A-Way Black Print Carbonless Ruled Speed Letter, Triplicate",Office Supplies,Paper,17,644.98,303.1406,B,Y,WATCH - moderate safety stock,1.4166666666666667,4.0,5.0,7.0,"STOCK-UP (high value, stable demand)"
TEC-PH-10001835,Jawbone JAMBOX Wireless Bluetooth Speaker,Technology,Phones,4,631.96,303.3408,B,Z,"REDUCE - cut stock, watch variability",0.3333333333333333,1.0,2.0,3.0,MINIMISE STOCK
OFF-PA-10003129,Tops White Computer Printout Paper,Office Supplies,Paper,12,629.92,275.8524,B,X,STANDARD - normal replenishment,1.0,1.0,2.0,3.0,"STOCK-UP (high value, stable demand)"
TEC-AC-10000474,Kensington Expert Mouse Optical USB Trackball for PC or Mac,Technology,Accessories,16,1155.856,303.968,B,X,STANDARD - normal replenishment,1.3333333333333333,2.0,3.0,5.0,"STOCK-UP (high value, stable demand)"
TEC-PH-10002103,Jabra SPEAK 410,Technology,Phones,14,1409.6680000000001,293.2488,B,Y,WATCH - moderate safety stock,1.1666666666666667,5.0,6.0,8.0,"STOCK-UP (high value, stable demand)"
TEC-AC-10002800,Plantronics Audio 478 Stereo USB Headset,Technology,Accessories,18,880.828,274.94500000000005,B,Y,WATCH - moderate safety stock,1.5,3.0,4.0,6.0,"STOCK-UP (high value, stable demand)"
OFF-EN-10002230,Airmail Envelopes,Office Supplies,Envelopes,9,685.654,254.30790000000002,B,X,STANDARD - normal replenishment,0.75,1.0,2.0,3.0,"STOCK-UP (high value, stable demand)"
FUR-CH-10004626,Office Star Flex Back Scooter Chair with Aluminum Finish Frame,Furniture,Chairs,14,1411.837,268.3674,B,X,STANDARD - normal replenishment,1.1666666666666667,1.0,2.0,4.0,"STOCK-UP (high value, stable demand)"
OFF-AP-10001005,Honeywell Quietcare HEPA Air Cleaner,Office Supplies,Appliances,13,1017.99,305.9485,B,X,STANDARD - normal replenishment,1.0833333333333333,1.0,2.0,4.0,"STOCK-UP (high value, stable demand)"
FUR-FU-10004306,Electrix Halogen Magnifier Lamp,Furniture,Furnishings,11,2422.42,244.81799999999998,B,X,STANDARD - normal replenishment,0.9166666666666666,1.0,2.0,3.0,"STOCK-UP (high value, stable demand)"
OFF-AP-10004540,"Eureka The Boss Lite 10-Amp Upright Vacuum, Blue",Office Supplies,Appliances,11,927.76,246.89280000000002,B,X,STANDARD - normal replenishment,0.9166666666666666,2.0,3.0,4.0,"STOCK-UP (high value, stable demand)"
OFF-ST-10002974,"Trav-L-File Heavy-Duty Shuttle II, Black",Office Supplies,Storage,25,1198.824,248.349,B,Y,WATCH - moderate safety stock,2.0833333333333335,3.0,4.0,7.0,"STOCK-UP (high value, stable demand)"
OFF-LA-10003510,"Avery 4027 File Folder Labels for Dot Matrix Printers, 5000 Labels per Box, White",Office Supplies,Labels,21,793.388,252.1778,B,X,STANDARD - normal replenishment,1.75,2.0,3.0,5.0,"STOCK-UP (high value, stable demand)"
FUR-FU-10001215,"Howard Miller 11-1/2"" Diameter Brentwood Wall Clock",Furniture,Furnishings,14,659.8199999999999,253.6044,B,Y,WATCH - moderate safety stock,1.1666666666666667,5.0,6.0,8.0,"STOCK-UP (high value, stable demand)"
OFF-BI-10001989,Premium Transparent Presentation Covers by GBC,Office Supplies,Binders,40,793.242,253.858,B,X,STANDARD - normal replenishment,3.3333333333333335,2.0,3.0,7.0,"STOCK-UP (high value, stable demand)"
TEC-AC-10004659,Imation Secure+ Hardware Encrypted USB 2.0 Flash Drive; 16GB,Technology,Accessories,18,1180.448,255.465,B,X,STANDARD - normal replenishment,1.5,2.0,3.0,5.0,"STOCK-UP (high value, stable demand)"
FUR-FU-10001290,Executive Impressions Supervisor Wall Clock,Furniture,Furnishings,19,898.8999999999999,255.968,B,Y,WATCH - moderate safety stock,1.5833333333333333,5.0,6.0,8.0,"STOCK-UP (high value, stable demand)"
FUR-CH-10002320,Hon Pagoda Stacking Chairs,Furniture,Chairs,8,2101.272,256.784,B,Z,"REDUCE - cut stock, watch variability",0.6666666666666666,1.0,2.0,3.0,MINIMISE STOCK
OFF-PA-10003892,Xerox 1943,Office Supplies,Paper,13,608.702,259.7121,B,Y,WATCH - moderate safety stock,1.0833333333333333,2.0,3.0,5.0,"STOCK-UP (high value, stable demand)"
TEC-PH-10000673,Plantronics Voyager Pro HD - Bluetooth Headset,Technology,Phones,20,967.8560000000001,259.96,B,Y,WATCH - moderate safety stock,1.6666666666666667,6.0,7.0,9.0,"STOCK-UP (high value, stable demand)"
OFF-PA-10003641,Xerox 1909,Office Supplies,Paper,25,760.292,261.16200000000003,B,X,STANDARD - normal replenishment,2.0833333333333335,2.0,3.0,6.0,"STOCK-UP (high value, stable demand)"
TEC-PH-10000441,VTech DS6151,Technology,Phones,11,1284.9,262.0592,B,Y,WATCH - moderate safety stock,0.9166666666666666,2.0,3.0,4.0,"STOCK-UP (high value, stable demand)"
FUR-CH-10000595,Safco Contoured Stacking Chairs,Furniture,Chairs,6,1400.04,262.24,B,X,STANDARD - normal replenishment,0.5,2.0,3.0,4.0,"STOCK-UP (high value, stable demand)"
FUR-FU-10000576,Luxo Professional Fluorescent Magnifier Lamp with Clamp-Mount Base,Furniture,Furnishings,21,2672.312,264.3983999999999,B,X,STANDARD - normal replenishment,1.75,3.0,4.0,6.0,"STOCK-UP (high value, stable demand)"
OFF-BI-10001071,GBC ProClick Punch Binding System,Office Supplies,Binders,15,828.964,265.517,B,Y,WATCH - moderate safety stock,1.25,2.0,3.0,5.0,"STOCK-UP (high value, stable demand)"
TEC-AC-10000844,Logitech Gaming G510s - Keyboard,Technology,Accessories,11,1271.8980000000001,268.5684,B,X,STANDARD - normal replenishment,0.9166666666666666,1.0,2.0,3.0,"STOCK-UP (high value, stable demand)"
TEC-AC-10000892,NETGEAR N750 Dual Band Wi-Fi Gigabit Router,Technology,Accessories,10,926.0,306.0,B,Y,WATCH - moderate safety stock,0.8333333333333334,2.0,3.0,4.0,"STOCK-UP (high value, stable demand)"
OFF-BI-10002735,GBC Prestige Therm-A-Bind Covers,Office Supplies,Binders,19,807.994,251.4923,B,X,STANDARD - normal replenishment,1.5833333333333333,1.0,2.0,4.0,"STOCK-UP (high value, stable demand)"
FUR-TA-10001771,"Bush Cubix Conference Tables, Fully Assembled",Furniture,Tables,19,3678.288,311.823,B,Y,WATCH - moderate safety stock,1.5833333333333333,4.0,5.0,7.0,"STOCK-UP (high value, stable demand)"
OFF-PA-10001878,Xerox 1891,Office Supplies,Paper,19,949.816,368.2923,B,X,STANDARD - normal replenishment,1.5833333333333333,2.0,3.0,5.0,"STOCK-UP (high value, stable demand)"
FUR-CH-10002602,DMI Arturo Collection Mission-style Design Wood Chair,Furniture,Chairs,21,2405.64,371.4108,B,Y,WATCH - moderate safety stock,1.75,5.0,6.0,8.0,"STOCK-UP (high value, stable demand)"
TEC-PH-10001557,Pyle PMP37LED,Technology,Phones,21,1996.008,371.48130000000003,B,Y,WATCH - moderate safety stock,1.75,2.0,3.0,5.0,"STOCK-UP (high value, stable demand)"
TEC-PH-10003691,BlackBerry Q10,Technology,Phones,15,1807.058,371.6705,B,X,STANDARD - normal replenishment,1.25,2.0,3.0,5.0,"STOCK-UP (high value, stable demand)"
OFF-PA-10001289,White Computer Printout Paper by Universal,Office Supplies,Paper,25,901.2239999999999,374.034,B,X,STANDARD - normal replenishment,2.0833333333333335,2.0,3.0,6.0,"STOCK-UP (high value, stable demand)"
OFF-PA-10001497,Xerox 1914,Office Supplies,Paper,16,863.4000000000001,375.92639999999994,B,X,STANDARD - normal replenishment,1.3333333333333333,2.0,3.0,5.0,"STOCK-UP (high value, stable demand)"
TEC-AC-10003911,NETGEAR AC1750 Dual Band Gigabit Smart WiFi Router,Technology,Accessories,7,1144.93,380.77619999999996,B,X,STANDARD - normal replenishment,0.5833333333333334,1.0,2.0,3.0,"STOCK-UP (high value, stable demand)"
OFF-AP-10002651,Hoover Upright Vacuum With Dirt Cup,Office Supplies,Appliances,8,2065.71,382.1796,B,X,STANDARD - normal replenishment,0.6666666666666666,2.0,3.0,4.0,"STOCK-UP (high value, stable demand)"
OFF-AP-10003590,Hoover WindTunnel Plus Canister Vacuum,Office Supplies,Appliances,6,1996.55,392.31,B,X,STANDARD - normal replenishment,0.5,0.0,1.0,2.0,"STOCK-UP (high value, stable demand)"
TEC-AC-10003095,Logitech G35 7.1-Channel Surround Sound Headset,Technology,Accessories,9,1180.91,397.7694,B,X,STANDARD - normal replenishment,0.75,0.0,1.0,2.0,"STOCK-UP (high value, stable demand)"
TEC-AC-10002842,WD My Passport Ultra 2TB Portable External Hard Drive,Technology,Accessories,30,3548.4,404.6,B,Y,WATCH - moderate safety stock,2.5,3.0,4.0,7.0,"STOCK-UP (high value, stable demand)"
OFF-ST-10000078,Tennsco 6- and 18-Compartment Lockers,Office Supplies,Storage,13,3280.074,408.3618,B,Y,WATCH - moderate safety stock,1.0833333333333333,2.0,3.0,5.0,"STOCK-UP (high value, stable demand)"
TEC-PH-10001944,Wi-Ex zBoost YX540 Cellular Phone Signal Booster,Technology,Phones,10,1467.31,408.65999999999997,B,Y,WATCH - moderate safety stock,0.8333333333333334,2.0,3.0,4.0,"STOCK-UP (high value, stable demand)"
TEC-AC-10001432,Enermax Aurora Lite Keyboard,Technology,Accessories,12,974.8,412.632,B,Y,WATCH - moderate safety stock,1.0,3.0,4.0,5.0,"STOCK-UP (high value, stable demand)"
TEC-PH-10004094,Motorola L703CM,Technology,Phones,25,2911.186,413.37350000000004,B,X,STANDARD - normal replenishment,2.0833333333333335,2.0,3.0,6.0,"STOCK-UP (high value, stable demand)"
TEC-PH-10003012,Nortel Meridian M3904 Professional Digital phone,Technology,Phones,19,2580.638,417.3129,B,Y,WATCH - moderate safety stock,1.5833333333333333,2.0,3.0,5.0,"STOCK-UP (high value, stable demand)"
FUR-CH-10002084,Hon Mobius Operator's Chair,Furniture,Chairs,16,1879.85,309.9348,B,X,STANDARD - normal replenishment,1.3333333333333333,2.0,3.0,5.0,"STOCK-UP (high value, stable demand)"
TEC-AC-10003174,Plantronics S12 Corded Telephone Headset System,Technology,Accessories,14,1353.922,366.48600000000005,B,X,STANDARD - normal replenishment,1.1666666666666667,1.0,2.0,4.0,"STOCK-UP (high value, stable demand)"
OFF-BI-10000632,Satellite Sectional Post Binders,Office Supplies,Binders,32,1689.6370000000002,365.5122,B,Y,WATCH - moderate safety stock,2.6666666666666665,4.0,5.0,8.0,"STOCK-UP (high value, stable demand)"
TEC-AC-10002926,Logitech Wireless Marathon Mouse M705,Technology,Accessories,22,1137.798,382.9234,B,Y,WATCH - moderate safety stock,1.8333333333333333,3.0,4.0,6.0,"STOCK-UP (high value, stable demand)"
TEC-PH-10004586,Wilson SignalBoost 841262 DB PRO Amplifier Kit,Technology,Phones,8,2458.67,359.95,B,X,STANDARD - normal replenishment,0.6666666666666666,1.0,2.0,3.0,"STOCK-UP (high value, stable demand)"
OFF-PA-10003302,Xerox 1906,Office Supplies,Paper,20,797.536,311.872,B,Y,WATCH - moderate safety stock,1.6666666666666667,3.0,4.0,6.0,"STOCK-UP (high value, stable demand)"
TEC-PH-10002660,Nortel Networks T7316 E Nt8 B27,Technology,Phones,27,1894.5439999999999,363.74649999999997,B,Y,WATCH - moderate safety stock,2.25,4.0,5.0,8.0,"STOCK-UP (high value, stable demand)"
OFF-PA-10003228,Xerox 1917,Office Supplies,Paper,14,745.74,321.8278,B,X,STANDARD - normal replenishment,1.1666666666666667,3.0,4.0,6.0,"STOCK-UP (high value, stable demand)"
OFF-PA-10001815,Xerox 1885,Office Supplies,Paper,14,735.56,322.8288,B,X,STANDARD - normal replenishment,1.1666666666666667,1.0,2.0,4.0,"STOCK-UP (high value, stable demand)"
FUR-CH-10000155,Global Comet Stacking Armless Chair,Furniture,Chairs,6,1712.87,322.974,B,X,STANDARD - normal replenishment,0.5,1.0,2.0,3.0,"STOCK-UP (high value, stable demand)"
TEC-PH-10004536,Avaya 5420 Digital phone,Technology,Phones,12,1610.886,323.976,B,Y,WATCH - moderate safety stock,1.0,3.0,4.0,5.0,"STOCK-UP (high value, stable demand)"
TEC-CO-10001571,Sharp 1540cs Digital Laser Copier,Technology,Copiers,2,889.984,329.994,B,Z,"REDUCE - cut stock, watch variability",0.16666666666666666,1.0,2.0,3.0,MINIMISE STOCK
OFF-ST-10000036,"Recycled Data-Pak for Archival Bound Computer Printouts, 12-1/2 x 12-1/2 x 16",Office Supplies,Storage,15,1466.576,340.82550000000003,B,X,STANDARD - normal replenishment,1.25,2.0,3.0,5.0,"STOCK-UP (high value, stable demand)"
OFF-AP-10000576,Belkin 7 Outlet SurgeMaster II,Office Supplies,Appliances,24,1651.2359999999999,341.237,B,Y,WATCH - moderate safety stock,2.0,3.0,4.0,6.0,"STOCK-UP (high value, stable demand)"
FUR-CH-10004218,"Global Fabric Manager's Chair, Dark Gray",Furniture,Chairs,21,1998.6200000000001,328.185,B,Y,WATCH - moderate safety stock,1.75,3.0,4.0,6.0,"STOCK-UP (high value, stable demand)"
OFF-BI-10002026,Avery Arch Ring Binders,Office Supplies,Binders,43,1600.946,343.4466,B,Y,WATCH - moderate safety stock,3.5833333333333335,5.0,6.0,10.0,"STOCK-UP (high value, stable demand)"
FUR-FU-10004665,"3M Polarizing Task Lamp with Clamp Arm, Light Gray",Furniture,Furnishings,10,1445.8,356.148,B,Y,WATCH - moderate safety stock,0.8333333333333334,2.0,3.0,4.0,"STOCK-UP (high value, stable demand)"
OFF-EN-10003001,Ames Color-File Green Diamond Border X-ray Mailers,Office Supplies,Envelopes,9,782.82,355.23539999999997,B,Y,WATCH - moderate safety stock,0.75,2.0,3.0,4.0,"STOCK-UP (high value, stable demand)"
FUR-CH-10002073,Hon Olson Stacker Chairs,Furniture,Chairs,6,1519.768,354.80519999999996,B,X,STANDARD - normal replenishment,0.5,2.0,3.0,4.0,"STOCK-UP (high value, stable demand)"
FUR-TA-10003392,Global Adaptabilities Conference Tables,Furniture,Tables,14,3540.348,354.0348,B,X,STANDARD - normal replenishment,1.1666666666666667,2.0,3.0,5.0,"STOCK-UP (high value, stable demand)"
OFF-PA-10004071,"Eaton Premium Continuous-Feed Paper, 25% Cotton, Letter Size, White, 1000 Shts/Box",Office Supplies,Paper,15,903.816,355.072,B,Y,WATCH - moderate safety stock,1.25,2.0,3.0,5.0,"STOCK-UP (high value, stable demand)"
OFF-ST-10003816,Fellowes High-Stak Drawer Files,Office Supplies,Storage,13,2159.2799999999997,350.61809999999997,B,X,STANDARD - normal replenishment,1.0833333333333333,2.0,3.0,5.0,"STOCK-UP (high value, stable demand)"
OFF-ST-10001932,Fellowes Staxonsteel Drawer Files,Office Supplies,Storage,20,3734.23,347.70599999999996,B,X,STANDARD - normal replenishment,1.6666666666666667,1.0,2.0,4.0,"STOCK-UP (high value, stable demand)"
TEC-AC-10004571,Logitech G700s Rechargeable Gaming Mouse,Technology,Accessories,12,1198.8960000000002,343.9656,B,Y,WATCH - moderate safety stock,1.0,2.0,3.0,4.0,"STOCK-UP (high value, stable demand)"
OFF-BI-10004738,Flexible Leather- Look Classic Collection Ring Binder,Office Supplies,Binders,7,281.866,7.5760000000000005,C,X,LEAN - keep minimal base stock,0.5833333333333334,1.0,2.0,3.0,MINIMISE STOCK
FUR-FU-10003849,"DAX Metal Frame, Desktop, Stepped-Edge",Furniture,Furnishings,4,225.67199999999997,7.2864,C,X,LEAN - keep minimal base stock,0.3333333333333333,0.0,1.0,2.0,MINIMISE STOCK
OFF-AR-10001545,Newell 326,Office Supplies,Art,20,238.38400000000001,7.3919999999999995,C,Y,LEAN - order to demand,1.6666666666666667,2.0,3.0,5.0,MINIMISE STOCK
OFF-AR-10000799,Col-Erase Pencils with Erasers,Office Supplies,Art,7,531.696,7.478400000000001,C,X,LEAN - keep minimal base stock,0.5833333333333334,1.0,2.0,3.0,MINIMISE STOCK
FUR-FU-10003832,"Eldon Expressions Punched Metal & Wood Desk Accessories, Black & Cherry",Furniture,Furnishings,15,407.808,7.5040000000000004,C,X,LEAN - keep minimal base stock,1.25,2.0,3.0,5.0,MINIMISE STOCK
OFF-ST-10001172,"Tennsco Lockers, Sand",Office Supplies,Storage,9,200.056,7.5528,C,Z,OBSOLETE-RISK - minimise/phase out,0.75,1.0,2.0,3.0,REVIEW / PHASE-OUT
OFF-AP-10004859,Acco 6 Outlet Guardian Premium Surge Suppressor,Office Supplies,Appliances,16,215.632,7.5711999999999975,C,X,LEAN - keep minimal base stock,1.3333333333333333,2.0,3.0,5.0,MINIMISE STOCK
OFF-AR-10004582,BIC Brite Liner Grip Highlighters,Office Supplies,Art,13,325.024,7.298,C,Y,LEAN - order to demand,1.0833333333333333,3.0,4.0,6.0,MINIMISE STOCK
OFF-BI-10001031,Pressboard Data Binders by Wilson Jones,Office Supplies,Binders,9,254.108,7.6362000000000005,C,X,LEAN - keep minimal base stock,0.75,1.0,2.0,3.0,MINIMISE STOCK
OFF-BI-10001510,Deluxe Heavy-Duty Vinyl Round Ring Binder,Office Supplies,Binders,23,923.96,8.022000000000006,C,Y,LEAN - order to demand,1.9166666666666667,2.0,3.0,5.0,MINIMISE STOCK
OFF-FA-10004248,Advantus T-Pin Paper Clips,Office Supplies,Fasteners,7,236.06,7.8023,C,Y,LEAN - order to demand,0.5833333333333334,2.0,3.0,4.0,MINIMISE STOCK
OFF-EN-10002621,Staple envelope,Office Supplies,Envelopes,2,496.60400000000004,7.824,C,X,LEAN - keep minimal base stock,0.16666666666666666,0.0,1.0,2.0,MINIMISE STOCK
OFF-AR-10002375,Newell 351,Office Supplies,Art,11,1171.4560000000001,7.8392,C,X,LEAN - keep minimal base stock,0.9166666666666666,2.0,3.0,4.0,MINIMISE STOCK
OFF-BI-10000285,XtraLife ClearVue Slant-D Ring Binders by Cardinal,Office Supplies,Binders,13,154.8,7.84,C,X,LEAN - keep minimal base stock,1.0833333333333333,2.0,3.0,5.0,MINIMISE STOCK
TEC-AC-10001142,First Data FD10 PIN Pad,Technology,Accessories,15,1087.4,7.900000000000006,C,X,LEAN - keep minimal base stock,1.25,2.0,3.0,5.0,MINIMISE STOCK
OFF-PA-10001204,Xerox 1972,Office Supplies,Paper,6,244.344,7.92,C,X,LEAN - keep minimal base stock,0.5,0.0,1.0,2.0,MINIMISE STOCK
OFF-AP-10000595,Disposable Triple-Filter Dust Bags,Office Supplies,Appliances,7,1250.59,7.9534,C,X,LEAN - keep minimal base stock,0.5833333333333334,1.0,2.0,3.0,MINIMISE STOCK
OFF-LA-10000443,Avery 501,Office Supplies,Labels,8,231.61599999999999,7.9704,C,Y,LEAN - order to demand,0.6666666666666666,3.0,4.0,5.0,MINIMISE STOCK
OFF-PA-10000350,"Message Book, Standard Line ""While You Were Out"", 5 1/2"" X 4"", 200 Sets/Book",Office Supplies,Paper,2,17.12,8.0464,C,Z,OBSOLETE-RISK - minimise/phase out,0.16666666666666666,1.0,2.0,3.0,REVIEW / PHASE-OUT
OFF-PA-10004239,Xerox 1953,Office Supplies,Paper,6,348.4,7.276,C,X,LEAN - keep minimal base stock,0.5,1.0,2.0,3.0,MINIMISE STOCK
OFF-AR-10000203,Newell 336,Office Supplies,Art,11,204.08800000000002,7.661200000000001,C,X,LEAN - keep minimal base stock,0.9166666666666666,2.0,3.0,4.0,MINIMISE STOCK
OFF-PA-10000061,Xerox 205,Office Supplies,Paper,4,115.736,7.2576,C,Z,OBSOLETE-RISK - minimise/phase out,0.3333333333333333,1.0,2.0,3.0,REVIEW / PHASE-OUT
OFF-AR-10001770,Economy #2 Pencils,Office Supplies,Art,10,155.6,6.916,C,X,LEAN - keep minimal base stock,0.8333333333333334,1.0,2.0,3.0,MINIMISE STOCK
OFF-PA-10001837,Xerox 1976,Office Supplies,Paper,4,20.736,7.2576,C,Z,OBSOLETE-RISK - minimise/phase out,0.3333333333333333,1.0,2.0,3.0,REVIEW / PHASE-OUT
OFF-AP-10004052,"Hoover Replacement Belts For Soft Guard & Commercial Ltweight Upright Vacs, 2/Pk",Office Supplies,Appliances,9,106.18,6.872999999999999,C,X,LEAN - keep minimal base stock,0.75,1.0,2.0,3.0,MINIMISE STOCK
FUR-FU-10000409,"GE 4 Foot Flourescent Tube, 40 Watt",Furniture,Furnishings,1,14.98,6.8908,C,Z,OBSOLETE-RISK - minimise/phase out,0.08333333333333333,1.0,2.0,3.0,REVIEW / PHASE-OUT
OFF-SU-10004115,Acme Stainless Steel Office Snips,Office Supplies,Supplies,5,121.44200000000001,6.9065,C,X,LEAN - keep minimal base stock,0.4166666666666667,1.0,2.0,3.0,MINIMISE STOCK
OFF-PA-10000141,"Ampad Evidence Wirebond Steno Books, 6"" x 9""",Office Supplies,Paper,10,100.62,8.066,C,X,LEAN - keep minimal base stock,0.8333333333333334,0.0,1.0,2.0,MINIMISE STOCK
OFF-LA-10004677,Self-Adhesive Address Labels for Typewriters with Dispenser Box,Office Supplies,Labels,7,152.664,6.9741,C,Z,OBSOLETE-RISK - minimise/phase out,0.5833333333333334,1.0,2.0,3.0,REVIEW / PHASE-OUT
OFF-PA-10000587,"Array Parchment Paper, Assorted Colors",Office Supplies,Paper,2,14.56,6.9888,C,Z,OBSOLETE-RISK - minimise/phase out,0.16666666666666666,1.0,2.0,3.0,REVIEW / PHASE-OUT
TEC-AC-10001445,Imation USB 2.0 Swivel Flash Drive USB flash drive - 4 GB - Pink,Technology,Accessories,11,123.33000000000001,6.9993,C,X,LEAN - keep minimal base stock,0.9166666666666666,2.0,3.0,4.0,MINIMISE STOCK
OFF-AR-10002804,Faber Castell Col-Erase Pencils,Office Supplies,Art,4,220.582,7.041600000000001,C,Y,LEAN - order to demand,0.3333333333333333,2.0,3.0,4.0,MINIMISE STOCK
OFF-LA-10001175,Avery 514,Office Supplies,Labels,5,123.4,7.056,C,Z,OBSOLETE-RISK - minimise/phase out,0.4166666666666667,1.0,2.0,3.0,REVIEW / PHASE-OUT
OFF-PA-10000223,Xerox 2000,Office Supplies,Paper,4,150.736,7.2576,C,Z,OBSOLETE-RISK - minimise/phase out,0.3333333333333333,1.0,2.0,3.0,REVIEW / PHASE-OUT
OFF-PA-10003016,"Adams ""While You Were Out"" Message Pads",Office Supplies,Paper,5,95.7,7.065,C,Z,OBSOLETE-RISK - minimise/phase out,0.4166666666666667,1.0,2.0,3.0,REVIEW / PHASE-OUT
OFF-BI-10002954,Newell 3-Hole Punched Plastic Slotted Magazine Holders for Binders,Office Supplies,Binders,7,120.764,7.1292,C,X,LEAN - keep minimal base stock,0.5833333333333334,1.0,2.0,3.0,MINIMISE STOCK
FUR-TA-10001520,"Lesro Sheffield Collection Coffee Table, End Table, Center Table, Corner Table",Furniture,Tables,30,1994.25,7.136999999999993,C,X,LEAN - keep minimal base stock,2.5,1.0,2.0,5.0,MINIMISE STOCK
OFF-PA-10004405,Rediform Voice Mail Log Books,Office Supplies,Paper,5,14.9,7.152,C,Z,OBSOLETE-RISK - minimise/phase out,0.4166666666666667,1.0,2.0,3.0,REVIEW / PHASE-OUT
OFF-BI-10001267,"Universal Recycled Hanging Pressboard Report Binders, Letter Size",Office Supplies,Binders,17,178.7,7.157200000000003,C,X,LEAN - keep minimal base stock,1.4166666666666667,2.0,3.0,5.0,MINIMISE STOCK
FUR-FU-10000550,Stacking Trays by OIC,Furniture,Furnishings,8,152.864,7.171199999999999,C,X,LEAN - keep minimal base stock,0.6666666666666666,1.0,2.0,3.0,MINIMISE STOCK
OFF-LA-10004055,Color-Coded Legal Exhibit Labels,Office Supplies,Labels,3,234.73,7.2177,C,Z,OBSOLETE-RISK - minimise/phase out,0.25,1.0,2.0,3.0,REVIEW / PHASE-OUT
OFF-BI-10002412,Wilson Jones “Snap” Scratch Pad Binder Tool for Ring Binders,Office Supplies,Binders,13,261.72,7.249999999999998,C,Y,LEAN - order to demand,1.0833333333333333,2.0,3.0,5.0,MINIMISE STOCK
OFF-AP-10003281,Acco 6 Outlet Guardian Standard Surge Suppressor,Office Supplies,Appliances,2,104.18,7.254,C,Z,OBSOLETE-RISK - minimise/phase out,0.16666666666666666,1.0,2.0,3.0,REVIEW / PHASE-OUT
OFF-PA-10001826,Xerox 207,Office Supplies,Paper,4,97.736,7.2576,C,Z,OBSOLETE-RISK - minimise/phase out,0.3333333333333333,1.0,2.0,3.0,REVIEW / PHASE-OUT
FUR-FU-10002685,"Executive Impressions 13-1/2"" Indoor/Outdoor Wall Clock",Furniture,Furnishings,1,130.7,7.106,C,Z,OBSOLETE-RISK - minimise/phase out,0.08333333333333333,1.0,2.0,3.0,REVIEW / PHASE-OUT
OFF-AR-10001573,American Pencil,Office Supplies,Art,12,225.95999999999998,8.1084,C,X,LEAN - keep minimal base stock,1.0,1.0,2.0,3.0,MINIMISE STOCK
OFF-AP-10002222,Staple holder,Office Supplies,Appliances,6,174.81799999999998,8.843399999999999,C,X,LEAN - keep minimal base stock,0.5,1.0,2.0,3.0,MINIMISE STOCK
TEC-AC-10002857,"Verbatim 25 GB 6x Blu-ray Single Layer Recordable Disc, 1/Pack",Technology,Accessories,10,156.6,8.195,C,Y,LEAN - order to demand,0.8333333333333334,3.0,4.0,5.0,MINIMISE STOCK
OFF-LA-10001771,Avery 513,Office Supplies,Labels,4,88.92,9.1632,C,Y,LEAN - order to demand,0.3333333333333333,2.0,3.0,4.0,MINIMISE STOCK
OFF-FA-10002763,Advantus Map Pennant Flags and Round Head Tacks,Office Supplies,Fasteners,16,157.14000000000001,9.164,C,Y,LEAN - order to demand,1.3333333333333333,3.0,4.0,6.0,MINIMISE STOCK
OFF-FA-10000611,Binder Clips by OIC,Office Supplies,Fasteners,15,1352.72,9.176,C,Y,LEAN - order to demand,1.25,3.0,4.0,6.0,MINIMISE STOCK
TEC-PH-10001870,Lunatik TT5L-002 Taktik Strike Impact Protection System for iPhone 5,Technology,Phones,3,146.952,9.1845,C,Z,OBSOLETE-RISK - minimise/phase out,0.25,1.0,2.0,3.0,REVIEW / PHASE-OUT
TEC-AC-10000290,Sabrent 4-Port USB 2.0 Hub,Technology,Accessories,4,134.16,9.2344,C,Y,LEAN - order to demand,0.3333333333333333,2.0,3.0,4.0,MINIMISE STOCK
OFF-BI-10004330,"GBC Velobind Prepunched Cover Sets, Regency Series",Office Supplies,Binders,25,700.72,9.245000000000005,C,X,LEAN - keep minimal base stock,2.0833333333333335,2.0,3.0,6.0,MINIMISE STOCK
OFF-EN-10003072,Peel & Seel Envelopes,Office Supplies,Envelopes,5,143.4,9.312,C,Z,OBSOLETE-RISK - minimise/phase out,0.4166666666666667,1.0,2.0,3.0,REVIEW / PHASE-OUT
OFF-PA-10003349,Xerox 1957,Office Supplies,Paper,5,25.92,9.396,C,Z,OBSOLETE-RISK - minimise/phase out,0.4166666666666667,1.0,2.0,3.0,REVIEW / PHASE-OUT
FUR-FU-10001424,Dax Clear Box Frame,Furniture,Furnishings,12,505.57,9.4284,C,X,LEAN - keep minimal base stock,1.0,2.0,3.0,4.0,MINIMISE STOCK
OFF-AR-10003156,50 Colored Long Pencils,Office Supplies,Art,5,120.736,9.144,C,X,LEAN - keep minimal base stock,0.4166666666666667,1.0,2.0,3.0,MINIMISE STOCK
OFF-SU-10001574,Acme Value Line Scissors,Office Supplies,Supplies,10,137.04,9.49,C,X,LEAN - keep minimal base stock,0.8333333333333334,1.0,2.0,3.0,MINIMISE STOCK
FUR-FU-10003489,Contemporary Borderless Frame,Furniture,Furnishings,3,152.83,9.5571,C,Z,OBSOLETE-RISK - minimise/phase out,0.25,1.0,2.0,3.0,REVIEW / PHASE-OUT
OFF-BI-10001249,Avery Heavy-Duty EZD View Binder with Locking Rings,Office Supplies,Binders,5,26.796,9.57,C,Z,OBSOLETE-RISK - minimise/phase out,0.4166666666666667,1.0,2.0,3.0,REVIEW / PHASE-OUT
FUR-CH-10002019,SAFCO Optional Arm Kit for Workspace Cribbage Stacking Chair,Furniture,Chairs,7,448.856,9.5904,C,X,LEAN - keep minimal base stock,0.5833333333333334,1.0,2.0,3.0,MINIMISE STOCK
OFF-BI-10002160,Acco Hanging Data Binders,Office Supplies,Binders,9,27.432000000000002,9.6012,C,Y,LEAN - order to demand,0.75,2.0,3.0,4.0,MINIMISE STOCK
OFF-FA-10000089,Acco Glide Clips,Office Supplies,Fasteners,5,282.6,9.604,C,Z,OBSOLETE-RISK - minimise/phase out,0.4166666666666667,1.0,2.0,3.0,REVIEW / PHASE-OUT
FUR-FU-10001847,Eldon Image Series Black Desk Accessories,Furniture,Furnishings,7,229.152,9.6048,C,X,LEAN - keep minimal base stock,0.5833333333333334,1.0,2.0,3.0,MINIMISE STOCK
OFF-AR-10000462,Sanford Pocket Accent Highlighters,Office Supplies,Art,14,285.4,9.632,C,Y,LEAN - order to demand,1.1666666666666667,2.0,3.0,5.0,MINIMISE STOCK
OFF-AR-10001954,Newell 331,Office Supplies,Art,11,161.9,9.6333,C,X,LEAN - keep minimal base stock,0.9166666666666666,1.0,2.0,3.0,MINIMISE STOCK
OFF-AR-10001026,"Sanford Uni-Blazer View Highlighters, Chisel Tip, Yellow",Office Supplies,Art,10,109.0,9.68,C,Z,OBSOLETE-RISK - minimise/phase out,0.8333333333333334,1.0,2.0,3.0,REVIEW / PHASE-OUT
OFF-ST-10000798,2300 Heavy-Duty Transfer File Systems by Perma,Office Supplies,Storage,2,162.96,9.4924,C,Z,OBSOLETE-RISK - minimise/phase out,0.16666666666666666,1.0,2.0,3.0,REVIEW / PHASE-OUT
OFF-PA-10001937,Xerox 21,Office Supplies,Paper,5,359.92,9.072,C,X,LEAN - keep minimal base stock,0.4166666666666667,1.0,2.0,3.0,MINIMISE STOCK
FUR-FU-10002963,"Master Caster Door Stop, Gray",Furniture,Furnishings,7,697.512,9.0424,C,Y,LEAN - order to demand,0.5833333333333334,2.0,3.0,4.0,MINIMISE STOCK
OFF-PA-10000605,Xerox 1950,Office Supplies,Paper,4,133.808,9.0168,C,X,LEAN - keep minimal base stock,0.3333333333333333,0.0,1.0,2.0,MINIMISE STOCK
OFF-AR-10003732,Newell 333,Office Supplies,Art,13,346.028,8.2844,C,Y,LEAN - order to demand,1.0833333333333333,2.0,3.0,5.0,MINIMISE STOCK
OFF-AR-10000817,Manco Dry-Lighter Erasable Highlighter,Office Supplies,Art,11,304.4,8.3296,C,Y,LEAN - order to demand,0.9166666666666666,2.0,3.0,4.0,MINIMISE STOCK
OFF-AR-10002255,Newell 346,Office Supplies,Art,10,138.8,8.352,C,X,LEAN - keep minimal base stock,0.8333333333333334,1.0,2.0,3.0,MINIMISE STOCK
OFF-LA-10000262,Avery 494,Office Supplies,Labels,10,132.446,8.352,C,X,LEAN - keep minimal base stock,0.8333333333333334,1.0,2.0,3.0,MINIMISE STOCK
OFF-PA-10000859,Unpadded Memo Slips,Office Supplies,Paper,5,185.308,8.358,C,X,LEAN - keep minimal base stock,0.4166666666666667,1.0,2.0,3.0,MINIMISE STOCK
OFF-AR-10004956,Newell 33,Office Supplies,Art,10,242.988,8.37,C,X,LEAN - keep minimal base stock,0.8333333333333334,1.0,2.0,3.0,MINIMISE STOCK
TEC-PH-10003356,"SmartStand Mobile Device Holder, Assorted Colors",Technology,Phones,10,58.715999999999994,8.388,C,Y,LEAN - order to demand,0.8333333333333334,4.0,5.0,6.0,MINIMISE STOCK
OFF-AR-10000657,"Binney & Smith inkTank Desk Highlighter, Chisel Tip, Yellow, 12/Box",Office Supplies,Art,12,251.8,8.514,C,Y,LEAN - order to demand,1.0,5.0,6.0,7.0,MINIMISE STOCK
OFF-PA-10000304,Xerox 1995,Office Supplies,Paper,4,135.03199999999998,8.5536,C,Y,LEAN - order to demand,0.3333333333333333,2.0,3.0,4.0,MINIMISE STOCK
OFF-AR-10001177,Newell 349,Office Supplies,Art,9,211.51999999999998,8.5608,C,Y,LEAN - order to demand,0.75,3.0,4.0,5.0,MINIMISE STOCK
OFF-BI-10004182,Economy Binders,Office Supplies,Binders,17,1232.624,8.5904,C,X,LEAN - keep minimal base stock,1.4166666666666667,1.0,2.0,4.0,MINIMISE STOCK
OFF-BI-10000279,"Acco Recycled 2"" Capacity Laser Printer Hanging Data Binders",Office Supplies,Binders,10,278.255,8.67,C,Y,LEAN - order to demand,0.8333333333333334,2.0,3.0,4.0,MINIMISE STOCK
OFF-PA-10002709,Xerox 1956,Office Supplies,Paper,5,102.92,8.671,C,Z,OBSOLETE-RISK - minimise/phase out,0.4166666666666667,1.0,2.0,3.0,REVIEW / PHASE-OUT
OFF-LA-10002043,Avery 489,Office Supplies,Labels,3,94.84,8.694,C,Z,OBSOLETE-RISK - minimise/phase out,0.25,1.0,2.0,3.0,REVIEW / PHASE-OUT
OFF-AP-10003040,Fellowes 8 Outlet Superior Workstation Surge Protector w/o Phone/Fax/Modem Protection,Office Supplies,Appliances,21,744.196,8.741200000000006,C,X,LEAN - keep minimal base stock,1.75,1.0,2.0,4.0,MINIMISE STOCK
TEC-AC-10003027,Imation 8GB Mini TravelDrive USB 2.0 Flash Drive,Technology,Accessories,13,418.20399999999995,8.7551,C,Y,LEAN - order to demand,1.0833333333333333,2.0,3.0,5.0,MINIMISE STOCK
OFF-PA-10001184,Xerox 1903,Office Supplies,Paper,3,96.94,8.7906,C,Z,OBSOLETE-RISK - minimise/phase out,0.25,1.0,2.0,3.0,REVIEW / PHASE-OUT
OFF-BI-10004187,3-ring staple pack,Office Supplies,Binders,13,142.552,6.8431999999999995,C,X,LEAN - keep minimal base stock,1.0833333333333333,1.0,2.0,4.0,MINIMISE STOCK
OFF-PA-10000069,"TOPS 4 x 6 Fluorescent Color Memo Sheets, 500 Sheets per Pack",Office Supplies,Paper,2,122.98,8.9206,C,Z,OBSOLETE-RISK - minimise/phase out,0.16666666666666666,1.0,2.0,3.0,REVIEW / PHASE-OUT
OFF-AR-10003811,Newell 327,Office Supplies,Art,15,826.15,8.9505,C,X,LEAN - keep minimal base stock,1.25,2.0,3.0,5.0,MINIMISE STOCK
OFF-PA-10001763,Xerox 1896,Office Supplies,Paper,2,19.98,8.991,C,Z,OBSOLETE-RISK - minimise/phase out,0.16666666666666666,1.0,2.0,3.0,REVIEW / PHASE-OUT
OFF-ST-10003722,Project Tote Personal File,Office Supplies,Storage,2,138.06,8.1374,C,X,LEAN - keep minimal base stock,0.16666666666666666,0.0,1.0,2.0,MINIMISE STOCK
OFF-AR-10004817,Colorific Watercolor Pencils,Office Supplies,Art,8,128.12,6.8112,C,X,LEAN - keep minimal base stock,0.6666666666666666,2.0,3.0,4.0,MINIMISE STOCK
OFF-ST-10000352,Acco Perma 2700 Stacking Storage Drawers,Office Supplies,Storage,8,390.18,5.948,C,X,LEAN - keep minimal base stock,0.6666666666666666,1.0,2.0,3.0,MINIMISE STOCK
OFF-ST-10004186,"Stur-D-Stor Shelving, Vertical 5-Shelf: 72""H x 36""W x 18 1/2""D",Office Supplies,Storage,3,332.94,6.6588,C,Z,OBSOLETE-RISK - minimise/phase out,0.25,1.0,2.0,3.0,REVIEW / PHASE-OUT
OFF-ST-10002444,Recycled Eldon Regeneration Jumbo File,Office Supplies,Storage,4,148.296,3.9296,C,Z,OBSOLETE-RISK - minimise/phase out,0.3333333333333333,1.0,2.0,3.0,REVIEW / PHASE-OUT
OFF-BI-10003314,Tuff Stuff Recycled Round Ring Binders,Office Supplies,Binders,8,292.618,3.9524,C,X,LEAN - keep minimal base stock,0.6666666666666666,1.0,2.0,3.0,MINIMISE STOCK
OFF-PA-10000528,Xerox 1981,Office Supplies,Paper,3,116.672,3.96,C,Z,OBSOLETE-RISK - minimise/phase out,0.25,1.0,2.0,3.0,REVIEW / PHASE-OUT
OFF-AR-10003183,Avery Fluorescent Highlighter Four-Color Set,Office Supplies,Art,12,440.064,4.008,C,Y,LEAN - order to demand,1.0,3.0,4.0,5.0,MINIMISE STOCK
TEC-PH-10000347,Cush Cases Heavy Duty Rugged Cover Case for Samsung Galaxy S5 - Purple,Technology,Phones,6,590.74,4.059,C,X,LEAN - keep minimal base stock,0.5,1.0,2.0,3.0,MINIMISE STOCK
OFF-LA-10004425,Staple-on labels,Office Supplies,Labels,3,8.67,4.0749,C,Z,OBSOLETE-RISK - minimise/phase out,0.25,1.0,2.0,3.0,REVIEW / PHASE-OUT
OFF-LA-10004272,Avery 482,Office Supplies,Labels,3,117.67,4.0749,C,Z,OBSOLETE-RISK - minimise/phase out,0.25,1.0,2.0,3.0,REVIEW / PHASE-OUT
OFF-LA-10004409,Avery 492,Office Supplies,Labels,4,322.368,4.1472,C,X,LEAN - keep minimal base stock,0.3333333333333333,0.0,1.0,2.0,MINIMISE STOCK
OFF-BI-10000042,"Pressboard Data Binder, Crimson, 12"" X 8 1/2""",Office Supplies,Binders,3,12.816,4.1652,C,Z,OBSOLETE-RISK - minimise/phase out,0.25,1.0,2.0,3.0,REVIEW / PHASE-OUT
OFF-AR-10003876,"Avery Hi-Liter GlideStik Fluorescent Highlighter, Yellow Ink",Office Supplies,Art,5,112.04,3.912,C,Z,OBSOLETE-RISK - minimise/phase out,0.4166666666666667,1.0,2.0,3.0,REVIEW / PHASE-OUT
OFF-AR-10002578,Newell 335,Office Supplies,Art,5,302.4,4.176,C,X,LEAN - keep minimal base stock,0.4166666666666667,1.0,2.0,3.0,MINIMISE STOCK
OFF-AR-10000634,Newell 320,Office Supplies,Art,6,240.11200000000002,4.365600000000001,C,X,LEAN - keep minimal base stock,0.5,0.0,1.0,2.0,MINIMISE STOCK
TEC-PH-10002070,Griffin GC36547 PowerJolt SE Lightning Charger,Technology,Phones,2,35.984,4.498,C,Z,OBSOLETE-RISK - minimise/phase out,0.16666666666666666,1.0,2.0,3.0,REVIEW / PHASE-OUT
OFF-BI-10000145,Zipper Ring Binder Pockets,Office Supplies,Binders,25,557.304,4.524,C,X,LEAN - keep minimal base stock,2.0833333333333335,2.0,3.0,6.0,MINIMISE STOCK
OFF-BI-10000848,Angle-D Ring Binders,Office Supplies,Binders,9,372.179,4.5948,C,X,LEAN - keep minimal base stock,0.75,1.0,2.0,3.0,MINIMISE STOCK
OFF-PA-10003270,Xerox 1954,Office Supplies,Paper,2,10.56,4.752,C,Z,OBSOLETE-RISK - minimise/phase out,0.16666666666666666,1.0,2.0,3.0,REVIEW / PHASE-OUT
OFF-BI-10004656,Peel & Stick Add-On Corner Pockets,Office Supplies,Binders,13,539.4399999999999,4.8384,C,Y,LEAN - order to demand,1.0833333333333333,2.0,3.0,5.0,MINIMISE STOCK
OFF-AR-10000315,"Dixon Ticonderoga Maple Cedar Pencil, #2",Office Supplies,Art,8,102.332,4.912000000000001,C,X,LEAN - keep minimal base stock,0.6666666666666666,1.0,2.0,3.0,MINIMISE STOCK
TEC-PH-10002583,iOttie HLCRIO102 Car Mount,Technology,Phones,9,216.91199999999998,4.9975000000000005,C,Y,LEAN - order to demand,0.75,3.0,4.0,5.0,MINIMISE STOCK
OFF-AR-10003770,Newell 340,Office Supplies,Art,6,17.28,5.0112,C,Z,OBSOLETE-RISK - minimise/phase out,0.5,1.0,2.0,3.0,REVIEW / PHASE-OUT
OFF-AR-10001246,Newell 317,Office Supplies,Art,5,311.7,4.263,C,X,LEAN - keep minimal base stock,0.4166666666666667,1.0,2.0,3.0,MINIMISE STOCK
OFF-AR-10003481,Newell 348,Office Supplies,Art,17,206.608,5.018400000000001,C,Y,LEAN - order to demand,1.4166666666666667,3.0,4.0,6.0,MINIMISE STOCK
OFF-LA-10003714,Avery 510,Office Supplies,Labels,3,207.75,3.9000000000000004,C,X,LEAN - keep minimal base stock,0.25,1.0,2.0,3.0,MINIMISE STOCK
OFF-PA-10003036,"Black Print Carbonless 8 1/2"" x 8 1/4"" Rapid Memo Book",Office Supplies,Paper,2,11.648,3.7856,C,Z,OBSOLETE-RISK - minimise/phase out,0.16666666666666666,1.0,2.0,3.0,REVIEW / PHASE-OUT
OFF-PA-10001307,"Important Message Pads, 50 4-1/4 x 5-1/2 Forms per Pad",Office Supplies,Paper,8,100.88,9.744,C,Z,OBSOLETE-RISK - minimise/phase out,0.6666666666666666,1.0,2.0,3.0,REVIEW / PHASE-OUT
OFF-BI-10000201,"Avery Triangle Shaped Sheet Lifters, Black, 2/Pack",Office Supplies,Binders,11,268.728,3.1980000000000004,C,X,LEAN - keep minimal base stock,0.9166666666666666,1.0,2.0,3.0,MINIMISE STOCK
OFF-PA-10004947,Easy-staple paper,Office Supplies,Paper,3,10.272,3.21,C,Z,OBSOLETE-RISK - minimise/phase out,0.25,1.0,2.0,3.0,REVIEW / PHASE-OUT
OFF-ST-10004946,Desktop 3-Pocket Hot File,Office Supplies,Storage,1,145.28,3.246,C,Z,OBSOLETE-RISK - minimise/phase out,0.08333333333333333,1.0,2.0,3.0,REVIEW / PHASE-OUT
TEC-AC-10000487,SanDisk Cruzer 4 GB USB Flash Drive,Technology,Accessories,3,15.576,3.3099,C,Z,OBSOLETE-RISK - minimise/phase out,0.25,1.0,2.0,3.0,REVIEW / PHASE-OUT
OFF-LA-10002473,Avery 484,Office Supplies,Labels,4,9.216,3.3408,C,Z,OBSOLETE-RISK - minimise/phase out,0.3333333333333333,1.0,2.0,3.0,REVIEW / PHASE-OUT
OFF-AR-10001427,Newell 330,Office Supplies,Art,6,206.9,3.3487999999999998,C,Y,LEAN - order to demand,0.5,3.0,4.0,5.0,MINIMISE STOCK
FUR-FU-10001025,"Eldon Imàge Series Desk Accessories, Clear",Furniture,Furnishings,3,114.664,3.3534,C,Z,OBSOLETE-RISK - minimise/phase out,0.25,1.0,2.0,3.0,REVIEW / PHASE-OUT
TEC-AC-10003657,Lenovo 17-Key USB Numeric Keypad,Technology,Accessories,5,223.95999999999998,3.399,C,X,LEAN - keep minimal base stock,0.4166666666666667,1.0,2.0,3.0,MINIMISE STOCK
OFF-LA-10000476,"Avery 05222 Permanent Self-Adhesive File Folder Labels for Typewriters, on Rolls, White, 250/Roll",Office Supplies,Labels,2,117.26,3.7996,C,Z,OBSOLETE-RISK - minimise/phase out,0.16666666666666666,1.0,2.0,3.0,REVIEW / PHASE-OUT
OFF-FA-10001754,Stockwell Gold Paper Clips,Office Supplies,Fasteners,5,8.096,3.404,C,X,LEAN - keep minimal base stock,0.4166666666666667,1.0,2.0,3.0,MINIMISE STOCK
OFF-AR-10002335,DIXON Oriole Pencils,Office Supplies,Art,9,338.64,3.4572,C,X,LEAN - keep minimal base stock,0.75,1.0,2.0,3.0,MINIMISE STOCK
OFF-EN-10003160,Pastel Pink Envelopes,Office Supplies,Envelopes,1,252.28,3.4944,C,Z,OBSOLETE-RISK - minimise/phase out,0.08333333333333333,1.0,2.0,3.0,REVIEW / PHASE-OUT
TEC-PH-10004774,Gear Head AU3700S Headset,Technology,Phones,9,467.91,3.5073,C,Y,LEAN - order to demand,0.75,3.0,4.0,5.0,MINIMISE STOCK
TEC-AC-10003133,Memorex Mini Travel Drive 4 GB USB 2.0 Flash Drive,Technology,Accessories,2,13.616,3.5742,C,Z,OBSOLETE-RISK - minimise/phase out,0.16666666666666666,1.0,2.0,3.0,REVIEW / PHASE-OUT
OFF-ST-10001627,Eldon Jumbo ProFile Portable File Boxes Graphite/Black,Office Supplies,Storage,3,36.744,3.6744,C,Z,OBSOLETE-RISK - minimise/phase out,0.25,1.0,2.0,3.0,REVIEW / PHASE-OUT
OFF-SU-10004737,Acme Design Stainless Steel Bent Scissors,Office Supplies,Supplies,2,13.68,3.6936,C,Z,OBSOLETE-RISK - minimise/phase out,0.16666666666666666,1.0,2.0,3.0,REVIEW / PHASE-OUT
OFF-PA-10002109,Wirebound Voice Message Log Book,Office Supplies,Paper,3,113.424,3.7128,C,Z,OBSOLETE-RISK - minimise/phase out,0.25,1.0,2.0,3.0,REVIEW / PHASE-OUT
OFF-AR-10000422,Pencil and Crayon Sharpener,Office Supplies,Art,16,747.346,3.7668,C,Y,LEAN - order to demand,1.3333333333333333,3.0,4.0,6.0,MINIMISE STOCK
OFF-AR-10001940,"Sanford Colorific Eraseable Coloring Pencils, 12 Count",Office Supplies,Art,5,105.12,3.772,C,Z,OBSOLETE-RISK - minimise/phase out,0.4166666666666667,1.0,2.0,3.0,REVIEW / PHASE-OUT
FUR-FU-10002456,"Master Caster Door Stop, Large Neon Orange",Furniture,Furnishings,9,244.768,3.4216,C,Y,LEAN - order to demand,0.75,2.0,3.0,4.0,MINIMISE STOCK
OFF-AR-10001919,"OIC #2 Pencils, Medium Soft",Office Supplies,Art,10,305.42400000000004,5.0760000000000005,C,Y,LEAN - order to demand,0.8333333333333334,2.0,3.0,4.0,MINIMISE STOCK
OFF-PA-10000955,Southworth 25% Cotton Granite Paper & Envelopes,Office Supplies,Paper,3,15.696,5.1012,C,Z,OBSOLETE-RISK - minimise/phase out,0.25,1.0,2.0,3.0,REVIEW / PHASE-OUT
FUR-BO-10000362,Sauder Inglewood Library Bookcases,Furniture,Bookcases,1,136.784,5.1294,C,Z,OBSOLETE-RISK - minimise/phase out,0.08333333333333333,1.0,2.0,3.0,REVIEW / PHASE-OUT
OFF-PA-10004470,"Adams Write n' Stick Phone Message Book, 11"" X 5 1/4"", 200 Messages",Office Supplies,Paper,4,121.176,5.9072,C,Z,OBSOLETE-RISK - minimise/phase out,0.3333333333333333,1.0,2.0,3.0,REVIEW / PHASE-OUT
OFF-LA-10002271,Smead Alpha-Z Color-Coded Second Alphabetical Labels and Starter Set,Office Supplies,Labels,4,89.32,5.9136,C,X,LEAN - keep minimal base stock,0.3333333333333333,0.0,1.0,2.0,MINIMISE STOCK
OFF-AR-10001118,"Binney & Smith Crayola Metallic Crayons, 16-Color Pack",Office Supplies,Art,4,457.48,5.9312,C,Z,OBSOLETE-RISK - minimise/phase out,0.3333333333333333,1.0,2.0,3.0,REVIEW / PHASE-OUT
OFF-AR-10004587,"Boston 1827 Commercial Additional Cutter, Drive Gear & Gear Rack for 1606",Office Supplies,Art,1,103.83,5.949,C,Z,OBSOLETE-RISK - minimise/phase out,0.08333333333333333,1.0,2.0,3.0,REVIEW / PHASE-OUT
OFF-BI-10002897,"Black Avery Memo-Size 3-Ring Binder, 5 1/2"" x 8 1/2""",Office Supplies,Binders,7,228.084,5.9821,C,X,LEAN - keep minimal base stock,0.5833333333333334,1.0,2.0,3.0,MINIMISE STOCK
OFF-AR-10003856,Newell 344,Office Supplies,Art,13,274.804,6.0604,C,Y,LEAN - order to demand,1.0833333333333333,2.0,3.0,5.0,MINIMISE STOCK
OFF-AR-10001130,"Quartet Alpha White Chalk, 12/Pack",Office Supplies,Art,8,217.47,6.0996,C,X,LEAN - keep minimal base stock,0.6666666666666666,2.0,3.0,4.0,MINIMISE STOCK
OFF-AR-10001216,Newell 339,Office Supplies,Art,10,189.68800000000002,6.116,C,X,LEAN - keep minimal base stock,0.8333333333333334,2.0,3.0,4.0,MINIMISE STOCK
OFF-PA-10001622,"Ampad Poly Cover Wirebound Steno Book, 6"" x 9"" Assorted Colors, Gregg Ruled",Office Supplies,Paper,3,120.62,6.1290000000000004,C,X,LEAN - keep minimal base stock,0.25,1.0,2.0,3.0,MINIMISE STOCK
FUR-FU-10002107,Eldon Pizzaz Desk Accessories,Furniture,Furnishings,11,19.624000000000002,5.8872,C,Y,LEAN - order to demand,0.9166666666666666,3.0,4.0,5.0,MINIMISE STOCK
OFF-BI-10003655,Durable Pressboard Binders,Office Supplies,Binders,6,144.24,6.156,C,Z,OBSOLETE-RISK - minimise/phase out,0.5,1.0,2.0,3.0,REVIEW / PHASE-OUT
OFF-LA-10000973,Avery 502,Office Supplies,Labels,7,118.64,6.174,C,X,LEAN - keep minimal base stock,0.5833333333333334,1.0,2.0,3.0,MINIMISE STOCK
OFF-PA-10004255,Xerox 219,Office Supplies,Paper,2,114.96,6.2208,C,Z,OBSOLETE-RISK - minimise/phase out,0.16666666666666666,1.0,2.0,3.0,REVIEW / PHASE-OUT
TEC-PH-10000004,Belkin iPhone and iPad Lightning Cable,Technology,Phones,7,129.944,6.2958,C,Z,OBSOLETE-RISK - minimise/phase out,0.5833333333333334,3.0,4.0,5.0,REVIEW / PHASE-OUT
OFF-SU-10004768,Acme Kleencut Forged Steel Scissors,Office Supplies,Supplies,5,221.404,6.314,C,X,LEAN - keep minimal base stock,0.4166666666666667,1.0,2.0,3.0,MINIMISE STOCK
OFF-PA-10002001,Xerox 1984,Office Supplies,Paper,2,135.96,6.3504,C,Z,OBSOLETE-RISK - minimise/phase out,0.16666666666666666,1.0,2.0,3.0,REVIEW / PHASE-OUT
OFF-AR-10001227,Newell 338,Office Supplies,Art,8,146.51999999999998,6.3504000000000005,C,X,LEAN - keep minimal base stock,0.6666666666666666,2.0,3.0,4.0,MINIMISE STOCK
OFF-AR-10003896,"Stride Job 150 Highlighters, Chisel Tip, Assorted Colors",Office Supplies,Art,3,111.94,6.4584,C,Z,OBSOLETE-RISK - minimise/phase out,0.25,1.0,2.0,3.0,REVIEW / PHASE-OUT
OFF-PA-10001560,"Adams Telephone Message Books, 5 1/4” x 11”",Office Supplies,Paper,4,116.328,6.5232,C,X,LEAN - keep minimal base stock,0.3333333333333333,0.0,1.0,2.0,MINIMISE STOCK
OFF-AR-10004930,Turquoise Lead Holder with Pocket Clip,Office Supplies,Art,3,20.1,6.633,C,Z,OBSOLETE-RISK - minimise/phase out,0.25,1.0,2.0,3.0,REVIEW / PHASE-OUT
TEC-AC-10001635,KeyTronic KT400U2 - Keyboard - Black,Technology,Accessories,3,30.84,6.168,C,Z,OBSOLETE-RISK - minimise/phase out,0.25,1.0,2.0,3.0,REVIEW / PHASE-OUT
OFF-BI-10003727,Avery Durable Slant Ring Binders With Label Holder,Office Supplies,Binders,25,159.192,5.852000000000001,C,Y,LEAN - order to demand,2.0833333333333335,3.0,4.0,7.0,MINIMISE STOCK
OFF-FA-10004076,Translucent Push Pins by OIC,Office Supplies,Fasteners,15,116.552,5.841,C,Y,LEAN - order to demand,1.25,3.0,4.0,6.0,MINIMISE STOCK
OFF-BI-10003529,Avery Round Ring Poly Binders,Office Supplies,Binders,5,13.064,5.822,C,X,LEAN - keep minimal base stock,0.4166666666666667,1.0,2.0,3.0,MINIMISE STOCK
OFF-AR-10001315,Newell 310,Office Supplies,Art,17,552.4000000000001,5.1568,C,Z,OBSOLETE-RISK - minimise/phase out,1.4166666666666667,6.0,7.0,9.0,REVIEW / PHASE-OUT
OFF-AR-10003087,Staples in misc. colors,Office Supplies,Art,14,338.14,5.1975999999999996,C,X,LEAN - keep minimal base stock,1.1666666666666667,3.0,4.0,6.0,MINIMISE STOCK
OFF-EN-10004147,Wausau Papers Astrobrights Colored Envelopes,Office Supplies,Envelopes,3,130.352,5.2026,C,Z,OBSOLETE-RISK - minimise/phase out,0.25,1.0,2.0,3.0,REVIEW / PHASE-OUT
OFF-AP-10003971,Belkin 6 Outlet Metallic Surge Strip,Office Supplies,Appliances,8,301.69599999999997,5.227199999999998,C,X,LEAN - keep minimal base stock,0.6666666666666666,1.0,2.0,3.0,MINIMISE STOCK
OFF-AP-10002457,"Eureka The Boss Plus 12-Amp Hard Box Upright Vacuum, Red",Office Supplies,Appliances,15,1482.15,5.232500000000016,C,Y,LEAN - order to demand,1.25,2.0,3.0,5.0,MINIMISE STOCK
OFF-AR-10002257,"Eldon Spacemaker Box, Quick-Snap Lid, Clear",Office Supplies,Art,7,181.37599999999998,5.2438,C,Y,LEAN - order to demand,0.5833333333333334,2.0,3.0,4.0,MINIMISE STOCK
OFF-PA-10000308,Xerox 1901,Office Supplies,Paper,4,143.896,5.28,C,Z,OBSOLETE-RISK - minimise/phase out,0.3333333333333333,1.0,2.0,3.0,REVIEW / PHASE-OUT
OFF-AR-10001231,"Sanford EarthWrite Recycled Pencils, Medium Soft, #2",Office Supplies,Art,9,117.9,5.292,C,Y,LEAN - order to demand,0.75,3.0,4.0,5.0,MINIMISE STOCK
OFF-LA-10004178,Avery 491,Office Supplies,Labels,5,211.51999999999998,5.369000000000001,C,Y,LEAN - order to demand,0.4166666666666667,2.0,3.0,4.0,MINIMISE STOCK
OFF-PA-10000556,Xerox 208,Office Supplies,Paper,3,94.552,5.4432,C,Z,OBSOLETE-RISK - minimise/phase out,0.25,1.0,2.0,3.0,REVIEW / PHASE-OUT
OFF-PA-10002365,Xerox 1967,Office Supplies,Paper,3,114.552,5.4432,C,Z,OBSOLETE-RISK - minimise/phase out,0.25,1.0,2.0,3.0,REVIEW / PHASE-OUT
OFF-ST-10004963,Eldon Gobal File Keepers,Office Supplies,Storage,19,422.604,5.4504,C,Y,LEAN - order to demand,1.5833333333333333,4.0,5.0,7.0,MINIMISE STOCK
OFF-AR-10003251,Prang Drawing Pencil Set,Office Supplies,Art,8,327.904,5.5600000000000005,C,X,LEAN - keep minimal base stock,0.6666666666666666,1.0,2.0,3.0,MINIMISE STOCK
FUR-FU-10000448,Tenex Chairmats For Use With Carpeted Floors,Furniture,Furnishings,7,206.86,5.593,C,X,LEAN - keep minimal base stock,0.5833333333333334,1.0,2.0,3.0,MINIMISE STOCK
OFF-BI-10004506,Wilson Jones data.warehouse D-Ring Binders with DublLock,Office Supplies,Binders,6,136.274,5.596399999999999,C,X,LEAN - keep minimal base stock,0.5,2.0,3.0,4.0,MINIMISE STOCK
OFF-LA-10000634,Avery 509,Office Supplies,Labels,6,100.094,5.6376,C,X,LEAN - keep minimal base stock,0.5,0.0,1.0,2.0,MINIMISE STOCK
OFF-PA-10002333,"Universal Ultra Bright White Copier/Laser Paper, 8 1/2"" x 11"", Ream",Office Supplies,Paper,3,108.552,5.6376,C,Z,OBSOLETE-RISK - minimise/phase out,0.25,1.0,2.0,3.0,REVIEW / PHASE-OUT
TEC-AC-10002134,Rosewill 107 Normal Keys USB Wired Standard Keyboard,Technology,Accessories,3,108.44,5.6616,C,X,LEAN - keep minimal base stock,0.25,1.0,2.0,3.0,MINIMISE STOCK
FUR-FU-10003026,"Eldon Regeneration Recycled Desk Accessories, Black",Furniture,Furnishings,3,14.52,5.6628,C,Z,OBSOLETE-RISK - minimise/phase out,0.25,1.0,2.0,3.0,REVIEW / PHASE-OUT
OFF-PA-10003739,Xerox 1969,Office Supplies,Paper,2,88.56,5.6644,C,Z,OBSOLETE-RISK - minimise/phase out,0.16666666666666666,1.0,2.0,3.0,REVIEW / PHASE-OUT
OFF-BI-10002764,Recycled Pressboard Report Cover with Reinforced Top Hinge,Office Supplies,Binders,22,157.99,5.7494,C,Y,LEAN - order to demand,1.8333333333333333,2.0,3.0,5.0,MINIMISE STOCK
OFF-PA-10000466,"Memo Book, 100 Message Capacity, 5 3/8” x 11”",Office Supplies,Paper,2,13.48,6.74,C,Z,OBSOLETE-RISK - minimise/phase out,0.16666666666666666,1.0,2.0,3.0,REVIEW / PHASE-OUT
OFF-AR-10002766,Prang Drawing Pencil Set,Office Supplies,Art,13,131.14000000000001,9.7578,C,X,LEAN - keep minimal base stock,1.0833333333333333,1.0,2.0,4.0,MINIMISE STOCK
OFF-AR-10003560,Zebra Zazzle Fluorescent Highlighters,Office Supplies,Art,12,376.016,13.862400000000001,C,X,LEAN - keep minimal base stock,1.0,1.0,2.0,3.0,MINIMISE STOCK
OFF-ST-10004258,Portable Personal File Box,Office Supplies,Storage,3,36.63,9.8901,C,Z,OBSOLETE-RISK - minimise/phase out,0.25,1.0,2.0,3.0,REVIEW / PHASE-OUT
OFF-LA-10003663,Avery 498,Office Supplies,Labels,13,237.258,15.3459,C,Y,LEAN - order to demand,1.0833333333333333,2.0,3.0,5.0,MINIMISE STOCK
FUR-TA-10001691,"Barricks Non-Folding Utility Table with Steel Legs, Laminate Tops",Furniture,Tables,2,136.464,15.3522,C,Z,OBSOLETE-RISK - minimise/phase out,0.16666666666666666,1.0,2.0,3.0,REVIEW / PHASE-OUT
OFF-LA-10001045,Permanent Self-Adhesive File Folder Labels for Typewriters by Universal,Office Supplies,Labels,15,323.54,15.399000000000001,C,X,LEAN - keep minimal base stock,1.25,2.0,3.0,5.0,MINIMISE STOCK
OFF-PA-10002741,Xerox 1980,Office Supplies,Paper,8,225.24,15.408,C,Y,LEAN - order to demand,0.6666666666666666,3.0,4.0,5.0,MINIMISE STOCK
FUR-FU-10002703,"Tenex Traditional Chairmats for Hard Floors, Average Lip, 36"" x 48""",Furniture,Furnishings,2,157.9,15.468,C,Z,OBSOLETE-RISK - minimise/phase out,0.16666666666666666,1.0,2.0,3.0,REVIEW / PHASE-OUT
OFF-AR-10004269,Newell 31,Office Supplies,Art,17,66.08,15.5288,C,Y,LEAN - order to demand,1.4166666666666667,3.0,4.0,6.0,MINIMISE STOCK
OFF-BI-10001553,SpineVue Locking Slant-D Ring Binders by Cardinal,Office Supplies,Binders,15,394.83,15.538,C,Y,LEAN - order to demand,1.25,2.0,3.0,5.0,MINIMISE STOCK
OFF-PA-10002552,Xerox 1958,Office Supplies,Paper,5,135.4,15.552,C,X,LEAN - keep minimal base stock,0.4166666666666667,1.0,2.0,3.0,MINIMISE STOCK
OFF-PA-10002105,Xerox 223,Office Supplies,Paper,5,32.4,15.552,C,Z,OBSOLETE-RISK - minimise/phase out,0.4166666666666667,1.0,2.0,3.0,REVIEW / PHASE-OUT
OFF-BI-10001890,Avery Poly Binder Pockets,Office Supplies,Binders,21,266.416,15.3224,C,Z,OBSOLETE-RISK - minimise/phase out,1.75,5.0,6.0,8.0,REVIEW / PHASE-OUT
OFF-PA-10001846,Xerox 1899,Office Supplies,Paper,8,222.304,15.721599999999999,C,X,LEAN - keep minimal base stock,0.6666666666666666,1.0,2.0,3.0,MINIMISE STOCK
OFF-FA-10001843,Staples,Office Supplies,Fasteners,17,253.03799999999998,15.7833,C,X,LEAN - keep minimal base stock,1.4166666666666667,2.0,3.0,5.0,MINIMISE STOCK
OFF-BI-10002949,Prestige Round Ring Binders,Office Supplies,Binders,13,599.76,15.868800000000002,C,X,LEAN - keep minimal base stock,1.0833333333333333,2.0,3.0,5.0,MINIMISE STOCK
OFF-BI-10003274,"Avery Durable Slant Ring Binders, No Labels",Office Supplies,Binders,29,700.212,16.0394,C,X,LEAN - keep minimal base stock,2.4166666666666665,2.0,3.0,6.0,MINIMISE STOCK
OFF-PA-10003953,Xerox 218,Office Supplies,Paper,6,239.288,16.0704,C,X,LEAN - keep minimal base stock,0.5,1.0,2.0,3.0,MINIMISE STOCK
OFF-AR-10000658,Newell 324,Office Supplies,Art,5,178.75,16.17,C,X,LEAN - keep minimal base stock,0.4166666666666667,1.0,2.0,3.0,MINIMISE STOCK
TEC-AC-10004992,Kingston Digital DataTraveler 64GB USB 2.0,Technology,Accessories,6,225.68,16.2144,C,X,LEAN - keep minimal base stock,0.5,0.0,1.0,2.0,MINIMISE STOCK
OFF-BI-10004094,GBC Standard Plastic Binding Systems Combs,Office Supplies,Binders,6,244.365,16.284,C,X,LEAN - keep minimal base stock,0.5,1.0,2.0,3.0,MINIMISE STOCK
OFF-EN-10004030,Convenience Packs of Business Envelopes,Office Supplies,Envelopes,10,673.476,16.29,C,X,LEAN - keep minimal base stock,0.8333333333333334,1.0,2.0,3.0,MINIMISE STOCK
OFF-AR-10000914,Boston 16765 Mini Stand Up Battery Pencil Sharpener,Office Supplies,Art,10,225.608,16.323999999999998,C,X,LEAN - keep minimal base stock,0.8333333333333334,1.0,2.0,3.0,MINIMISE STOCK
OFF-PA-10002586,Xerox 1970,Office Supplies,Paper,8,104.852,15.736799999999999,C,X,LEAN - keep minimal base stock,0.6666666666666666,2.0,3.0,4.0,MINIMISE STOCK
OFF-AR-10001374,"BIC Brite Liner Highlighters, Chisel Tip",Office Supplies,Art,11,361.79999999999995,16.3296,C,X,LEAN - keep minimal base stock,0.9166666666666666,2.0,3.0,4.0,MINIMISE STOCK
OFF-PA-10000788,Xerox 210,Office Supplies,Paper,7,267.88,15.2928,C,X,LEAN - keep minimal base stock,0.5833333333333334,1.0,2.0,3.0,MINIMISE STOCK
OFF-LA-10001317,Avery 520,Office Supplies,Labels,10,136.5,15.12,C,Y,LEAN - order to demand,0.8333333333333334,3.0,4.0,5.0,MINIMISE STOCK
OFF-PA-10002893,"Wirebound Service Call Books, 5 1/2"" x 4""",Office Supplies,Paper,3,148.04000000000002,13.9392,C,X,LEAN - keep minimal base stock,0.25,1.0,2.0,3.0,MINIMISE STOCK
TEC-PH-10003535,RCA ViSYS 25423RE1 Corded phone,Technology,Phones,2,159.984,13.9986,C,Z,OBSOLETE-RISK - minimise/phase out,0.16666666666666666,1.0,2.0,3.0,REVIEW / PHASE-OUT
OFF-BI-10000138,Acco Translucent Poly Ring Binders,Office Supplies,Binders,25,419.88,14.04,C,Y,LEAN - order to demand,2.0833333333333335,2.0,3.0,6.0,MINIMISE STOCK
FUR-FU-10001487,"Eldon Expressions Wood and Plastic Desk Accessories, Cherry Wood",Furniture,Furnishings,7,271.86,14.1694,C,X,LEAN - keep minimal base stock,0.5833333333333334,1.0,2.0,3.0,MINIMISE STOCK
TEC-MA-10002930,Ricoh - Ink Collector Unit for GX3000 Series Printers,Technology,Machines,12,479.745,14.262999999999998,C,Z,OBSOLETE-RISK - minimise/phase out,1.0,6.0,7.0,8.0,REVIEW / PHASE-OUT
OFF-PA-10003205,"Wirebound Message Forms, Four 2 3/4 x 5 Forms per Page, Pink Paper",Office Supplies,Paper,5,221.948,14.2975,C,X,LEAN - keep minimal base stock,0.4166666666666667,1.0,2.0,3.0,MINIMISE STOCK
OFF-AR-10000246,Newell 318,Office Supplies,Art,23,456.716,14.4004,C,X,LEAN - keep minimal base stock,1.9166666666666667,3.0,4.0,6.0,MINIMISE STOCK
OFF-PA-10003309,Xerox 211,Office Supplies,Paper,8,143.472,14.5152,C,Z,OBSOLETE-RISK - minimise/phase out,0.6666666666666666,1.0,2.0,3.0,REVIEW / PHASE-OUT
FUR-FU-10002878,"Seth Thomas 14"" Day/Date Wall Clock",Furniture,Furnishings,3,68.352,14.524799999999999,C,X,LEAN - keep minimal base stock,0.25,1.0,2.0,3.0,MINIMISE STOCK
OFF-FA-10000304,Advantus Push Pins,Office Supplies,Fasteners,19,143.676,15.238199999999999,C,Y,LEAN - order to demand,1.5833333333333333,3.0,4.0,6.0,MINIMISE STOCK
FUR-FU-10000206,"GE General Purpose, Extra Long Life, Showcase & Floodlight Incandescent Bulbs",Furniture,Furnishings,20,395.39599999999996,14.549999999999999,C,Y,LEAN - order to demand,1.6666666666666667,2.0,3.0,5.0,MINIMISE STOCK
OFF-PA-10003936,Xerox 1994,Office Supplies,Paper,6,34.992000000000004,14.7744,C,X,LEAN - keep minimal base stock,0.5,0.0,1.0,2.0,MINIMISE STOCK
OFF-AR-10001166,Staples in misc. colors,Office Supplies,Art,5,257.9,14.780999999999999,C,Y,LEAN - order to demand,0.4166666666666667,2.0,3.0,4.0,MINIMISE STOCK
OFF-PA-10004519,Spiral Phone Message Books with Labels by Adams,Office Supplies,Paper,10,432.632,14.783999999999999,C,Y,LEAN - order to demand,0.8333333333333334,4.0,5.0,6.0,MINIMISE STOCK
OFF-AR-10000614,Barrel Sharpener,Office Supplies,Art,16,253.12,14.8512,C,Y,LEAN - order to demand,1.3333333333333333,3.0,4.0,6.0,MINIMISE STOCK
FUR-TA-10004767,Safco Drafting Table,Furniture,Tables,9,610.468,14.9058,C,Y,LEAN - order to demand,0.75,3.0,4.0,5.0,MINIMISE STOCK
OFF-AR-10004685,"Binney & Smith Crayola Metallic Colored Pencils, 8-Color Set",Office Supplies,Art,11,145.078,14.954900000000002,C,Y,LEAN - order to demand,0.9166666666666666,2.0,3.0,4.0,MINIMISE STOCK
OFF-PA-10003657,Xerox 1927,Office Supplies,Paper,14,340.93600000000004,14.98,C,Z,OBSOLETE-RISK - minimise/phase out,1.1666666666666667,6.0,7.0,9.0,REVIEW / PHASE-OUT
TEC-AC-10003289,Anker Ultra-Slim Mini Bluetooth 3.0 Wireless Keyboard,Technology,Accessories,5,208.954,14.992500000000001,C,X,LEAN - keep minimal base stock,0.4166666666666667,1.0,2.0,3.0,MINIMISE STOCK
OFF-BI-10003291,Wilson Jones Leather-Like Binders with DublLock Round Rings,Office Supplies,Binders,26,3624.315,15.015600000000003,C,Y,LEAN - order to demand,2.1666666666666665,3.0,4.0,7.0,MINIMISE STOCK
OFF-EN-10001137,"#10 Gummed Flap White Envelopes, 100/Box",Office Supplies,Envelopes,9,133.692,14.6202,C,X,LEAN - keep minimal base stock,0.75,1.0,2.0,3.0,MINIMISE STOCK
OFF-PA-10003729,Xerox 1998,Office Supplies,Paper,9,245.656,16.3296,C,Y,LEAN - order to demand,0.75,3.0,4.0,5.0,MINIMISE STOCK
OFF-BI-10001636,Ibico Plastic and Wire Spiral Binding Combs,Office Supplies,Binders,29,477.368,16.3542,C,X,LEAN - keep minimal base stock,2.4166666666666665,2.0,3.0,6.0,MINIMISE STOCK
FUR-FU-10001918,C-Line Cubicle Keepers Polyproplyene Holder With Velcro Backings,Furniture,Furnishings,14,351.76,16.3658,C,X,LEAN - keep minimal base stock,1.1666666666666667,2.0,3.0,5.0,MINIMISE STOCK
OFF-SU-10001664,Acme Office Executive Series Stainless Steel Trimmers,Office Supplies,Supplies,12,510.27,18.1684,C,Y,LEAN - order to demand,1.0,2.0,3.0,4.0,MINIMISE STOCK
TEC-PH-10002293,Anker 36W 4-Port USB Wall Charger Travel Power Adapter for iPhone 5s 5c 5,Technology,Phones,19,517.854,18.3908,C,X,LEAN - keep minimal base stock,1.5833333333333333,2.0,3.0,5.0,MINIMISE STOCK
OFF-ST-10000532,Advantus Rolling Drawer Organizers,Office Supplies,Storage,8,311.272,18.4704,C,Y,LEAN - order to demand,0.6666666666666666,3.0,4.0,5.0,MINIMISE STOCK
OFF-AP-10003622,"Bravo II Megaboss 12-Amp Hard Body Upright, Replacement Belts, 2 Belts per Pack",Office Supplies,Appliances,21,453.95,18.4925,C,Y,LEAN - order to demand,1.75,4.0,5.0,7.0,MINIMISE STOCK
FUR-FU-10001617,"Executive Impressions 8-1/2"" Career Panel/Partition Cubicle Clock",Furniture,Furnishings,7,66.56,18.512,C,X,LEAN - keep minimal base stock,0.5833333333333334,1.0,2.0,3.0,MINIMISE STOCK
OFF-AR-10003158,Fluorescent Highlighters by Dixon,Office Supplies,Art,19,459.456,18.546799999999998,C,X,LEAN - keep minimal base stock,1.5833333333333333,1.0,2.0,4.0,MINIMISE STOCK
OFF-BI-10002557,Presstex Flexible Ring Binders,Office Supplies,Binders,24,182.255,18.655,C,Y,LEAN - order to demand,2.0,3.0,4.0,6.0,MINIMISE STOCK
OFF-PA-10001569,Xerox 232,Office Supplies,Paper,6,38.879999999999995,18.662399999999998,C,Y,LEAN - order to demand,0.5,3.0,4.0,5.0,MINIMISE STOCK
OFF-PA-10000295,Xerox 229,Office Supplies,Paper,6,38.88,18.6624,C,Z,OBSOLETE-RISK - minimise/phase out,0.5,1.0,2.0,3.0,REVIEW / PHASE-OUT
TEC-PH-10001061,Apple iPhone 5C,Technology,Phones,3,239.976,17.9982,C,Z,OBSOLETE-RISK - minimise/phase out,0.25,1.0,2.0,3.0,REVIEW / PHASE-OUT
OFF-PA-10001609,Tops Wirebound Message Log Books,Office Supplies,Paper,18,50.666,18.6872,C,X,LEAN - keep minimal base stock,1.5,0.0,1.0,3.0,MINIMISE STOCK
OFF-LA-10004853,Avery 483,Office Supplies,Labels,13,293.784,18.824399999999997,C,X,LEAN - keep minimal base stock,1.0833333333333333,1.0,2.0,4.0,MINIMISE STOCK
OFF-LA-10001404,Avery 517,Office Supplies,Labels,13,380.28,18.8559,C,Y,LEAN - order to demand,1.0833333333333333,2.0,3.0,5.0,MINIMISE STOCK
OFF-EN-10000483,"White Envelopes, White Envelopes with Clear Poly Window",Office Supplies,Envelopes,4,129.85,18.91,C,Y,LEAN - order to demand,0.3333333333333333,2.0,3.0,4.0,MINIMISE STOCK
OFF-AR-10001149,"Sanford Colorific Colored Pencils, 12/Box",Office Supplies,Art,24,149.392,19.008,C,X,LEAN - keep minimal base stock,2.0,3.0,4.0,6.0,MINIMISE STOCK
FUR-FU-10004020,Advantus Panel Wall Acrylic Frame,Furniture,Furnishings,16,199.92200000000003,19.035600000000002,C,X,LEAN - keep minimal base stock,1.3333333333333333,2.0,3.0,5.0,MINIMISE STOCK
OFF-BI-10000014,Heavy-Duty E-Z-D Binders,Office Supplies,Binders,25,809.6500000000001,19.092499999999998,C,Z,OBSOLETE-RISK - minimise/phase out,2.0833333333333335,5.0,6.0,9.0,REVIEW / PHASE-OUT
OFF-PA-10000246,Riverleaf Stik-Withit Designer Note Cubes,Office Supplies,Paper,5,147.276,19.114,C,X,LEAN - keep minimal base stock,0.4166666666666667,1.0,2.0,3.0,MINIMISE STOCK
OFF-PA-10000029,Xerox 224,Office Supplies,Paper,7,42.768,19.180799999999998,C,Y,LEAN - order to demand,0.5833333333333334,2.0,3.0,4.0,MINIMISE STOCK
OFF-AR-10000390,Newell Chalk Holder,Office Supplies,Art,12,349.25600000000003,19.4936,C,X,LEAN - keep minimal base stock,1.0,1.0,2.0,3.0,MINIMISE STOCK
TEC-AC-10002323,SanDisk Ultra 32 GB MicroSDHC Class 10 Memory Card,Technology,Accessories,25,719.46,18.785,C,X,LEAN - keep minimal base stock,2.0833333333333335,2.0,3.0,6.0,MINIMISE STOCK
OFF-PA-10001712,Xerox 1948,Office Supplies,Paper,4,160.96,17.982,C,Z,OBSOLETE-RISK - minimise/phase out,0.3333333333333333,1.0,2.0,3.0,REVIEW / PHASE-OUT
OFF-PA-10004569,"Wirebound Message Books, Two 4 1/4"" x 5"" Forms per Page",Office Supplies,Paper,5,555.05,17.8835,C,Y,LEAN - order to demand,0.4166666666666667,1.0,2.0,3.0,MINIMISE STOCK
TEC-PH-10003442,Samsung Replacement EH64AVFWE Premium Headset,Technology,Phones,21,296.5,17.875,C,Y,LEAN - order to demand,1.75,3.0,4.0,6.0,MINIMISE STOCK
OFF-PA-10000349,Easy-staple paper,Office Supplies,Paper,7,150.86,16.3842,C,X,LEAN - keep minimal base stock,0.5833333333333334,1.0,2.0,3.0,MINIMISE STOCK
OFF-LA-10001982,Smead Alpha-Z Color-Coded Name Labels First Letter Starter Set,Office Supplies,Labels,10,152.0,16.5,C,Y,LEAN - order to demand,0.8333333333333334,4.0,5.0,6.0,MINIMISE STOCK
OFF-BI-10000756,Storex DuraTech Recycled Plastic Frosted Binders,Office Supplies,Binders,27,404.776,16.535999999999998,C,X,LEAN - keep minimal base stock,2.25,2.0,3.0,6.0,MINIMISE STOCK
OFF-PA-10002947,Xerox 1923,Office Supplies,Paper,6,248.40800000000002,16.566399999999998,C,X,LEAN - keep minimal base stock,0.5,1.0,2.0,3.0,MINIMISE STOCK
OFF-EN-10003068,#6 3/4 Gummed Flap White Envelopes,Office Supplies,Envelopes,6,212.52,16.631999999999998,C,Z,OBSOLETE-RISK - minimise/phase out,0.5,1.0,2.0,3.0,REVIEW / PHASE-OUT
OFF-AR-10004691,Boston 1730 StandUp Electric Pencil Sharpener,Office Supplies,Art,3,161.14,16.6764,C,Z,OBSOLETE-RISK - minimise/phase out,0.25,1.0,2.0,3.0,REVIEW / PHASE-OUT
TEC-AC-10004209,Memorex Froggy Flash Drive 4 GB,Technology,Accessories,8,70.336,16.7048,C,X,LEAN - keep minimal base stock,0.6666666666666666,0.0,1.0,2.0,MINIMISE STOCK
OFF-EN-10001415,Staple envelope,Office Supplies,Envelopes,8,236.06,16.74,C,X,LEAN - keep minimal base stock,0.6666666666666666,1.0,2.0,3.0,MINIMISE STOCK
OFF-ST-10000885,Fellowes Desktop Hanging File Manager,Office Supplies,Storage,5,181.14999999999998,16.7875,C,X,LEAN - keep minimal base stock,0.4166666666666667,1.0,2.0,3.0,MINIMISE STOCK
OFF-BI-10004352,Wilson Jones DublLock D-Ring Binders,Office Supplies,Binders,5,33.75,16.875,C,Z,OBSOLETE-RISK - minimise/phase out,0.4166666666666667,1.0,2.0,3.0,REVIEW / PHASE-OUT
OFF-ST-10000943,Eldon ProFile File 'N Store Portable File Tub Letter/Legal Size Black,Office Supplies,Storage,6,222.412,16.9928,C,X,LEAN - keep minimal base stock,0.5,2.0,3.0,4.0,MINIMISE STOCK
TEC-PH-10004093,Panasonic Kx-TS550,Technology,Phones,13,477.504,17.016299999999998,C,X,LEAN - keep minimal base stock,1.0833333333333333,1.0,2.0,4.0,MINIMISE STOCK
FUR-FU-10001935,3M Hangers With Command Adhesive,Furniture,Furnishings,20,913.68,17.02,C,X,LEAN - keep minimal base stock,1.6666666666666667,2.0,3.0,5.0,MINIMISE STOCK
FUR-FU-10002885,Magna Visual Magnetic Picture Hangers,Furniture,Furnishings,12,251.02,17.1592,C,X,LEAN - keep minimal base stock,1.0,2.0,3.0,4.0,MINIMISE STOCK
OFF-LA-10003148,Avery 51,Office Supplies,Labels,6,37.8,17.388,C,X,LEAN - keep minimal base stock,0.5,0.0,1.0,2.0,MINIMISE STOCK
OFF-LA-10003190,Avery 474,Office Supplies,Labels,14,412.016,17.4528,C,Y,LEAN - order to demand,1.1666666666666667,4.0,5.0,7.0,MINIMISE STOCK
TEC-PH-10004071,PayAnywhere Card Reader,Technology,Phones,25,555.8,17.4825,C,Y,LEAN - order to demand,2.0833333333333335,3.0,4.0,7.0,MINIMISE STOCK
TEC-PH-10001924,iHome FM Clock Radio with Lightning Dock,Technology,Phones,13,835.9,17.4975,C,Y,LEAN - order to demand,1.0833333333333333,2.0,3.0,5.0,MINIMISE STOCK
OFF-AR-10003045,Prang Colored Pencils,Office Supplies,Art,16,325.512,17.64,C,X,LEAN - keep minimal base stock,1.3333333333333333,1.0,2.0,4.0,MINIMISE STOCK
OFF-AP-10000326,Belkin 7 Outlet SurgeMaster Surge Protector with Phone Protection,Office Supplies,Appliances,5,157.92,17.766,C,Z,OBSOLETE-RISK - minimise/phase out,0.4166666666666667,1.0,2.0,3.0,REVIEW / PHASE-OUT
OFF-PA-10000595,Xerox 1929,Office Supplies,Paper,3,54.816,17.8152,C,Z,OBSOLETE-RISK - minimise/phase out,0.25,1.0,2.0,3.0,REVIEW / PHASE-OUT
OFF-AR-10003829,Newell 35,Office Supplies,Art,16,375.168,13.9072,C,Y,LEAN - order to demand,1.3333333333333333,2.0,3.0,5.0,MINIMISE STOCK
OFF-AR-10003986,Avery Hi-Liter Pen Style Six-Color Fluorescent Set,Office Supplies,Art,2,7.7,3.157,C,Z,OBSOLETE-RISK - minimise/phase out,0.16666666666666666,1.0,2.0,3.0,REVIEW / PHASE-OUT
TEC-AC-10002020,AmazonBasics 3-Button USB Wired Mouse,Technology,Accessories,6,135.74599999999998,13.8402,C,X,LEAN - keep minimal base stock,0.5,0.0,1.0,2.0,MINIMISE STOCK
OFF-EN-10003798,"Recycled Interoffice Envelopes with Re-Use-A-Seal Closure, 10 x 13",Office Supplies,Envelopes,3,40.968,13.8267,C,Z,OBSOLETE-RISK - minimise/phase out,0.25,1.0,2.0,3.0,REVIEW / PHASE-OUT
TEC-AC-10001090,Micro Innovations Wireless Classic Keyboard with Mouse,Technology,Accessories,2,156.98,10.7964,C,Z,OBSOLETE-RISK - minimise/phase out,0.16666666666666666,1.0,2.0,3.0,REVIEW / PHASE-OUT
OFF-AR-10004648,Boston 19500 Mighty Mite Electric Pencil Sharpener,Office Supplies,Art,2,135.3,10.881,C,Z,OBSOLETE-RISK - minimise/phase out,0.16666666666666666,1.0,2.0,3.0,REVIEW / PHASE-OUT
OFF-EN-10001539,Staple envelope,Office Supplies,Envelopes,3,131.34,10.9698,C,Z,OBSOLETE-RISK - minimise/phase out,0.25,1.0,2.0,3.0,REVIEW / PHASE-OUT
OFF-BI-10001759,"Acco Pressboard Covers with Storage Hooks, 14 7/8"" x 11"", Dark Blue",Office Supplies,Binders,22,1110.721,10.9728,C,X,LEAN - keep minimal base stock,1.8333333333333333,2.0,3.0,5.0,MINIMISE STOCK
OFF-SU-10004661,Acme Titanium Bonded Scissors,Office Supplies,Supplies,5,225.5,11.05,C,X,LEAN - keep minimal base stock,0.4166666666666667,1.0,2.0,3.0,MINIMISE STOCK
OFF-PA-10000174,"Message Book, Wirebound, Four 5 1/2"" X 4"" Forms/Pg., 200 Dupl. Sets/Book",Office Supplies,Paper,4,132.896,11.1024,C,Z,OBSOLETE-RISK - minimise/phase out,0.3333333333333333,1.0,2.0,3.0,REVIEW / PHASE-OUT
OFF-AR-10004752,Blackstonian Pencils,Office Supplies,Art,17,131.788,11.1072,C,X,LEAN - keep minimal base stock,1.4166666666666667,2.0,3.0,5.0,MINIMISE STOCK
OFF-ST-10002289,"Safco Wire Cube Shelving System, For Use as 4 or 5 14"" Cubes, Black",Office Supplies,Storage,7,639.46,11.123000000000001,C,Y,LEAN - order to demand,0.5833333333333334,2.0,3.0,4.0,MINIMISE STOCK
OFF-AR-10001662,Rogers Handheld Barrel Pencil Sharpener,Office Supplies,Art,24,249.184,11.1792,C,X,LEAN - keep minimal base stock,2.0,3.0,4.0,6.0,MINIMISE STOCK
OFF-FA-10001561,Stockwell Push Pins,Office Supplies,Fasteners,15,421.70000000000005,10.791,C,X,LEAN - keep minimal base stock,1.25,2.0,3.0,5.0,MINIMISE STOCK
OFF-PA-10002659,Avoid Verbal Orders Carbonless Minifold Book,Office Supplies,Paper,9,230.716,11.289200000000001,C,X,LEAN - keep minimal base stock,0.75,1.0,2.0,3.0,MINIMISE STOCK
OFF-BI-10004654,VariCap6 Expandable Binder,Office Supplies,Binders,26,442.361,11.363000000000003,C,X,LEAN - keep minimal base stock,2.1666666666666665,2.0,3.0,6.0,MINIMISE STOCK
FUR-FU-10004586,G.E. Longer-Life Indoor Recessed Floodlight Bulbs,Furniture,Furnishings,9,1427.496,11.4208,C,X,LEAN - keep minimal base stock,0.75,1.0,2.0,3.0,MINIMISE STOCK
TEC-PH-10000912,Anker 24W Portable Micro USB Car Charger,Technology,Phones,4,150.168,11.4296,C,Z,OBSOLETE-RISK - minimise/phase out,0.3333333333333333,1.0,2.0,3.0,REVIEW / PHASE-OUT
OFF-BI-10000822,"Acco PRESSTEX Data Binder with Storage Hooks, Light Blue, 9 1/2"" X 11""",Office Supplies,Binders,13,288.882,11.5132,C,X,LEAN - keep minimal base stock,1.0833333333333333,2.0,3.0,5.0,MINIMISE STOCK
OFF-AR-10000940,Newell 343,Office Supplies,Art,16,266.864,11.524799999999999,C,X,LEAN - keep minimal base stock,1.3333333333333333,2.0,3.0,5.0,MINIMISE STOCK
FUR-FU-10003424,Nu-Dell Oak Frame,Furniture,Furnishings,9,193.89600000000002,11.534400000000002,C,X,LEAN - keep minimal base stock,0.75,2.0,3.0,4.0,MINIMISE STOCK
OFF-PA-10002230,Xerox 1897,Office Supplies,Paper,8,165.872,11.5536,C,Z,OBSOLETE-RISK - minimise/phase out,0.6666666666666666,1.0,2.0,3.0,REVIEW / PHASE-OUT
FUR-FU-10003274,Regeneration Desk Collection,Furniture,Furnishings,15,117.4,11.616,C,X,LEAN - keep minimal base stock,1.25,1.0,2.0,4.0,MINIMISE STOCK
OFF-PA-10002749,"Wirebound Message Books, 5-1/2 x 4 Forms, 2 or 4 Forms per Page",Office Supplies,Paper,6,224.112,11.6406,C,X,LEAN - keep minimal base stock,0.5,0.0,1.0,2.0,MINIMISE STOCK
OFF-BI-10001900,"DXL Angle-View Binders with Locking Rings, Black",Office Supplies,Binders,7,573.544,11.3211,C,X,LEAN - keep minimal base stock,0.5833333333333334,1.0,2.0,3.0,MINIMISE STOCK
OFF-PA-10002751,Xerox 1920,Office Supplies,Paper,4,23.92,10.764,C,Z,OBSOLETE-RISK - minimise/phase out,0.3333333333333333,1.0,2.0,3.0,REVIEW / PHASE-OUT
OFF-BI-10000591,Avery Binder Labels,Office Supplies,Binders,7,102.896,10.7364,C,X,LEAN - keep minimal base stock,0.5833333333333334,1.0,2.0,3.0,MINIMISE STOCK
OFF-PA-10000130,Xerox 199,Office Supplies,Paper,10,160.24,10.700000000000001,C,Z,OBSOLETE-RISK - minimise/phase out,0.8333333333333334,5.0,6.0,7.0,REVIEW / PHASE-OUT
TEC-PH-10000213,Seidio BD2-HK3IPH5-BK DILEX Case and Holster Combo for Apple iPhone 5/5s - Black,Technology,Phones,4,259.232,9.9232,C,X,LEAN - keep minimal base stock,0.3333333333333333,0.0,1.0,2.0,MINIMISE STOCK
OFF-PA-10004965,Xerox 1921,Office Supplies,Paper,4,155.96800000000002,9.99,C,X,LEAN - keep minimal base stock,0.3333333333333333,0.0,1.0,2.0,MINIMISE STOCK
TEC-PH-10004922,RCA Visys Integrated PBX 8-Line Router,Technology,Phones,3,184.776,10.0485,C,Z,OBSOLETE-RISK - minimise/phase out,0.25,1.0,2.0,3.0,REVIEW / PHASE-OUT
OFF-AR-10003651,Newell 350,Office Supplies,Art,12,348.048,10.102400000000001,C,Y,LEAN - order to demand,1.0,5.0,6.0,7.0,MINIMISE STOCK
OFF-AR-10004757,Crayola Colored Pencils,Office Supplies,Art,13,389.704,10.1352,C,Y,LEAN - order to demand,1.0833333333333333,4.0,5.0,7.0,MINIMISE STOCK
OFF-PA-10001752,Hammermill CopyPlus Copy Paper (20Lb. and 84 Bright),Office Supplies,Paper,5,196.90800000000002,10.209,C,X,LEAN - keep minimal base stock,0.4166666666666667,1.0,2.0,3.0,MINIMISE STOCK
OFF-FA-10001332,"Acco Banker's Clasps, 5 3/4""-Long",Office Supplies,Fasteners,8,527.4639999999999,10.2528,C,Z,OBSOLETE-RISK - minimise/phase out,0.6666666666666666,3.0,4.0,5.0,REVIEW / PHASE-OUT
OFF-PA-10000327,Xerox 1971,Office Supplies,Paper,8,212.104,10.272,C,X,LEAN - keep minimal base stock,0.6666666666666666,1.0,2.0,3.0,MINIMISE STOCK
OFF-BI-10002706,Avery Premier Heavy-Duty Binder with Round Locking Rings,Office Supplies,Binders,2,128.704,10.281600000000001,C,X,LEAN - keep minimal base stock,0.16666666666666666,0.0,1.0,2.0,MINIMISE STOCK
TEC-PH-10002824,Jabra SPEAK 410 Multidevice Speakerphone,Technology,Phones,13,2094.702,10.299500000000009,C,X,LEAN - keep minimal base stock,1.0833333333333333,1.0,2.0,4.0,MINIMISE STOCK
OFF-LA-10001934,Avery 516,Office Supplies,Labels,3,21.93,10.3071,C,Z,OBSOLETE-RISK - minimise/phase out,0.25,1.0,2.0,3.0,REVIEW / PHASE-OUT
TEC-AC-10001101,Sony 16GB Class 10 Micro SDHC R40 Memory Card,Technology,Accessories,8,121.12,10.312,C,Z,OBSOLETE-RISK - minimise/phase out,0.6666666666666666,1.0,2.0,3.0,REVIEW / PHASE-OUT
OFF-BI-10000301,GBC Instant Report Kit,Office Supplies,Binders,41,815.9870000000001,10.352,C,Y,LEAN - order to demand,3.4166666666666665,3.0,4.0,8.0,MINIMISE STOCK
OFF-BI-10003355,Cardinal Holdit Business Card Pockets,Office Supplies,Binders,16,359.79200000000003,10.3584,C,Y,LEAN - order to demand,1.3333333333333333,2.0,3.0,5.0,MINIMISE STOCK
OFF-BI-10003669,3M Organizer Strips,Office Supplies,Binders,19,614.72,10.367999999999999,C,X,LEAN - keep minimal base stock,1.5833333333333333,2.0,3.0,5.0,MINIMISE STOCK
OFF-EN-10004846,Letter or Legal Size Expandable Poly String Tie Envelopes,Office Supplies,Envelopes,10,1071.94,10.374,C,X,LEAN - keep minimal base stock,0.8333333333333334,2.0,3.0,4.0,MINIMISE STOCK
OFF-PA-10003424,"""While you Were Out"" Message Book, One Form per Page",Office Supplies,Paper,8,309.228,10.388,C,X,LEAN - keep minimal base stock,0.6666666666666666,1.0,2.0,3.0,MINIMISE STOCK
FUR-FU-10002508,Document Clip Frames,Furniture,Furnishings,3,131.02,10.5084,C,Z,OBSOLETE-RISK - minimise/phase out,0.25,1.0,2.0,3.0,REVIEW / PHASE-OUT
OFF-EN-10003845,Colored Envelopes,Office Supplies,Envelopes,11,340.472,10.5534,C,X,LEAN - keep minimal base stock,0.9166666666666666,1.0,2.0,3.0,MINIMISE STOCK
OFF-AR-10001868,Prang Dustless Chalk Sticks,Office Supplies,Art,13,226.50400000000002,10.584,C,Y,LEAN - order to demand,1.0833333333333333,3.0,4.0,6.0,MINIMISE STOCK
OFF-AR-10001547,Newell 311,Office Supplies,Art,26,1289.598,10.6522,C,X,LEAN - keep minimal base stock,2.1666666666666665,2.0,3.0,6.0,MINIMISE STOCK
OFF-BI-10004492,Tuf-Vin Binders,Office Supplies,Binders,11,539.796,11.684599999999998,C,X,LEAN - keep minimal base stock,0.9166666666666666,1.0,2.0,3.0,MINIMISE STOCK
OFF-AR-10000122,Newell 314,Office Supplies,Art,15,512.54,9.765,C,Y,LEAN - order to demand,1.25,3.0,4.0,6.0,MINIMISE STOCK
FUR-FU-10004351,Staple-based wall hangings,Furniture,Furnishings,10,233.23200000000003,11.688,C,X,LEAN - keep minimal base stock,0.8333333333333334,1.0,2.0,3.0,MINIMISE STOCK
FUR-FU-10003799,"Seth Thomas 13 1/2"" Wall Clock",Furniture,Furnishings,6,180.344,11.7348,C,X,LEAN - keep minimal base stock,0.5,2.0,3.0,4.0,MINIMISE STOCK
OFF-PA-10001526,Xerox 1949,Office Supplies,Paper,8,129.868,12.549600000000002,C,Z,OBSOLETE-RISK - minimise/phase out,0.6666666666666666,4.0,5.0,6.0,REVIEW / PHASE-OUT
TEC-AC-10000521,"Verbatim Slim CD and DVD Storage Cases, 50/Pack",Technology,Accessories,5,267.084,12.694,C,X,LEAN - keep minimal base stock,0.4166666666666667,1.0,2.0,3.0,MINIMISE STOCK
OFF-BI-10000050,"Angle-D Binders with Locking Rings, Label Holders",Office Supplies,Binders,22,564.82,12.701999999999998,C,Y,LEAN - order to demand,1.8333333333333333,3.0,4.0,6.0,MINIMISE STOCK
OFF-BI-10004233,"GBC Pre-Punched Binding Paper, Plastic, White, 8-1/2"" x 11""",Office Supplies,Binders,25,426.66200000000003,12.791999999999998,C,X,LEAN - keep minimal base stock,2.0833333333333335,2.0,3.0,6.0,MINIMISE STOCK
OFF-BI-10002003,Ibico Presentation Index for Binding Systems,Office Supplies,Binders,25,752.67,12.934999999999999,C,Y,LEAN - order to demand,2.0833333333333335,3.0,4.0,7.0,MINIMISE STOCK
TEC-PH-10002365,Belkin Grip Candy Sheer Case / Cover for iPhone 5 and 5S,Technology,Phones,8,64.972,12.9944,C,Y,LEAN - order to demand,0.6666666666666666,2.0,3.0,4.0,MINIMISE STOCK
OFF-AR-10003631,Staples in misc. colors,Office Supplies,Art,13,183.176,13.0196,C,X,LEAN - keep minimal base stock,1.0833333333333333,2.0,3.0,5.0,MINIMISE STOCK
FUR-FU-10004164,"Eldon 300 Class Desk Accessories, Black",Furniture,Furnishings,6,135.7,13.068000000000001,C,Y,LEAN - order to demand,0.5,3.0,4.0,5.0,MINIMISE STOCK
OFF-ST-10003327,Akro-Mils 12-Gallon Tote,Office Supplies,Storage,8,190.51,13.107599999999998,C,X,LEAN - keep minimal base stock,0.6666666666666666,2.0,3.0,4.0,MINIMISE STOCK
OFF-PA-10003177,Xerox 1999,Office Supplies,Paper,4,133.92,12.4416,C,X,LEAN - keep minimal base stock,0.3333333333333333,0.0,1.0,2.0,MINIMISE STOCK
FUR-FU-10001979,Dana Halogen Swing-Arm Architect Lamp,Furniture,Furnishings,4,253.104,13.1104,C,Y,LEAN - order to demand,0.3333333333333333,2.0,3.0,4.0,MINIMISE STOCK
OFF-LA-10003121,Avery 506,Office Supplies,Labels,7,153.91,13.2986,C,Z,OBSOLETE-RISK - minimise/phase out,0.5833333333333334,1.0,2.0,3.0,REVIEW / PHASE-OUT
OFF-BI-10001679,GBC Instant Index System for Binding Systems,Office Supplies,Binders,7,632.4,13.32,C,X,LEAN - keep minimal base stock,0.5833333333333334,1.0,2.0,3.0,MINIMISE STOCK
OFF-BI-10000605,"Acco Pressboard Covers with Storage Hooks, 9 1/2"" x 11"", Executive Red",Office Supplies,Binders,13,595.624,13.3731,C,Y,LEAN - order to demand,1.0833333333333333,2.0,3.0,5.0,MINIMISE STOCK
OFF-PA-10004022,Hammermill Color Copier Paper (28Lb. and 96 Bright),Office Supplies,Paper,3,29.97,13.4865,C,X,LEAN - keep minimal base stock,0.25,1.0,2.0,3.0,MINIMISE STOCK
FUR-FU-10000320,OIC Stacking Trays,Furniture,Furnishings,21,576.772,13.4936,C,Y,LEAN - order to demand,1.75,3.0,4.0,6.0,MINIMISE STOCK
OFF-BI-10000546,Avery Durable Binders,Office Supplies,Binders,21,560.352,13.5072,C,Y,LEAN - order to demand,1.75,2.0,3.0,5.0,MINIMISE STOCK
OFF-LA-10002787,Avery 480,Office Supplies,Labels,8,119.25,13.65,C,Z,OBSOLETE-RISK - minimise/phase out,0.6666666666666666,4.0,5.0,6.0,REVIEW / PHASE-OUT
TEC-AC-10003237,Memorex Micro Travel Drive 4 GB,Technology,Accessories,3,379.8,13.674,C,Z,OBSOLETE-RISK - minimise/phase out,0.25,1.0,2.0,3.0,REVIEW / PHASE-OUT
OFF-BI-10002976,ACCOHIDE Binder by Acco,Office Supplies,Binders,16,246.73399999999998,13.7116,C,X,LEAN - keep minimal base stock,1.3333333333333333,3.0,4.0,6.0,MINIMISE STOCK
OFF-AR-10003056,Newell 341,Office Supplies,Art,12,176.64800000000002,13.1824,C,X,LEAN - keep minimal base stock,1.0,2.0,3.0,4.0,MINIMISE STOCK
OFF-AP-10002495,"Acco Smartsocket Table Surge Protector, 6 Color-Coded Adapter Outlets",Office Supplies,Appliances,2,139.28,12.41,C,Z,OBSOLETE-RISK - minimise/phase out,0.16666666666666666,1.0,2.0,3.0,REVIEW / PHASE-OUT
OFF-AR-10003469,Nontoxic Chalk,Office Supplies,Art,18,216.86399999999998,12.3904,C,Y,LEAN - order to demand,1.5,3.0,4.0,6.0,MINIMISE STOCK
OFF-AR-10003394,Newell 332,Office Supplies,Art,20,163.272,12.348,C,Y,LEAN - order to demand,1.6666666666666667,7.0,8.0,10.0,MINIMISE STOCK
OFF-SU-10002557,Fiskars Spring-Action Scissors,Office Supplies,Supplies,4,1281.124,11.7432,C,X,LEAN - keep minimal base stock,0.3333333333333333,1.0,2.0,3.0,MINIMISE STOCK
OFF-AR-10003405,"Dixon My First Ticonderoga Pencil, #2",Office Supplies,Art,9,2063.14,11.7585,C,X,LEAN - keep minimal base stock,0.75,2.0,3.0,4.0,MINIMISE STOCK
OFF-AR-10000716,DIXON Ticonderoga Erasable Checking Pencils,Office Supplies,Art,9,142.408,11.773800000000001,C,X,LEAN - keep minimal base stock,0.75,1.0,2.0,3.0,MINIMISE STOCK
OFF-PA-10001215,Xerox 1963,Office Supplies,Paper,5,128.4,11.88,C,Z,OBSOLETE-RISK - minimise/phase out,0.4166666666666667,1.0,2.0,3.0,REVIEW / PHASE-OUT
TEC-PH-10004924,"SKILCRAFT Telephone Shoulder Rest, 2"" x 6.5"" x 2.5"", Black",Technology,Phones,6,44.339999999999996,11.9718,C,X,LEAN - keep minimal base stock,0.5,2.0,3.0,4.0,MINIMISE STOCK
TEC-AC-10000926,NETGEAR RangeMax WNR1000 Wireless Router,Technology,Accessories,3,59.976,11.9952,C,Z,OBSOLETE-RISK - minimise/phase out,0.25,1.0,2.0,3.0,REVIEW / PHASE-OUT
TEC-AC-10001874,Logitech Wireless Anywhere Mouse MX for PC and Mac,Technology,Accessories,2,132.984,11.998,C,Z,OBSOLETE-RISK - minimise/phase out,0.16666666666666666,1.0,2.0,3.0,REVIEW / PHASE-OUT
OFF-ST-10001414,Decoflex Hanging Personal Folder File,Office Supplies,Storage,3,133.26,12.0276,C,Z,OBSOLETE-RISK - minimise/phase out,0.25,1.0,2.0,3.0,REVIEW / PHASE-OUT
OFF-PA-10000533,Southworth Parchment Paper & Envelopes,Office Supplies,Paper,4,26.16,12.0336,C,X,LEAN - keep minimal base stock,0.3333333333333333,0.0,1.0,2.0,MINIMISE STOCK
OFF-PA-10003883,"Message Book, Phone, Wirebound Standard Line Memo, 2 3/4"" X 5""",Office Supplies,Paper,4,103.2,12.052,C,Z,OBSOLETE-RISK - minimise/phase out,0.3333333333333333,1.0,2.0,3.0,REVIEW / PHASE-OUT
OFF-ST-10000636,Rogers Profile Extra Capacity Storage Tub,Office Supplies,Storage,18,351.32,12.0528,C,Y,LEAN - order to demand,1.5,3.0,4.0,6.0,MINIMISE STOCK
FUR-FU-10001731,Acrylic Self-Standing Desk Frames,Furniture,Furnishings,14,1473.2440000000001,12.0684,C,X,LEAN - keep minimal base stock,1.1666666666666667,2.0,3.0,5.0,MINIMISE STOCK
OFF-LA-10000452,Avery 488,Office Supplies,Labels,8,25.2,12.096,C,Z,OBSOLETE-RISK - minimise/phase out,0.6666666666666666,4.0,5.0,6.0,REVIEW / PHASE-OUT
FUR-CH-10001802,Hon Every-Day Chair Series Swivel Task Chairs,Furniture,Chairs,10,985.84,12.097999999999999,C,X,LEAN - keep minimal base stock,0.8333333333333334,1.0,2.0,3.0,MINIMISE STOCK
FUR-FU-10002268,Ultra Door Push Plate,Furniture,Furnishings,16,157.81199999999998,12.1768,C,Z,OBSOLETE-RISK - minimise/phase out,1.3333333333333333,7.0,8.0,10.0,REVIEW / PHASE-OUT
OFF-EN-10001509,Poly String Tie Envelopes,Office Supplies,Envelopes,14,222.336,12.1992,C,Y,LEAN - order to demand,1.1666666666666667,2.0,3.0,5.0,MINIMISE STOCK
FUR-BO-10001519,O'Sullivan 3-Shelf Heavy-Duty Bookcases,Furniture,Bookcases,9,483.887,12.209399999999995,C,X,LEAN - keep minimal base stock,0.75,0.0,1.0,2.0,MINIMISE STOCK
OFF-AP-10002287,"Eureka Sanitaire  Multi-Pro Heavy-Duty Upright, Disposable Bags",Office Supplies,Appliances,20,371.91200000000003,12.236,C,Y,LEAN - order to demand,1.6666666666666667,4.0,5.0,7.0,MINIMISE STOCK
OFF-BI-10001597,"Wilson Jones Ledger-Size, Piano-Hinge Binder, 2"", Blue",Office Supplies,Binders,30,1188.5819999999999,12.294000000000011,C,Y,LEAN - order to demand,2.5,3.0,4.0,7.0,MINIMISE STOCK
OFF-BI-10001787,Wilson Jones Four-Pocket Poly Binders,Office Supplies,Binders,12,371.32,12.295200000000001,C,X,LEAN - keep minimal base stock,1.0,0.0,1.0,2.0,MINIMISE STOCK
OFF-SU-10001165,Acme Elite Stainless Steel Scissors,Office Supplies,Supplies,8,417.716,12.3432,C,X,LEAN - keep minimal base stock,0.6666666666666666,1.0,2.0,3.0,MINIMISE STOCK
FUR-FU-10003829,Stackable Trays,Furniture,Furnishings,15,335.12,11.704,C,X,LEAN - keep minimal base stock,1.25,2.0,3.0,5.0,MINIMISE STOCK
OFF-AR-10004027,"Binney & Smith inkTank Erasable Desk Highlighter, Chisel Tip, Yellow, 12/Box",Office Supplies,Art,3,127.56,3.0996,C,Z,OBSOLETE-RISK - minimise/phase out,0.25,1.0,2.0,3.0,REVIEW / PHASE-OUT
OFF-BI-10000494,Acco Economy Flexible Poly Round Ring Binder,Office Supplies,Binders,3,312.308,-1.305,C,X,LEAN - keep minimal base stock,0.25,1.0,2.0,3.0,MINIMISE STOCK
OFF-BI-10004410,"C-Line Peel & Stick Add-On Filing Pockets, 8-3/4 x 5-1/8, 10/Pack",Office Supplies,Binders,11,137.131,2.9939,C,X,LEAN - keep minimal base stock,0.9166666666666666,1.0,2.0,3.0,MINIMISE STOCK
FUR-BO-10003272,O'Sullivan Living Dimensions 5-Shelf Bookcases,Furniture,Bookcases,3,530.352,-66.294,C,X,LEAN - keep minimal base stock,0.25,1.0,2.0,3.0,MINIMISE STOCK
FUR-CH-10003956,Novimex High-Tech Fabric Mesh Task Chair,Furniture,Chairs,7,469.48800000000006,-64.5918,C,Y,LEAN - order to demand,0.5833333333333334,2.0,3.0,4.0,MINIMISE STOCK
TEC-PH-10003800,i.Sound Portable Power - 8000 mAh,Technology,Phones,7,428.34200000000004,-59.878699999999995,C,X,LEAN - keep minimal base stock,0.5833333333333334,1.0,2.0,3.0,MINIMISE STOCK
TEC-AC-10004855,V7 USB Numeric Keypad,Technology,Accessories,16,534.8679999999999,-58.7832,C,X,LEAN - keep minimal base stock,1.3333333333333333,2.0,3.0,5.0,MINIMISE STOCK
OFF-BI-10002931,"Avery Trapezoid Extra Heavy Duty 4"" Binders",Office Supplies,Binders,7,103.074,-58.716,C,Z,OBSOLETE-RISK - minimise/phase out,0.5833333333333334,1.0,2.0,3.0,REVIEW / PHASE-OUT
OFF-BI-10003166,GBC Plasticlear Binding Covers,Office Supplies,Binders,19,369.104,-58.3184,C,X,LEAN - keep minimal base stock,1.5833333333333333,2.0,3.0,5.0,MINIMISE STOCK
FUR-CH-10001545,Hon Comfortask Task/Swivel Chairs,Furniture,Chairs,15,1405.1580000000001,-56.99,C,Y,LEAN - order to demand,1.25,2.0,3.0,5.0,MINIMISE STOCK
FUR-BO-10001798,Bush Somerset Collection Bookcase,Furniture,Bookcases,12,1319.9569999999999,-56.3214,C,X,LEAN - keep minimal base stock,1.0,2.0,3.0,4.0,MINIMISE STOCK
OFF-ST-10000676,Fellowes Econo/Stor Drawers,Office Supplies,Storage,7,581.58,-56.2194,C,Y,LEAN - order to demand,0.5833333333333334,2.0,3.0,4.0,MINIMISE STOCK
FUR-TA-10004915,"Office Impressions End Table, 20-1/2""H x 24""W x 20""D",Furniture,Tables,23,5705.816,-66.82720000000003,C,Y,LEAN - order to demand,1.9166666666666667,3.0,4.0,6.0,MINIMISE STOCK
TEC-MA-10002178,Cisco CP-7937G Unified IP Conference Station Phone,Technology,Machines,4,1404.4,-55.656,C,X,LEAN - keep minimal base stock,0.3333333333333333,0.0,1.0,2.0,MINIMISE STOCK
OFF-ST-10001370,Sensible Storage WireTech Storage Systems,Office Supplies,Storage,29,2041.264,-53.23499999999999,C,Y,LEAN - order to demand,2.4166666666666665,3.0,4.0,7.0,MINIMISE STOCK
OFF-ST-10004804,"Belkin 19"" Vented Equipment Shelf, Black",Office Supplies,Storage,18,933.864,-52.5096,C,X,LEAN - keep minimal base stock,1.5,2.0,3.0,5.0,MINIMISE STOCK
OFF-ST-10001522,"Gould Plastics 18-Pocket Panel Bin, 34w x 5-1/4d x 20-1/2h",Office Supplies,Storage,16,1841.452,-51.5144,C,X,LEAN - keep minimal base stock,1.3333333333333333,2.0,3.0,5.0,MINIMISE STOCK
OFF-ST-10002756,"Tennsco Stur-D-Stor Boltless Shelving, 5 Shelves, 24"" Deep, Sand",Office Supplies,Storage,22,3060.634,-51.4178,C,X,LEAN - keep minimal base stock,1.8333333333333333,2.0,3.0,5.0,MINIMISE STOCK
OFF-BI-10002854,"Performers Binder/Pad Holder, Black",Office Supplies,Binders,20,445.846,-50.45400000000001,C,Y,LEAN - order to demand,1.6666666666666667,5.0,6.0,8.0,MINIMISE STOCK
TEC-PH-10000127,iOttie XL Car Mount,Technology,Phones,14,356.88800000000003,-50.3748,C,X,LEAN - keep minimal base stock,1.1666666666666667,3.0,4.0,6.0,MINIMISE STOCK
TEC-PH-10002789,LG Exalt,Technology,Phones,4,446.57399999999996,-49.9168,C,Y,LEAN - order to demand,0.3333333333333333,2.0,3.0,4.0,MINIMISE STOCK
TEC-PH-10000141,Clearsounds A400,Technology,Phones,11,511.326,-48.8326,C,X,LEAN - keep minimal base stock,0.9166666666666666,1.0,2.0,3.0,MINIMISE STOCK
OFF-ST-10000736,Carina Double Wide Media Storage Towers in Natural & Black,Office Supplies,Storage,15,1555.524,-48.588,C,X,LEAN - keep minimal base stock,1.25,1.0,2.0,4.0,MINIMISE STOCK
OFF-AP-10000240,Belkin F9G930V10-GRY 9 Outlet Surge,Office Supplies,Appliances,2,123.392,-54.5496,C,Z,OBSOLETE-RISK - minimise/phase out,0.16666666666666666,1.0,2.0,3.0,REVIEW / PHASE-OUT
FUR-CH-10003535,"Global Armless Task Chair, Royal Blue",Furniture,Chairs,13,633.8,-48.1742,C,X,LEAN - keep minimal base stock,1.0833333333333333,1.0,2.0,4.0,MINIMISE STOCK
OFF-ST-10001713,"Gould Plastics 9-Pocket Panel Bin, 18-3/8w x 5-1/4d x 20-1/2h, Black",Office Supplies,Storage,8,339.136,-67.8272,C,Y,LEAN - order to demand,0.6666666666666666,3.0,4.0,5.0,MINIMISE STOCK
FUR-FU-10004622,Eldon Advantage Foldable Chair Mats for Low Pile Carpets,Furniture,Furnishings,8,328.0,-71.544,C,X,LEAN - keep minimal base stock,0.6666666666666666,2.0,3.0,4.0,MINIMISE STOCK
FUR-TA-10002855,Bevis Round Conference Table Top & Single Column Base,Furniture,Tables,8,856.5040000000001,-105.3648,C,X,LEAN - keep minimal base stock,0.6666666666666666,2.0,3.0,4.0,MINIMISE STOCK
FUR-BO-10003965,O'Sullivan Manor Hill 2-Door Library in Brianna Oak,Furniture,Bookcases,7,1119.586,-95.9194,C,Y,LEAN - order to demand,0.5833333333333334,2.0,3.0,4.0,MINIMISE STOCK
FUR-TA-10001705,Bush Advantage Collection Round Conference Table,Furniture,Tables,5,816.1,-95.67,C,X,LEAN - keep minimal base stock,0.4166666666666667,1.0,2.0,3.0,MINIMISE STOCK
OFF-ST-10002344,"Carina 42""Hx23 3/4""W Media Storage Unit",Office Supplies,Storage,11,827.408,-95.5564,C,X,LEAN - keep minimal base stock,0.9166666666666666,1.0,2.0,3.0,MINIMISE STOCK
OFF-ST-10002554,Tennsco Industrial Shelving,Office Supplies,Storage,15,1251.048,-92.929,C,X,LEAN - keep minimal base stock,1.25,1.0,2.0,4.0,MINIMISE STOCK
FUR-BO-10004409,"Safco Value Mate Series Steel Bookcases, Baked Enamel Finish on Steel, Gray",Furniture,Bookcases,10,418.782,-92.274,C,X,LEAN - keep minimal base stock,0.8333333333333334,0.0,1.0,2.0,MINIMISE STOCK
FUR-BO-10004360,Rush Hierlooms Collection Rich Wood Bookcases,Furniture,Bookcases,3,364.3992,-91.7586,C,Z,OBSOLETE-RISK - minimise/phase out,0.25,1.0,2.0,3.0,REVIEW / PHASE-OUT
FUR-CH-10000863,Novimex Swivel Fabric Task Chair,Furniture,Chairs,10,1300.134,-90.58800000000001,C,Y,LEAN - order to demand,0.8333333333333334,2.0,3.0,4.0,MINIMISE STOCK
OFF-BI-10003684,Wilson Jones Legal Size Ring Binders,Office Supplies,Binders,21,1098.7359999999999,-90.15899999999999,C,Y,LEAN - order to demand,1.75,4.0,5.0,7.0,MINIMISE STOCK
FUR-CH-10002044,"Office Star - Contemporary Task Swivel chair with 2-way adjustable arms, Plum",Furniture,Chairs,4,437.136,-68.1096,C,Z,OBSOLETE-RISK - minimise/phase out,0.3333333333333333,1.0,2.0,3.0,REVIEW / PHASE-OUT
OFF-BI-10001575,GBC Linen Binding Covers,Office Supplies,Binders,10,151.254,-89.842,C,Y,LEAN - order to demand,0.8333333333333334,3.0,4.0,5.0,MINIMISE STOCK
OFF-ST-10002790,Safco Industrial Shelving,Office Supplies,Storage,11,987.96,-79.01950000000001,C,X,LEAN - keep minimal base stock,0.9166666666666666,2.0,3.0,4.0,MINIMISE STOCK
FUR-FU-10003919,Eldon Executive Woodline II Cherry Finish Desk Accessories,Furniture,Furnishings,6,2145.136,-78.5088,C,X,LEAN - keep minimal base stock,0.5,2.0,3.0,4.0,MINIMISE STOCK
FUR-FU-10004597,Eldon Cleatmat Chair Mats for Medium Pile Carpets,Furniture,Furnishings,3,1384.6000000000001,-78.255,C,X,LEAN - keep minimal base stock,0.25,1.0,2.0,3.0,MINIMISE STOCK
FUR-FU-10000723,"Deflect-o EconoMat Studded, No Bevel Mat for Low Pile Carpeting",Furniture,Furnishings,19,786.328,-78.09479999999999,C,X,LEAN - keep minimal base stock,1.5833333333333333,1.0,2.0,4.0,MINIMISE STOCK
FUR-FU-10003394,"Tenex ""The Solids"" Textured Chair Mats",Furniture,Furnishings,22,1290.312,-74.1576,C,Y,LEAN - order to demand,1.8333333333333333,3.0,4.0,6.0,MINIMISE STOCK
FUR-TA-10001857,Balt Solid Wood Rectangular Table,Furniture,Tables,5,427.86199999999997,-73.843,C,X,LEAN - keep minimal base stock,0.4166666666666667,1.0,2.0,3.0,MINIMISE STOCK
OFF-ST-10004123,Safco Industrial Wire Shelving System,Office Supplies,Storage,15,1705.916,-72.784,C,Y,LEAN - order to demand,1.25,2.0,3.0,5.0,MINIMISE STOCK
FUR-TA-10004152,"Barricks 18"" x 48"" Non-Folding Utility Table with Bottom Storage Shelf",Furniture,Tables,8,534.16,-72.576,C,Y,LEAN - order to demand,0.6666666666666666,3.0,4.0,5.0,MINIMISE STOCK
FUR-BO-10003034,"O'Sullivan Elevations Bookcase, Cherry Finish",Furniture,Bookcases,15,1661.309,-72.039,C,Y,LEAN - order to demand,1.25,3.0,4.0,6.0,MINIMISE STOCK
TEC-PH-10003555,Motorola HK250 Universal Bluetooth Headset,Technology,Phones,39,1238.454,-83.2238,C,Y,LEAN - order to demand,3.25,4.0,5.0,9.0,MINIMISE STOCK
FUR-TA-10001539,Chromcraft Rectangular Conference Tables,Furniture,Tables,10,1857.578,-47.394,C,X,LEAN - keep minimal base stock,0.8333333333333334,1.0,2.0,3.0,MINIMISE STOCK
FUR-TA-10003748,Bevis 36 x 72 Conference Tables,Furniture,Tables,21,2069.84,-47.3062,C,Y,LEAN - order to demand,1.75,3.0,4.0,6.0,MINIMISE STOCK
FUR-BO-10002268,Sauder Barrister Bookcases,Furniture,Bookcases,10,657.9696,-46.9684,C,X,LEAN - keep minimal base stock,0.8333333333333334,2.0,3.0,4.0,MINIMISE STOCK
FUR-TA-10004575,Hon 5100 Series Wood Tables,Furniture,Tables,20,4828.974,-29.097999999999956,C,Y,LEAN - order to demand,1.6666666666666667,3.0,4.0,6.0,MINIMISE STOCK
FUR-FU-10004909,Contemporary Wood/Metal Frame,Furniture,Furnishings,12,281.96,-29.088,C,Y,LEAN - order to demand,1.0,3.0,4.0,5.0,MINIMISE STOCK
FUR-CH-10000749,Office Star - Ergonomic Mid Back Chair with 2-Way Adjustable Arms,Furniture,Chairs,4,629.136,-28.9568,C,Z,OBSOLETE-RISK - minimise/phase out,0.3333333333333333,1.0,2.0,3.0,REVIEW / PHASE-OUT
OFF-ST-10003641,Space Solutions Industrial Galvanized Steel Shelving.,Office Supplies,Storage,2,126.08,-28.368,C,Z,OBSOLETE-RISK - minimise/phase out,0.16666666666666666,1.0,2.0,3.0,REVIEW / PHASE-OUT
OFF-ST-10001963,Tennsco Regal Shelving Units,Office Supplies,Storage,11,1090.664,-27.380699999999997,C,Y,LEAN - order to demand,0.9166666666666666,3.0,4.0,5.0,MINIMISE STOCK
OFF-BI-10000474,Avery Recycled Flexi-View Covers for Binding Systems,Office Supplies,Binders,18,417.43100000000004,-26.6098,C,X,LEAN - keep minimal base stock,1.5,2.0,3.0,5.0,MINIMISE STOCK
OFF-ST-10002485,Rogers Deluxe File Chest,Office Supplies,Storage,19,609.848,-26.5958,C,X,LEAN - keep minimal base stock,1.5833333333333333,1.0,2.0,4.0,MINIMISE STOCK
OFF-AP-10002403,Acco Smartsocket Color-Coded Six-Outlet AC Adapter Model Surge Protectors,Office Supplies,Appliances,7,249.446,-25.525799999999997,C,X,LEAN - keep minimal base stock,0.5833333333333334,1.0,2.0,3.0,MINIMISE STOCK
TEC-AC-10002942,WD My Passport Ultra 1TB Portable External Hard Drive,Technology,Accessories,12,798.4,-24.84,C,Y,LEAN - order to demand,1.0,2.0,3.0,4.0,MINIMISE STOCK
OFF-BI-10000773,Insertable Tab Post Binder Dividers,Office Supplies,Binders,15,250.486,-29.273,C,Y,LEAN - order to demand,1.25,3.0,4.0,6.0,MINIMISE STOCK
OFF-ST-10004337,"SAFCO Commercial Wire Shelving, 72h",Office Supplies,Storage,9,526.664,-24.496,C,Y,LEAN - order to demand,0.75,3.0,4.0,5.0,MINIMISE STOCK
TEC-PH-10001079,Polycom SoundPoint Pro SE-225 Corded phone,Technology,Phones,5,438.56600000000003,-23.798000000000002,C,Y,LEAN - order to demand,0.4166666666666667,2.0,3.0,4.0,MINIMISE STOCK
OFF-BI-10004465,Avery Durable Slant Ring Binders,Office Supplies,Binders,19,274.48,-23.76,C,Y,LEAN - order to demand,1.5833333333333333,3.0,4.0,6.0,MINIMISE STOCK
TEC-PH-10004522,Dexim XPower Skin Super-Thin Power Case for iPhone 5 - Black,Technology,Phones,8,561.544,-23.395999999999997,C,Y,LEAN - order to demand,0.6666666666666666,3.0,4.0,5.0,MINIMISE STOCK
OFF-AP-10004868,Hoover Commercial Soft Guard Upright Vacuum And Disposable Filtration Bags,Office Supplies,Appliances,7,215.094,-22.6107,C,Z,OBSOLETE-RISK - minimise/phase out,0.5833333333333334,3.0,4.0,5.0,REVIEW / PHASE-OUT
TEC-MA-10003356,Panasonic KX MC6040 Color Laser Multifunction Printer,Technology,Machines,5,1619.82,-22.497500000000002,C,X,LEAN - keep minimal base stock,0.4166666666666667,1.0,2.0,3.0,MINIMISE STOCK
FUR-FU-10000222,"Seth Thomas 16"" Steel Case Clock",Furniture,Furnishings,7,301.92,-22.411199999999997,C,Y,LEAN - order to demand,0.5833333333333334,2.0,3.0,4.0,MINIMISE STOCK
OFF-BI-10001098,Acco D-Ring Binder w/DublLock,Office Supplies,Binders,9,331.968,-21.166200000000003,C,Y,LEAN - order to demand,0.75,2.0,3.0,4.0,MINIMISE STOCK
OFF-BI-10003982,Wilson Jones Century Plastic Molded Ring Binders,Office Supplies,Binders,30,610.473,-20.770000000000003,C,Y,LEAN - order to demand,2.5,3.0,4.0,7.0,MINIMISE STOCK
OFF-BI-10001525,"Acco Pressboard Covers with Storage Hooks, 14 7/8"" x 11"", Executive Red",Office Supplies,Binders,21,297.241,-20.7645,C,X,LEAN - keep minimal base stock,1.75,2.0,3.0,5.0,MINIMISE STOCK
TEC-PH-10001448,Anker Astro 15000mAh USB Portable Charger,Technology,Phones,13,719.88,-23.9952,C,X,LEAN - keep minimal base stock,1.0833333333333333,1.0,2.0,4.0,MINIMISE STOCK
FUR-FU-10004904,"Eldon ""L"" Workstation Diamond Chairmat",Furniture,Furnishings,5,303.92,-30.392,C,Z,OBSOLETE-RISK - minimise/phase out,0.4166666666666667,1.0,2.0,3.0,REVIEW / PHASE-OUT
OFF-BI-10000309,"GBC Twin Loop Wire Binding Elements, 9/16"" Spine, Black",Office Supplies,Binders,20,349.804,-30.44,C,X,LEAN - keep minimal base stock,1.6666666666666667,2.0,3.0,5.0,MINIMISE STOCK
FUR-CH-10003833,Novimex Fabric Task Chair,Furniture,Chairs,22,1200.836,-30.49,C,Y,LEAN - order to demand,1.8333333333333333,2.0,3.0,5.0,MINIMISE STOCK
OFF-ST-10001809,Fellowes Officeware Wire Shelving,Office Supplies,Storage,24,2223.09,-46.7116,C,X,LEAN - keep minimal base stock,2.0,2.0,3.0,5.0,MINIMISE STOCK
OFF-ST-10002301,Tennsco Commercial Shelving,Office Supplies,Storage,17,717.964,-45.3582,C,X,LEAN - keep minimal base stock,1.4166666666666667,1.0,2.0,4.0,MINIMISE STOCK
FUR-CH-10000309,Global Comet Stacking Arm Chair,Furniture,Chairs,10,3153.5739999999996,-42.251000000000005,C,X,LEAN - keep minimal base stock,0.8333333333333334,1.0,2.0,3.0,MINIMISE STOCK
FUR-CH-10001714,"Global Leather & Oak Executive Chair, Burgundy",Furniture,Chairs,9,1261.12,-42.249199999999995,C,Y,LEAN - order to demand,0.75,2.0,3.0,4.0,MINIMISE STOCK
FUR-BO-10001918,"Sauder Forest Hills Library with Doors, Woodland Oak Finish",Furniture,Bookcases,4,554.2339999999999,-41.8548,C,X,LEAN - keep minimal base stock,0.3333333333333333,0.0,1.0,2.0,MINIMISE STOCK
OFF-BI-10003694,"Avery 3 1/2"" Diskette Storage Pages, 10/Pack",Office Supplies,Binders,19,238.81599999999997,-40.2984,C,Y,LEAN - order to demand,1.5833333333333333,4.0,5.0,7.0,MINIMISE STOCK
OFF-ST-10003994,"Belkin 19"" Center-Weighted Shelf, Gray",Office Supplies,Storage,7,378.88,-38.337,C,Y,LEAN - order to demand,0.5833333333333334,2.0,3.0,4.0,MINIMISE STOCK
FUR-BO-10004709,"Bush Westfield Collection Bookcases, Medium Cherry Finish",Furniture,Bookcases,24,1270.5837999999999,-37.250600000000006,C,Y,LEAN - order to demand,2.0,2.0,3.0,5.0,MINIMISE STOCK
FUR-BO-10002824,Bush Mission Pointe Library,Furniture,Bookcases,4,518.9008,-36.2352,C,X,LEAN - keep minimal base stock,0.3333333333333333,0.0,1.0,2.0,MINIMISE STOCK
OFF-BI-10001072,"GBC Clear Cover, 8-1/2 x 11, unpunched, 25 covers per pack",Office Supplies,Binders,8,132.32,-35.1712,C,X,LEAN - keep minimal base stock,0.6666666666666666,0.0,1.0,2.0,MINIMISE STOCK
FUR-FU-10003247,36X48 HARDFLOOR CHAIRMAT,Furniture,Furnishings,19,557.68,-35.0366,C,Y,LEAN - order to demand,1.5833333333333333,4.0,5.0,7.0,MINIMISE STOCK
FUR-CH-10002126,Hon Deluxe Fabric Upholstered Stacking Chairs,Furniture,Chairs,12,2119.83,-34.1572,C,Y,LEAN - order to demand,1.0,3.0,4.0,5.0,MINIMISE STOCK
TEC-AC-10001314,Case Logic 2.4GHz Wireless Keyboard,Technology,Accessories,14,627.8779999999999,-33.9932,C,X,LEAN - keep minimal base stock,1.1666666666666667,2.0,3.0,5.0,MINIMISE STOCK
FUR-TA-10003238,"Chromcraft Bull-Nose Wood 48"" x 96"" Rectangular Conference Tables",Furniture,Tables,6,2644.704,-33.05879999999996,C,X,LEAN - keep minimal base stock,0.5,0.0,1.0,2.0,MINIMISE STOCK
OFF-ST-10000934,"Contico 72""H Heavy-Duty Storage System",Office Supplies,Storage,6,236.096,-32.784,C,X,LEAN - keep minimal base stock,0.5,2.0,3.0,4.0,MINIMISE STOCK
FUR-BO-10003433,Sauder Cornerstone Collection Library,Furniture,Bookcases,8,210.272,-32.2192,C,Z,OBSOLETE-RISK - minimise/phase out,0.6666666666666666,1.0,2.0,3.0,REVIEW / PHASE-OUT
TEC-PH-10003187,Anker Astro Mini 3000mAh Ultra-Compact Portable Charger,Technology,Phones,6,181.956,-31.984,C,X,LEAN - keep minimal base stock,0.5,0.0,1.0,2.0,MINIMISE STOCK
OFF-AP-10004708,Fellowes Superior 10 Outlet Split Surge Protector,Office Supplies,Appliances,13,599.704,-31.589799999999997,C,Y,LEAN - order to demand,1.0833333333333333,4.0,5.0,7.0,MINIMISE STOCK
OFF-BI-10002799,"SlimView Poly Binder, 3/8""",Office Supplies,Binders,19,316.756,-31.390800000000002,C,Y,LEAN - order to demand,1.5833333333333333,4.0,5.0,7.0,MINIMISE STOCK
OFF-ST-10003479,"Eldon Base for stackable storage shelf, platinum",Office Supplies,Storage,12,412.764,-31.152,C,X,LEAN - keep minimal base stock,1.0,1.0,2.0,3.0,MINIMISE STOCK
TEC-PH-10004833,Macally Suction Cup Mount,Technology,Phones,13,202.28000000000003,-31.07,C,X,LEAN - keep minimal base stock,1.0833333333333333,2.0,3.0,5.0,MINIMISE STOCK
OFF-AP-10002867,Fellowes Command Center 5-outlet power strip,Office Supplies,Appliances,9,410.20000000000005,-106.50880000000001,C,Y,LEAN - order to demand,0.75,2.0,3.0,4.0,MINIMISE STOCK
TEC-MA-10004002,Zebra GX420t Direct Thermal/Thermal Transfer Printer,Technology,Machines,1,265.475,-111.4995,C,Z,OBSOLETE-RISK - minimise/phase out,0.08333333333333333,1.0,2.0,3.0,REVIEW / PHASE-OUT
TEC-PH-10003580,Cisco IP Phone 7961G-GE VoIP phone,Technology,Phones,4,542.792,-112.6216,C,X,LEAN - keep minimal base stock,0.3333333333333333,0.0,1.0,2.0,MINIMISE STOCK
FUR-BO-10002202,"Atlantic Metals Mobile 2-Shelf Bookcases, Custom Colors",Furniture,Bookcases,3,415.0268,-113.2606,C,X,LEAN - keep minimal base stock,0.25,1.0,2.0,3.0,MINIMISE STOCK
OFF-AP-10002534,3.6 Cubic Foot Counter Height Office Refrigerator,Office Supplies,Appliances,15,2860.428,-412.46799999999996,C,Y,LEAN - order to demand,1.25,2.0,3.0,5.0,MINIMISE STOCK
FUR-CH-10000229,Global Enterprise Series Seating High-Back Swivel/Tilt Chairs,Furniture,Chairs,8,1608.7820000000002,-395.6308,C,X,LEAN - keep minimal base stock,0.6666666666666666,1.0,2.0,3.0,MINIMISE STOCK
FUR-TA-10003008,"Lesro Round Back Collection Coffee Table, End Table",Furniture,Tables,8,1209.24,-394.308,C,Y,LEAN - order to demand,0.6666666666666666,1.0,2.0,3.0,MINIMISE STOCK
FUR-TA-10002530,"Iceberg OfficeWorks 42"" Round Tables",Furniture,Tables,24,2719.542,-377.44999999999993,C,Y,LEAN - order to demand,2.0,4.0,5.0,7.0,MINIMISE STOCK
TEC-PH-10002645,LG G2,Technology,Phones,5,1499.97,-374.9925,C,Z,OBSOLETE-RISK - minimise/phase out,0.4166666666666667,1.0,2.0,3.0,REVIEW / PHASE-OUT
FUR-CH-10003774,"Global Wood Trimmed Manager's Task Chair, Khaki",Furniture,Chairs,40,3043.0860000000002,-373.01800000000003,C,X,LEAN - keep minimal base stock,3.3333333333333335,3.0,4.0,8.0,MINIMISE STOCK
OFF-BI-10000778,GBC VeloBinder Electric Binding Machine,Office Supplies,Binders,13,474.43,-362.94,C,Y,LEAN - order to demand,1.0833333333333333,2.0,3.0,5.0,MINIMISE STOCK
FUR-TA-10000577,Bretford CR4500 Series Slim Rectangular Table,Furniture,Tables,13,2465.89,-351.6921,C,X,LEAN - keep minimal base stock,1.0833333333333333,1.0,2.0,4.0,MINIMISE STOCK
FUR-TA-10001768,Hon Racetrack Conference Tables,Furniture,Tables,8,1360.55,-346.5132,C,Y,LEAN - order to demand,0.6666666666666666,2.0,3.0,4.0,MINIMISE STOCK
FUR-FU-10001468,Tenex Antistatic Computer Chair Mats,Furniture,Furnishings,5,353.96,-427.45,C,Z,OBSOLETE-RISK - minimise/phase out,0.4166666666666667,1.0,2.0,3.0,REVIEW / PHASE-OUT
FUR-FU-10003601,"Deflect-o RollaMat Studded, Beveled Mat for Medium Pile Carpeting",Furniture,Furnishings,26,1754.248,-343.0956,C,Y,LEAN - order to demand,2.1666666666666665,4.0,5.0,8.0,MINIMISE STOCK
OFF-ST-10002574,"SAFCO Commercial Wire Shelving, Black",Office Supplies,Storage,16,1940.704,-331.536,C,X,LEAN - keep minimal base stock,1.3333333333333333,2.0,3.0,5.0,MINIMISE STOCK
FUR-TA-10002228,"Bevis Traditional Conference Table Top, Plinth Base",Furniture,Tables,6,1348.44,-326.6928,C,X,LEAN - keep minimal base stock,0.5,2.0,3.0,4.0,MINIMISE STOCK
OFF-AP-10000390,Euro Pro Shark Stick Mini Vacuum,Office Supplies,Appliances,11,378.74399999999997,-325.6332,C,Y,LEAN - order to demand,0.9166666666666666,2.0,3.0,4.0,MINIMISE STOCK
OFF-BI-10004632,GBC Binding covers,Office Supplies,Binders,29,4231.905,-320.9535,C,X,LEAN - keep minimal base stock,2.4166666666666665,1.0,2.0,5.0,MINIMISE STOCK
TEC-MA-10000904,"Brother MFC-9340CDW LED All-In-One Printer, Copier Scanner",Technology,Machines,3,341.991,-319.1916,C,Z,OBSOLETE-RISK - minimise/phase out,0.25,1.0,2.0,3.0,REVIEW / PHASE-OUT
FUR-CH-10003298,"Office Star - Contemporary Task Swivel chair with Loop Arms, Charcoal",Furniture,Chairs,21,2299.464,-302.56379999999996,C,Y,LEAN - order to demand,1.75,3.0,4.0,6.0,MINIMISE STOCK
FUR-TA-10001086,"SAFCO PlanMaster Boards, 60w x 37-1/2d, White Melamine",Furniture,Tables,15,1463.308,-288.781,C,X,LEAN - keep minimal base stock,1.25,1.0,2.0,4.0,MINIMISE STOCK
FUR-TA-10002041,"Bevis Round Conference Table Top, X-Base",Furniture,Tables,11,1354.1779999999999,-285.0711,C,Y,LEAN - order to demand,0.9166666666666666,3.0,4.0,5.0,MINIMISE STOCK
FUR-TA-10001039,KI Adjustable-Height Table,Furniture,Tables,26,1492.381,-282.8742,C,X,LEAN - keep minimal base stock,2.1666666666666665,2.0,3.0,6.0,MINIMISE STOCK
FUR-FU-10002298,"Rubbermaid ClusterMat Chairmats, Mat Size- 66"" x 60"", Lip 20"" x 11"" -90 Degree Angle",Furniture,Furnishings,15,970.4079999999999,-332.94,C,X,LEAN - keep minimal base stock,1.25,2.0,3.0,5.0,MINIMISE STOCK
OFF-SU-10000646,Premier Automatic Letter Opener,Office Supplies,Supplies,12,2411.626,-442.2808,C,Y,LEAN - order to demand,1.0,2.0,3.0,4.0,MINIMISE STOCK
FUR-BO-10004467,Bestar Classic Bookcase,Furniture,Bookcases,17,1028.9075,-451.95480000000003,C,Y,LEAN - order to demand,1.4166666666666667,4.0,5.0,7.0,MINIMISE STOCK
FUR-BO-10001972,O'Sullivan 4-Shelf Bookcase in Odessa Pine,Furniture,Bookcases,27,1392.277,-454.88480000000004,C,Y,LEAN - order to demand,2.25,4.0,5.0,8.0,MINIMISE STOCK
TEC-MA-10000822,Lexmark MX611dhe Monochrome Laser Printer,Technology,Machines,7,5676.967000000001,-2719.984,C,Y,LEAN - order to demand,0.5833333333333334,2.0,3.0,4.0,MINIMISE STOCK
FUR-TA-10001889,Bush Advantage Collection Racetrack Conference Table,Furniture,Tables,18,4334.1,-2019.2395999999999,C,Y,LEAN - order to demand,1.5,3.0,4.0,6.0,MINIMISE STOCK
OFF-BI-10001120,Ibico EPK-21 Electric Binding System,Office Supplies,Binders,8,6437.965999999999,-1285.1932,C,X,LEAN - keep minimal base stock,0.6666666666666666,2.0,3.0,4.0,MINIMISE STOCK
OFF-SU-10002881,Martin Yale Chadless Opener Electric Letter Opener,Office Supplies,Supplies,16,12268.902,-1232.5588,C,Y,LEAN - order to demand,1.3333333333333333,2.0,3.0,5.0,MINIMISE STOCK
FUR-TA-10004289,BoxOffice By Design Rectangular and Half-Moon Meeting Room Tables,Furniture,Tables,13,1052.5,-986.5625,C,X,LEAN - keep minimal base stock,1.0833333333333333,1.0,2.0,4.0,MINIMISE STOCK
FUR-TA-10004256,Bretford “Just In Time” Height-Adjustable Multi-Task Work Tables,Furniture,Tables,17,3869.9,-964.1940000000001,C,X,LEAN - keep minimal base stock,1.4166666666666667,1.0,2.0,4.0,MINIMISE STOCK
TEC-MA-10001695,Zebra GK420t Direct Thermal/Thermal Transfer Printer,Technology,Machines,6,703.71,-938.28,C,Z,OBSOLETE-RISK - minimise/phase out,0.5,1.0,2.0,3.0,REVIEW / PHASE-OUT
TEC-MA-10002210,Epson TM-T88V Direct Thermal Printer - Monochrome - Desktop,Technology,Machines,7,692.995,-935.9595,C,Z,OBSOLETE-RISK - minimise/phase out,0.5833333333333334,1.0,2.0,3.0,REVIEW / PHASE-OUT
TEC-MA-10001148,Okidata MB491 Multifunction Printer,Technology,Machines,14,3538.285,-914.118,C,X,LEAN - keep minimal base stock,1.1666666666666667,2.0,3.0,5.0,MINIMISE STOCK
FUR-TA-10001932,"Chromcraft 48"" x 96"" Racetrack Double Pedestal Table",Furniture,Tables,15,2968.696,-897.792,C,X,LEAN - keep minimal base stock,1.25,1.0,2.0,4.0,MINIMISE STOCK
FUR-TA-10000198,Chromcraft Bull-Nose Wood Oval Conference Tables & Bases,Furniture,Tables,13,5322.408,-870.5484,C,Y,LEAN - order to demand,1.0833333333333333,2.0,3.0,5.0,MINIMISE STOCK
FUR-TA-10002958,"Bevis Oval Conference Table, Walnut",Furniture,Tables,16,2818.192,-751.6224,C,Y,LEAN - order to demand,1.3333333333333333,2.0,3.0,5.0,MINIMISE STOCK
FUR-TA-10001950,Balt Solid Wood Round Tables,Furniture,Tables,15,5534.178,-647.4105,C,Y,LEAN - order to demand,1.25,3.0,4.0,6.0,MINIMISE STOCK
FUR-TA-10002533,BPI Conference Tables,Furniture,Tables,22,2019.7675,-620.7125,C,Y,LEAN - order to demand,1.8333333333333333,3.0,4.0,6.0,MINIMISE STOCK
OFF-SU-10000151,High Speed Automatic Electric Letter Opener,Office Supplies,Supplies,6,8842.662,-589.5108,C,Z,OBSOLETE-RISK - minimise/phase out,0.5,1.0,2.0,3.0,REVIEW / PHASE-OUT
FUR-BO-10000780,O'Sullivan Plantations 2-Door Library in Landvery Oak,Furniture,Bookcases,19,2709.8968,-562.744,C,Y,LEAN - order to demand,1.5833333333333333,3.0,4.0,6.0,MINIMISE STOCK
FUR-TA-10004154,"Riverside Furniture Oval Coffee Table, Oval End Table, End Table with Drawer",Furniture,Tables,13,416.17,-556.489,C,Z,OBSOLETE-RISK - minimise/phase out,1.0833333333333333,7.0,8.0,10.0,REVIEW / PHASE-OUT
FUR-FU-10003806,"Tenex Chairmat w/ Average Lip, 45"" x 53""",Furniture,Furnishings,19,2058.496,-529.76,C,X,LEAN - keep minimal base stock,1.5833333333333333,2.0,3.0,5.0,MINIMISE STOCK
OFF-BI-10003527,Fellowes PB500 Electric Punch Plastic Comb Binding Machine with Manual Bind,Office Supplies,Binders,16,9756.524000000001,-508.3960000000002,C,Y,LEAN - order to demand,1.3333333333333333,2.0,3.0,5.0,MINIMISE STOCK
FUR-CH-10003312,Hon 2090 “Pillow Soft” Series Mid Back Swivel/Tilt Chairs,Furniture,Chairs,10,2209.448,-477.666,C,X,LEAN - keep minimal base stock,0.8333333333333334,2.0,3.0,4.0,MINIMISE STOCK
OFF-BI-10004584,GBC ProClick 150 Presentation Binding System,Office Supplies,Binders,22,3295.996,-461.3308,C,Y,LEAN - order to demand,1.8333333333333333,3.0,4.0,6.0,MINIMISE STOCK
FUR-TA-10002356,Bevis Boat-Shaped Conference Table,Furniture,Tables,9,1613.238,-272.5944,C,X,LEAN - keep minimal base stock,0.75,1.0,2.0,3.0,MINIMISE STOCK
TEC-PH-10000148,Cyber Acoustics AC-202b Speech Recognition Stereo Headset,Technology,Phones,11,320.508,-20.5242,C,Y,LEAN - order to demand,0.9166666666666666,2.0,3.0,4.0,MINIMISE STOCK
TEC-MA-10001856,Okidata C610n Printer,Technology,Machines,2,665.0,-272.58,C,Z,OBSOLETE-RISK - minimise/phase out,0.16666666666666666,1.0,2.0,3.0,REVIEW / PHASE-OUT
OFF-ST-10002743,SAFCO Boltless Steel Shelving,Office Supplies,Storage,33,3526.656,-257.9628,C,X,LEAN - keep minimal base stock,2.75,3.0,4.0,7.0,MINIMISE STOCK
FUR-CH-10000225,"Global Geo Office Task Chair, Gray",Furniture,Chairs,14,1232.172,-153.862,C,Y,LEAN - order to demand,1.1666666666666667,3.0,4.0,6.0,MINIMISE STOCK
FUR-CH-10004860,Global Low Back Tilter Chair,Furniture,Chairs,15,1353.348,-151.47,C,X,LEAN - keep minimal base stock,1.25,2.0,3.0,5.0,MINIMISE STOCK
FUR-CH-10001190,Global Deluxe High-Back Office Chair in Storm,Furniture,Chairs,10,1112.92,-149.589,C,X,LEAN - keep minimal base stock,0.8333333333333334,1.0,2.0,3.0,MINIMISE STOCK
FUR-BO-10003893,Sauder Camden County Collection Library,Furniture,Bookcases,10,81.864,-137.976,C,Z,OBSOLETE-RISK - minimise/phase out,0.8333333333333334,1.0,2.0,3.0,REVIEW / PHASE-OUT
FUR-BO-10001601,"Sauder Mission Library with Doors, Fruitwood Finish",Furniture,Bookcases,8,782.5311999999999,-136.2192,C,Z,OBSOLETE-RISK - minimise/phase out,0.6666666666666666,4.0,5.0,6.0,REVIEW / PHASE-OUT
OFF-AP-10001947,Acco 6 Outlet Guardian Premium Plus Surge Suppressor,Office Supplies,Appliances,27,764.1759999999999,-135.01839999999999,C,X,LEAN - keep minimal base stock,2.25,2.0,3.0,6.0,MINIMISE STOCK
FUR-FU-10003773,Eldon Cleatmat Plus Chair Mats for High Pile Carpets,Furniture,Furnishings,12,715.68,-133.5936,C,X,LEAN - keep minimal base stock,1.0,1.0,2.0,3.0,MINIMISE STOCK
FUR-TA-10004607,Hon 2111 Invitation Series Straight Table,Furniture,Tables,10,1138.376,-133.047,C,X,LEAN - keep minimal base stock,0.8333333333333334,2.0,3.0,4.0,MINIMISE STOCK
OFF-ST-10003656,Safco Industrial Wire Shelving,Office Supplies,Storage,8,695.336,-130.5464,C,X,LEAN - keep minimal base stock,0.6666666666666666,1.0,2.0,3.0,MINIMISE STOCK
FUR-TA-10002622,"Bush Andora Conference Table, Maple/Graphite Gray Finish",Furniture,Tables,10,1204.664,-153.882,C,Y,LEAN - order to demand,0.8333333333333334,2.0,3.0,4.0,MINIMISE STOCK
FUR-CH-10003396,Global Deluxe Steno Chair,Furniture,Chairs,21,1425.66,-130.0962,C,X,LEAN - keep minimal base stock,1.75,1.0,2.0,4.0,MINIMISE STOCK
OFF-ST-10001418,Carina Media Storage Towers in Natural & Black,Office Supplies,Storage,15,885.348,-128.058,C,X,LEAN - keep minimal base stock,1.25,1.0,2.0,4.0,MINIMISE STOCK
FUR-TA-10001676,Hon 61000 Series Interactive Training Tables,Furniture,Tables,19,819.261,-127.9584,C,X,LEAN - keep minimal base stock,1.5833333333333333,1.0,2.0,4.0,MINIMISE STOCK
FUR-TA-10003569,Bretford CR8500 Series Meeting Room Furniture,Furniture,Tables,12,3488.526,-120.29400000000001,C,Y,LEAN - order to demand,1.0,4.0,5.0,6.0,MINIMISE STOCK
OFF-AP-10000055,Belkin F9S820V06 8 Outlet Surge,Office Supplies,Appliances,17,480.33599999999996,-120.17599999999999,C,Y,LEAN - order to demand,1.4166666666666667,3.0,4.0,6.0,MINIMISE STOCK
TEC-PH-10004667,Cisco 8x8 Inc. 6753i IP Business Phone System,Technology,Phones,13,1179.914,-120.1411,C,Y,LEAN - order to demand,1.0833333333333333,3.0,4.0,6.0,MINIMISE STOCK
FUR-BO-10000112,"Bush Birmingham Collection Bookcase, Dark Cherry",Furniture,Bookcases,9,843.174,-117.882,C,Z,OBSOLETE-RISK - minimise/phase out,0.75,1.0,2.0,3.0,REVIEW / PHASE-OUT
FUR-CH-10004289,Global Super Steno Chair,Furniture,Chairs,17,1298.142,-116.1358,C,Y,LEAN - order to demand,1.4166666666666667,3.0,4.0,6.0,MINIMISE STOCK
TEC-PH-10003963,GE 2-Jack Phone Line Splitter,Technology,Phones,4,494.376,-115.3544,C,Z,OBSOLETE-RISK - minimise/phase out,0.3333333333333333,1.0,2.0,3.0,REVIEW / PHASE-OUT
FUR-TA-10003469,Balt Split Level Computer Training Table,Furniture,Tables,3,309.875,-113.77499999999999,C,X,LEAN - keep minimal base stock,0.25,1.0,2.0,3.0,MINIMISE STOCK
TEC-AC-10002637,Logitech VX Revolution Cordless Laser Mouse for Notebooks (Black),Technology,Accessories,8,1223.932,-129.59279999999998,C,X,LEAN - keep minimal base stock,0.6666666666666666,1.0,2.0,3.0,MINIMISE STOCK
FUR-BO-10000468,O'Sullivan 2-Shelf Heavy-Duty Bookcases,Furniture,Bookcases,13,722.066,-156.42759999999998,C,Y,LEAN - order to demand,1.0833333333333333,3.0,4.0,6.0,MINIMISE STOCK
FUR-TA-10001095,Chromcraft Round Conference Tables,Furniture,Tables,59,8080.053,-158.60389999999998,C,Y,LEAN - order to demand,4.916666666666667,4.0,6.0,11.0,MINIMISE STOCK
FUR-BO-10003546,Hon 4-Shelf Metal Bookcases,Furniture,Bookcases,16,1137.192,-161.56800000000004,C,X,LEAN - keep minimal base stock,1.3333333333333333,2.0,3.0,5.0,MINIMISE STOCK
OFF-BI-10004224,Catalog Binders with Expanding Posts,Office Supplies,Binders,16,483.4,-255.66400000000002,C,Y,LEAN - order to demand,1.3333333333333333,3.0,4.0,6.0,MINIMISE STOCK
TEC-MA-10003337,Okidata B401 Printer,Technology,Machines,3,179.991,-251.9874,C,Z,OBSOLETE-RISK - minimise/phase out,0.25,1.0,2.0,3.0,REVIEW / PHASE-OUT
FUR-CH-10002880,"Global High-Back Leather Tilter, Burgundy",Furniture,Chairs,27,2529.78,-249.66969999999998,C,Y,LEAN - order to demand,2.25,3.0,4.0,7.0,MINIMISE STOCK
FUR-BO-10004357,O'Sullivan Living Dimensions 3-Shelf Bookcases,Furniture,Bookcases,3,301.47,-241.176,C,Z,OBSOLETE-RISK - minimise/phase out,0.25,1.0,2.0,3.0,REVIEW / PHASE-OUT
FUR-TA-10000849,Bevis Rectangular Conference Tables,Furniture,Tables,6,523.332,-239.40720000000002,C,X,LEAN - keep minimal base stock,0.5,2.0,3.0,4.0,MINIMISE STOCK
OFF-BI-10002429,"Premier Elliptical Ring Binder, Black",Office Supplies,Binders,28,471.08,-230.1264,C,Y,LEAN - order to demand,2.3333333333333335,4.0,5.0,8.0,MINIMISE STOCK
FUR-CH-10000513,High-Back Leather Manager's Chair,Furniture,Chairs,15,1623.8809999999999,-227.4825,C,X,LEAN - keep minimal base stock,1.25,2.0,3.0,5.0,MINIMISE STOCK
FUR-TA-10002607,KI Conference Tables,Furniture,Tables,15,729.4549999999999,-219.75900000000001,C,Y,LEAN - order to demand,1.25,2.0,3.0,5.0,MINIMISE STOCK
TEC-PH-10000038,Jawbone MINI JAMBOX Wireless Bluetooth Speaker,Technology,Phones,10,1175.8400000000001,-219.168,C,X,LEAN - keep minimal base stock,0.8333333333333334,2.0,3.0,4.0,MINIMISE STOCK
FUR-CH-10001973,Office Star Flex Back Scooter Chair with White Frame,Furniture,Chairs,16,1395.564,-217.5208,C,X,LEAN - keep minimal base stock,1.3333333333333333,1.0,2.0,4.0,MINIMISE STOCK
FUR-TA-10003715,Hon 2111 Invitation Series Corner Table,Furniture,Tables,3,376.866,-213.5574,C,Z,OBSOLETE-RISK - minimise/phase out,0.25,1.0,2.0,3.0,REVIEW / PHASE-OUT
FUR-TA-10002774,Laminate Occasional Tables,Furniture,Tables,15,1726.256,-192.6625,C,X,LEAN - keep minimal base stock,1.25,1.0,2.0,4.0,MINIMISE STOCK
FUR-BO-10001567,"Bush Westfield Collection Bookcases, Dark Cherry Finish, Fully Assembled",Furniture,Bookcases,3,90.882,-190.8522,C,Z,OBSOLETE-RISK - minimise/phase out,0.25,1.0,2.0,3.0,REVIEW / PHASE-OUT
FUR-TA-10004442,Riverside Furniture Stanwyck Manor Table Series,Furniture,Tables,2,372.22,-189.321,C,Z,OBSOLETE-RISK - minimise/phase out,0.16666666666666666,1.0,2.0,3.0,REVIEW / PHASE-OUT
FUR-CH-10001482,Office Star - Mesh Screen back chair with Vinyl seat,Furniture,Chairs,10,1074.35,-183.372,C,Y,LEAN - order to demand,0.8333333333333334,4.0,5.0,6.0,MINIMISE STOCK
OFF-AP-10004233,Honeywell Enviracaire Portable Air Cleaner for up to 8 x 10 Room,Office Supplies,Appliances,9,299.20799999999997,-177.22320000000002,C,X,LEAN - keep minimal base stock,0.75,2.0,3.0,4.0,MINIMISE STOCK
FUR-BO-10004834,"Riverside Palais Royal Lawyers Bookcase, Royale Cherry Finish",Furniture,Bookcases,6,3906.9316,-176.19600000000003,C,X,LEAN - keep minimal base stock,0.5,2.0,3.0,4.0,MINIMISE STOCK
OFF-ST-10004459,Tennsco Single-Tier Lockers,Office Supplies,Storage,15,5719.692,-168.90299999999996,C,X,LEAN - keep minimal base stock,1.25,2.0,3.0,5.0,MINIMISE STOCK
TEC-MA-10001681,Lexmark MarkNet N8150 Wireless Print Server,Technology,Machines,2,264.17,-168.819,C,Z,OBSOLETE-RISK - minimise/phase out,0.16666666666666666,1.0,2.0,3.0,REVIEW / PHASE-OUT
FUR-FU-10002116,"Tenex Carpeted, Granite-Look or Clear Contemporary Contour Shape Chair Mats",Furniture,Furnishings,9,447.26,-167.5827,C,X,LEAN - keep minimal base stock,0.75,1.0,2.0,3.0,MINIMISE STOCK
TEC-MA-10003589,Cisco 8961 IP Phone Charcoal,Technology,Machines,3,224.937,-164.9538,C,Z,OBSOLETE-RISK - minimise/phase out,0.25,1.0,2.0,3.0,REVIEW / PHASE-OUT
FUR-TA-10002903,"Bevis Round Bullnose 29"" High Table Top",Furniture,Tables,7,692.753,-264.9042,C,Z,OBSOLETE-RISK - minimise/phase out,0.5833333333333334,3.0,4.0,5.0,REVIEW / PHASE-OUT
OFF-FA-10001229,Staples,Office Supplies,Fasteners,3,92.432,3.0654,C,Z,OBSOLETE-RISK - minimise/phase out,0.25,1.0,2.0,3.0,REVIEW / PHASE-OUT
TEC-MA-10000752,Texas Instrument TI-15 Fraction Calculator,Technology,Machines,8,41.905,-20.519,C,Z,OBSOLETE-RISK - minimise/phase out,0.6666666666666666,4.0,5.0,6.0,REVIEW / PHASE-OUT
TEC-PH-10004897,Mediabridge Sport Armband iPhone 5s,Technology,Phones,17,235.852,-20.2797,C,X,LEAN - keep minimal base stock,1.4166666666666667,2.0,3.0,5.0,MINIMISE STOCK
OFF-FA-10000840,OIC Thumb-Tacks,Office Supplies,Fasteners,2,71.824,0.6156,C,Z,OBSOLETE-RISK - minimise/phase out,0.16666666666666666,1.0,2.0,3.0,REVIEW / PHASE-OUT
TEC-PH-10003655,Sannysis Cute Owl Design Soft Skin Case Cover for Samsung Galaxy S4,Technology,Phones,5,89.92,0.693,C,Z,OBSOLETE-RISK - minimise/phase out,0.4166666666666667,1.0,2.0,3.0,REVIEW / PHASE-OUT
OFF-ST-10002486,Eldon Shelf Savers Cubes and Bins,Office Supplies,Storage,25,412.708,0.6980000000000001,C,Y,LEAN - order to demand,2.0833333333333335,4.0,5.0,8.0,MINIMISE STOCK
OFF-AR-10003190,Newell 32,Office Supplies,Art,1,2.88,0.8064,C,Z,OBSOLETE-RISK - minimise/phase out,0.08333333333333333,1.0,2.0,3.0,REVIEW / PHASE-OUT
OFF-BI-10004528,Cardinal Poly Pocket Divider Pockets for Ring Binders,Office Supplies,Binders,1,118.688,0.84,C,Z,OBSOLETE-RISK - minimise/phase out,0.08333333333333333,1.0,2.0,3.0,REVIEW / PHASE-OUT
OFF-LA-10002381,Avery 497,Office Supplies,Labels,1,124.464,0.8624,C,Z,OBSOLETE-RISK - minimise/phase out,0.08333333333333333,1.0,2.0,3.0,REVIEW / PHASE-OUT
OFF-SU-10003567,Stiletto Hand Letter Openers,Office Supplies,Supplies,3,28.8,0.864,C,Z,OBSOLETE-RISK - minimise/phase out,0.25,1.0,2.0,3.0,REVIEW / PHASE-OUT
OFF-AR-10004707,Staples in misc. colors,Office Supplies,Art,1,373.48,0.868,C,Z,OBSOLETE-RISK - minimise/phase out,0.08333333333333333,1.0,2.0,3.0,REVIEW / PHASE-OUT
TEC-AC-10003709,Maxell 4.7GB DVD-R 5/Pack,Technology,Accessories,3,236.574,0.9108,C,X,LEAN - keep minimal base stock,0.25,1.0,2.0,3.0,MINIMISE STOCK
OFF-AR-10000896,Newell 329,Office Supplies,Art,3,7.872,0.5904,C,Z,OBSOLETE-RISK - minimise/phase out,0.25,1.0,2.0,3.0,REVIEW / PHASE-OUT
OFF-ST-10000617,Woodgrain Magazine Files by Perma,Office Supplies,Storage,16,124.29599999999999,0.9535999999999997,C,Y,LEAN - order to demand,1.3333333333333333,2.0,3.0,5.0,MINIMISE STOCK
OFF-BI-10004022,Acco Suede Grain Vinyl Round Ring Binder,Office Supplies,Binders,21,470.52599999999995,1.0008,C,Y,LEAN - order to demand,1.75,3.0,4.0,6.0,MINIMISE STOCK
OFF-ST-10003572,Portfile Personal File Boxes,Office Supplies,Storage,1,14.16,1.062,C,Z,OBSOLETE-RISK - minimise/phase out,0.08333333333333333,1.0,2.0,3.0,REVIEW / PHASE-OUT
OFF-BI-10002432,Wilson Jones Standard D-Ring Binders,Office Supplies,Binders,13,291.926,1.0626000000000002,C,X,LEAN - keep minimal base stock,1.0833333333333333,2.0,3.0,5.0,MINIMISE STOCK
OFF-FA-10001883,"Alliance Super-Size Bands, Assorted Sizes",Office Supplies,Fasteners,15,116.7,1.167,C,Y,LEAN - order to demand,1.25,6.0,7.0,9.0,MINIMISE STOCK
OFF-AR-10003958,Newell 337,Office Supplies,Art,4,133.49599999999998,1.1808,C,X,LEAN - keep minimal base stock,0.3333333333333333,0.0,1.0,2.0,MINIMISE STOCK
OFF-LA-10002368,Avery 479,Office Supplies,Labels,1,2.61,1.2006,C,Z,OBSOLETE-RISK - minimise/phase out,0.08333333333333333,1.0,2.0,3.0,REVIEW / PHASE-OUT
FUR-CH-10002304,"Global Stack Chair without Arms, Black",Furniture,Chairs,29,583.364,1.2989999999999995,C,Y,LEAN - order to demand,2.4166666666666665,5.0,6.0,9.0,MINIMISE STOCK
OFF-FA-10003021,Staples,Office Supplies,Fasteners,2,106.76,1.316,C,Z,OBSOLETE-RISK - minimise/phase out,0.16666666666666666,1.0,2.0,3.0,REVIEW / PHASE-OUT
OFF-BI-10004876,Wilson Jones Suede Grain Vinyl Binders,Office Supplies,Binders,1,73.78,1.3622,C,Z,OBSOLETE-RISK - minimise/phase out,0.08333333333333333,1.0,2.0,3.0,REVIEW / PHASE-OUT
OFF-BI-10002571,"Avery Framed View Binder, EZD Ring (Locking), Navy, 1 1/2""",Office Supplies,Binders,10,226.892,0.9980000000000011,C,Y,LEAN - order to demand,0.8333333333333334,2.0,3.0,4.0,MINIMISE STOCK
OFF-AR-10002833,Newell 322,Office Supplies,Art,5,118.008,1.365,C,X,LEAN - keep minimal base stock,0.4166666666666667,1.0,2.0,3.0,MINIMISE STOCK
OFF-FA-10004838,"Super Bands, 12/Pack",Office Supplies,Fasteners,10,213.6,0.558,C,Y,LEAN - order to demand,0.8333333333333334,3.0,4.0,5.0,MINIMISE STOCK
OFF-FA-10002701,Alliance Rubber Bands,Office Supplies,Fasteners,5,619.4,0.336,C,Z,OBSOLETE-RISK - minimise/phase out,0.4166666666666667,1.0,2.0,3.0,REVIEW / PHASE-OUT
OFF-AP-10003278,Belkin 7-Outlet SurgeMaster Home Series,Office Supplies,Appliances,9,394.202,-0.838200000000001,C,X,LEAN - keep minimal base stock,0.75,0.0,1.0,2.0,MINIMISE STOCK
OFF-FA-10004968,Rubber Band Ball,Office Supplies,Fasteners,9,852.164,-0.8228,C,X,LEAN - keep minimal base stock,0.75,1.0,2.0,3.0,MINIMISE STOCK
OFF-FA-10003472,Bagged Rubber Bands,Office Supplies,Fasteners,14,3492.6140000000005,-0.8064,C,X,LEAN - keep minimal base stock,1.1666666666666667,2.0,3.0,5.0,MINIMISE STOCK
TEC-AC-10003441,Kingston Digital DataTraveler 32GB USB 2.0,Technology,Accessories,16,680.25,-0.6780000000000004,C,Y,LEAN - order to demand,1.3333333333333333,2.0,3.0,5.0,MINIMISE STOCK
OFF-AP-10002906,Hoover Replacement Belt for Commercial Guardsman Heavy-Duty Upright Vacuum,Office Supplies,Appliances,2,221.664,-0.44400000000000006,C,X,LEAN - keep minimal base stock,0.16666666666666666,0.0,1.0,2.0,MINIMISE STOCK
OFF-BI-10001617,GBC Wire Binding Combs,Office Supplies,Binders,11,574.972,-0.31019999999999825,C,Y,LEAN - order to demand,0.9166666666666666,2.0,3.0,4.0,MINIMISE STOCK
TEC-AC-10004877,Imation 30456 USB Flash Drive 8GB,Technology,Accessories,7,44.16,-0.2759999999999998,C,X,LEAN - keep minimal base stock,0.5833333333333334,1.0,2.0,3.0,MINIMISE STOCK
OFF-BI-10003350,Acco Expandable Hanging Binders,Office Supplies,Binders,6,129.416,-0.2551999999999994,C,X,LEAN - keep minimal base stock,0.5,2.0,3.0,4.0,MINIMISE STOCK
OFF-FA-10004395,Plymouth Boxed Rubber Bands by Plymouth,Office Supplies,Fasteners,11,362.984,-0.23550000000000004,C,X,LEAN - keep minimal base stock,0.9166666666666666,1.0,2.0,3.0,MINIMISE STOCK
TEC-AC-10002380,Sony 8GB Class 10 Micro SDHC R40 Memory Card,Technology,Accessories,3,103.192,0.3399,C,Z,OBSOLETE-RISK - minimise/phase out,0.25,1.0,2.0,3.0,REVIEW / PHASE-OUT
OFF-BI-10001757,Pressboard Hanging Data Binders for Unburst Sheets,Office Supplies,Binders,32,1291.672,-0.19680000000000142,C,Y,LEAN - order to demand,2.6666666666666665,2.0,3.0,6.0,MINIMISE STOCK
OFF-SU-10003505,Premier Electric Letter Opener,Office Supplies,Supplies,24,2149.6079999999997,-7.105427357601002e-15,C,Y,LEAN - order to demand,2.0,2.0,3.0,5.0,MINIMISE STOCK
OFF-BI-10002353,GBC VeloBind Cover Sets,Office Supplies,Binders,32,558.04,0.0,C,X,LEAN - keep minimal base stock,2.6666666666666665,2.0,3.0,6.0,MINIMISE STOCK
OFF-FA-10003467,"Alliance Big Bands Rubber Bands, 12/Pack",Office Supplies,Fasteners,10,19.8,0.0,C,Y,LEAN - order to demand,0.8333333333333334,3.0,4.0,5.0,MINIMISE STOCK
OFF-ST-10003324,Belkin OmniView SE Rackmount Kit,Office Supplies,Storage,7,338.36,0.0,C,Z,OBSOLETE-RISK - minimise/phase out,0.5833333333333334,3.0,4.0,5.0,REVIEW / PHASE-OUT
OFF-ST-10001097,Office Impressions Heavy Duty Welded Shelving & Multimedia Storage Drawers,Office Supplies,Storage,12,1862.2399999999998,0.0,C,X,LEAN - keep minimal base stock,1.0,2.0,3.0,4.0,MINIMISE STOCK
FUR-TA-10004086,KI Adjustable-Height Table,Furniture,Tables,15,1048.9660000000001,8.881784197001252e-16,C,X,LEAN - keep minimal base stock,1.25,1.0,2.0,4.0,MINIMISE STOCK
OFF-SU-10003002,Letter Slitter,Office Supplies,Supplies,2,5.04,0.1512,C,Z,OBSOLETE-RISK - minimise/phase out,0.16666666666666666,1.0,2.0,3.0,REVIEW / PHASE-OUT
OFF-SU-10002189,Acme Rosewood Handle Letter Opener,Office Supplies,Supplies,4,15.88,0.1588,C,Z,OBSOLETE-RISK - minimise/phase out,0.3333333333333333,1.0,2.0,3.0,REVIEW / PHASE-OUT
OFF-FA-10001135,"Brites Rubber Bands, 1 1/2 oz. Box",Office Supplies,Fasteners,5,134.9,0.198,C,X,LEAN - keep minimal base stock,0.4166666666666667,1.0,2.0,3.0,MINIMISE STOCK
OFF-BI-10002393,Binder Posts,Office Supplies,Binders,13,353.18,-0.11480000000000068,C,X,LEAN - keep minimal base stock,1.0833333333333333,1.0,2.0,4.0,MINIMISE STOCK
OFF-BI-10001634,Wilson Jones Active Use Binders,Office Supplies,Binders,11,238.22400000000002,1.3832000000000004,C,X,LEAN - keep minimal base stock,0.9166666666666666,1.0,2.0,3.0,MINIMISE STOCK
TEC-AC-10002217,Imation Clip USB flash drive - 8 GB,Technology,Accessories,18,345.6,1.5039999999999996,C,Y,LEAN - order to demand,1.5,2.0,3.0,5.0,MINIMISE STOCK
FUR-FU-10002506,"Tensor ""Hersey Kiss"" Styled Floor Lamp",Furniture,Furnishings,1,106.99,1.5588,C,Z,OBSOLETE-RISK - minimise/phase out,0.08333333333333333,1.0,2.0,3.0,REVIEW / PHASE-OUT
OFF-AR-10000823,Newell 307,Office Supplies,Art,10,421.652,2.548,C,Y,LEAN - order to demand,0.8333333333333334,3.0,4.0,5.0,MINIMISE STOCK
FUR-FU-10003981,Eldon Wave Desk Accessories,Furniture,Furnishings,3,113.24,2.6208,C,Z,OBSOLETE-RISK - minimise/phase out,0.25,1.0,2.0,3.0,REVIEW / PHASE-OUT
OFF-AR-10003772,Boston 16750 Black Compact Battery Pencil Sharpener,Office Supplies,Art,1,8.75,2.625,C,Z,OBSOLETE-RISK - minimise/phase out,0.08333333333333333,1.0,2.0,3.0,REVIEW / PHASE-OUT
FUR-FU-10001852,"Eldon Regeneration Recycled Desk Accessories, Smoke",Furniture,Furnishings,6,108.744,2.6448,C,X,LEAN - keep minimal base stock,0.5,2.0,3.0,4.0,MINIMISE STOCK
OFF-ST-10004835,Plastic Stacking Crates & Casters,Office Supplies,Storage,8,373.712,2.6784,C,X,LEAN - keep minimal base stock,0.6666666666666666,1.0,2.0,3.0,MINIMISE STOCK
OFF-PA-10003919,Xerox 1989,Office Supplies,Paper,2,117.968,2.6892,C,Z,OBSOLETE-RISK - minimise/phase out,0.16666666666666666,1.0,2.0,3.0,REVIEW / PHASE-OUT
OFF-AR-10003477,4009 Highlighters,Office Supplies,Art,6,8.04,2.7336,C,Z,OBSOLETE-RISK - minimise/phase out,0.5,1.0,2.0,3.0,REVIEW / PHASE-OUT
OFF-AR-10003217,Newell 316,Office Supplies,Art,7,27.384,2.7384,C,Z,OBSOLETE-RISK - minimise/phase out,0.5833333333333334,1.0,2.0,3.0,REVIEW / PHASE-OUT
OFF-ST-10001505,"Perma STOR-ALL Hanging File Box, 13 1/8""W x 12 1/4""D x 10 1/2""H",Office Supplies,Storage,11,57.408,2.8106,C,Y,LEAN - order to demand,0.9166666666666666,3.0,4.0,5.0,MINIMISE STOCK
OFF-BI-10004040,Wilson Jones Impact Binders,Office Supplies,Binders,21,656.016,2.5382000000000016,C,Y,LEAN - order to demand,1.75,2.0,3.0,5.0,MINIMISE STOCK
OFF-LA-10003388,Avery 5,Office Supplies,Labels,2,94.76,2.8224,C,Z,OBSOLETE-RISK - minimise/phase out,0.16666666666666666,1.0,2.0,3.0,REVIEW / PHASE-OUT
OFF-AR-10004974,Newell 342,Office Supplies,Art,3,9.84,2.8536,C,Z,OBSOLETE-RISK - minimise/phase out,0.25,1.0,2.0,3.0,REVIEW / PHASE-OUT
OFF-FA-10003059,Assorted Color Push Pins,Office Supplies,Fasteners,6,526.136,2.8598000000000003,C,X,LEAN - keep minimal base stock,0.5,0.0,1.0,2.0,MINIMISE STOCK
OFF-AR-10002053,"Premium Writing Pencils, Soft, #2 by Central Association for the Blind",Office Supplies,Art,7,215.88,2.8608000000000002,C,X,LEAN - keep minimal base stock,0.5833333333333334,1.0,2.0,3.0,MINIMISE STOCK
OFF-ST-10003221,Staple magnet,Office Supplies,Storage,1,216.68,2.8836,C,Z,OBSOLETE-RISK - minimise/phase out,0.08333333333333333,1.0,2.0,3.0,REVIEW / PHASE-OUT
TEC-AC-10001553,"Memorex 25GB 6X Branded Blu-Ray Recordable Disc, 15/Pack",Technology,Accessories,17,370.06399999999996,2.8883,C,Y,LEAN - order to demand,1.4166666666666667,3.0,4.0,6.0,MINIMISE STOCK
OFF-PA-10001243,Xerox 1983,Office Supplies,Paper,1,5.98,2.9302,C,Z,OBSOLETE-RISK - minimise/phase out,0.08333333333333333,1.0,2.0,3.0,REVIEW / PHASE-OUT
OFF-SU-10002522,Acme Kleen Earth Office Shears,Office Supplies,Supplies,4,100.968,2.9488,C,X,LEAN - keep minimal base stock,0.3333333333333333,0.0,1.0,2.0,MINIMISE STOCK
TEC-AC-10003433,Maxell 4.7GB DVD+R 5/Pack,Technology,Accessories,8,212.32600000000002,2.97,C,X,LEAN - keep minimal base stock,0.6666666666666666,1.0,2.0,3.0,MINIMISE STOCK
OFF-AR-10004790,Staples in misc. colors,Office Supplies,Art,5,270.88,2.9925,C,X,LEAN - keep minimal base stock,0.4166666666666667,1.0,2.0,3.0,MINIMISE STOCK
OFF-AR-10002467,Dixon Ticonderoga Pencils,Office Supplies,Art,5,95.708,2.8310000000000004,C,X,LEAN - keep minimal base stock,0.4166666666666667,1.0,2.0,3.0,MINIMISE STOCK
TEC-AC-10002370,Maxell CD-R Discs,Technology,Accessories,4,86.88,2.5216,C,Z,OBSOLETE-RISK - minimise/phase out,0.3333333333333333,1.0,2.0,3.0,REVIEW / PHASE-OUT
OFF-BI-10004967,Round Ring Binders,Office Supplies,Binders,23,27.872,2.5167999999999995,C,Y,LEAN - order to demand,1.9166666666666667,4.0,5.0,7.0,MINIMISE STOCK
OFF-AR-10002221,12 Colored Short Pencils,Office Supplies,Art,5,119.96,2.4699999999999998,C,X,LEAN - keep minimal base stock,0.4166666666666667,1.0,2.0,3.0,MINIMISE STOCK
OFF-AR-10001972,Newell 323,Office Supplies,Art,9,166.768,1.5792000000000002,C,Y,LEAN - order to demand,0.75,3.0,4.0,5.0,MINIMISE STOCK
OFF-AR-10000369,Design Ebony Sketching Pencil,Office Supplies,Art,9,506.842,1.5846,C,X,LEAN - keep minimal base stock,0.75,2.0,3.0,4.0,MINIMISE STOCK
OFF-AR-10004165,"Binney & Smith inkTank Erasable Pocket Highlighter, Chisel Tip, Yellow",Office Supplies,Art,3,5.472,1.6416,C,Z,OBSOLETE-RISK - minimise/phase out,0.25,1.0,2.0,3.0,REVIEW / PHASE-OUT
FUR-FU-10002191,G.E. Halogen Desk Lamp Bulbs,Furniture,Furnishings,3,125.56400000000001,1.6752,C,X,LEAN - keep minimal base stock,0.25,1.0,2.0,3.0,MINIMISE STOCK
FUR-FU-10001867,"Eldon Expressions Punched Metal & Wood Desk Accessories, Pewter & Cherry",Furniture,Furnishings,2,88.024,1.7024,C,Z,OBSOLETE-RISK - minimise/phase out,0.16666666666666666,1.0,2.0,3.0,REVIEW / PHASE-OUT
TEC-AC-10002558,Imation Swivel Flash Drive USB flash drive - 8 GB,Technology,Accessories,1,105.096,1.7055,C,Z,OBSOLETE-RISK - minimise/phase out,0.08333333333333333,1.0,2.0,3.0,REVIEW / PHASE-OUT
FUR-FU-10001196,DAX Cubicle Frames - 8x10,Furniture,Furnishings,15,259.31600000000003,1.7309999999999985,C,Y,LEAN - order to demand,1.25,2.0,3.0,5.0,MINIMISE STOCK
OFF-AR-10001022,SANFORD Liquid Accent Tank-Style Highlighters,Office Supplies,Art,2,95.68,1.7608,C,Z,OBSOLETE-RISK - minimise/phase out,0.16666666666666666,1.0,2.0,3.0,REVIEW / PHASE-OUT
OFF-SU-10004290,"Acme Design Line 8"" Stainless Steel Bent Scissors w/Champagne Handles, 3-1/8"" Cut",Office Supplies,Supplies,1,6.84,1.8468,C,Z,OBSOLETE-RISK - minimise/phase out,0.08333333333333333,1.0,2.0,3.0,REVIEW / PHASE-OUT
OFF-BI-10002012,Wilson Jones Easy Flow II Sheet Lifters,Office Supplies,Binders,32,906.04,2.0879999999999996,C,Y,LEAN - order to demand,2.6666666666666665,3.0,4.0,7.0,MINIMISE STOCK
TEC-PH-10002844,Speck Products Candyshell Flip Case,Technology,Phones,1,115.992,2.0994,C,Z,OBSOLETE-RISK - minimise/phase out,0.08333333333333333,1.0,2.0,3.0,REVIEW / PHASE-OUT
FUR-FU-10001546,Dana Swing-Arm Lamps,Furniture,Furnishings,4,117.17599999999999,2.136,C,X,LEAN - keep minimal base stock,0.3333333333333333,0.0,1.0,2.0,MINIMISE STOCK
OFF-FA-10002676,Colored Push Pins,Office Supplies,Fasteners,5,87.964,2.1719999999999997,C,Y,LEAN - order to demand,0.4166666666666667,1.0,2.0,3.0,MINIMISE STOCK
OFF-SU-10001212,Kleencut Forged Office Shears by Acme United Corporation,Office Supplies,Supplies,5,98.568,2.2880000000000003,C,X,LEAN - keep minimal base stock,0.4166666666666667,1.0,2.0,3.0,MINIMISE STOCK
OFF-PA-10004000,"While You Were Out Pads, 50 per Pad, 4 x 5 1/4, Green Cycle",Office Supplies,Paper,1,4.73,2.3177,C,Z,OBSOLETE-RISK - minimise/phase out,0.08333333333333333,1.0,2.0,3.0,REVIEW / PHASE-OUT
OFF-FA-10000490,"OIC Binder Clips, Mini, 1/4"" Capacity, Black",Office Supplies,Fasteners,4,87.96,2.3312,C,Z,OBSOLETE-RISK - minimise/phase out,0.3333333333333333,1.0,2.0,3.0,REVIEW / PHASE-OUT
OFF-AR-10000127,Newell 321,Office Supplies,Art,8,97.992,2.3616,C,Z,OBSOLETE-RISK - minimise/phase out,0.6666666666666666,1.0,2.0,3.0,REVIEW / PHASE-OUT
OFF-EN-10001535,Grip Seal Envelopes,Office Supplies,Envelopes,2,7.072,2.3868,C,Z,OBSOLETE-RISK - minimise/phase out,0.16666666666666666,1.0,2.0,3.0,REVIEW / PHASE-OUT
OFF-ST-10000419,"Rogers Jumbo File, Granite",Office Supplies,Storage,18,341.44,2.4444,C,Y,LEAN - order to demand,1.5,2.0,3.0,5.0,MINIMISE STOCK
OFF-AR-10000475,"Hunt BOSTON Vista Battery-Operated Pencil Sharpener, Black",Office Supplies,Art,3,27.983999999999998,2.4486,C,X,LEAN - keep minimal base stock,0.25,1.0,2.0,3.0,MINIMISE STOCK
OFF-AR-10003903,Sanford 52201 APSCO Electric Pencil Sharpener,Office Supplies,Art,1,93.776,2.4582,C,Z,OBSOLETE-RISK - minimise/phase out,0.08333333333333333,1.0,2.0,3.0,REVIEW / PHASE-OUT
OFF-SU-10000432,Acco Side-Punched Conventional Columnar Pads,Office Supplies,Supplies,2,103.552,-1.041,C,Z,OBSOLETE-RISK - minimise/phase out,0.16666666666666666,1.0,2.0,3.0,REVIEW / PHASE-OUT
FUR-FU-10001379,"Executive Impressions 16-1/2"" Circular Wall Clock",Furniture,Furnishings,4,164.784,-1.0687999999999995,C,Y,LEAN - order to demand,0.3333333333333333,2.0,3.0,4.0,MINIMISE STOCK
FUR-FU-10000193,Tenex Chairmats For Use with Hard Floors,Furniture,Furnishings,7,263.87199999999996,-1.2992000000000008,C,X,LEAN - keep minimal base stock,0.5833333333333334,1.0,2.0,3.0,MINIMISE STOCK
OFF-BI-10001097,Avery Hole Reinforcements,Office Supplies,Binders,14,778.169,19.686799999999998,C,X,LEAN - keep minimal base stock,1.1666666666666667,2.0,3.0,5.0,MINIMISE STOCK
TEC-PH-10003092,Motorola L804,Technology,Phones,15,662.296,-11.497500000000006,C,Y,LEAN - order to demand,1.25,3.0,4.0,6.0,MINIMISE STOCK
OFF-BI-10004781,GBC Wire Binding Strips,Office Supplies,Binders,13,203.136,-11.426400000000001,C,X,LEAN - keep minimal base stock,1.0833333333333333,1.0,2.0,4.0,MINIMISE STOCK
FUR-CH-10002372,Office Star - Ergonomically Designed Knee Chair,Furniture,Chairs,8,639.7620000000001,-11.3372,C,X,LEAN - keep minimal base stock,0.6666666666666666,1.0,2.0,3.0,MINIMISE STOCK
OFF-BI-10004364,Storex Dura Pro Binders,Office Supplies,Binders,28,598.1899999999999,-11.286000000000001,C,X,LEAN - keep minimal base stock,2.3333333333333335,1.0,2.0,5.0,MINIMISE STOCK
TEC-PH-10004080,Avaya 5410 Digital phone,Technology,Phones,13,655.508,-10.878400000000003,C,X,LEAN - keep minimal base stock,1.0833333333333333,1.0,2.0,4.0,MINIMISE STOCK
OFF-ST-10002182,"Iris 3-Drawer Stacking Bin, Black",Office Supplies,Storage,7,213.696,-9.609399999999999,C,X,LEAN - keep minimal base stock,0.5833333333333334,1.0,2.0,3.0,MINIMISE STOCK
OFF-AP-10001564,Hoover Commercial Lightweight Upright Vacuum with E-Z Empty Dirt Cup,Office Supplies,Appliances,6,1080.352,-9.303200000000004,C,X,LEAN - keep minimal base stock,0.5,0.0,1.0,2.0,MINIMISE STOCK
OFF-BI-10003707,Aluminum Screw Posts,Office Supplies,Binders,20,562.444,-9.155999999999999,C,Y,LEAN - order to demand,1.6666666666666667,3.0,4.0,6.0,MINIMISE STOCK
OFF-BI-10001116,"Wilson Jones 1"" Hanging DublLock Ring Binders",Office Supplies,Binders,26,678.304,-9.081599999999998,C,Y,LEAN - order to demand,2.1666666666666665,3.0,4.0,7.0,MINIMISE STOCK
OFF-BI-10000343,"Pressboard Covers with Storage Hooks, 9 1/2"" x 11"", Light Blue",Office Supplies,Binders,34,506.596,-11.882200000000001,C,Z,OBSOLETE-RISK - minimise/phase out,2.8333333333333335,4.0,5.0,8.0,REVIEW / PHASE-OUT
TEC-PH-10004188,OtterBox Commuter Series Case - Samsung Galaxy S4,Technology,Phones,2,157.984,-8.9964,C,Z,OBSOLETE-RISK - minimise/phase out,0.16666666666666666,1.0,2.0,3.0,REVIEW / PHASE-OUT
TEC-AC-10004227,SanDisk Ultra 16 GB MicroSDHC Class 10 Memory Card,Technology,Accessories,9,226.322,-8.5734,C,Y,LEAN - order to demand,0.75,3.0,4.0,5.0,MINIMISE STOCK
OFF-BI-10004209,"Fellowes Twister Kit, Gray/Clear, 3/pkg",Office Supplies,Binders,27,870.952,-8.442000000000004,C,X,LEAN - keep minimal base stock,2.25,2.0,3.0,6.0,MINIMISE STOCK
FUR-FU-10001967,Telescoping Adjustable Floor Lamp,Furniture,Furnishings,8,470.94399999999996,-7.996000000000001,C,X,LEAN - keep minimal base stock,0.6666666666666666,1.0,2.0,3.0,MINIMISE STOCK
TEC-PH-10000169,ARKON Windshield Dashboard Air Vent Car Mount Holder,Technology,Phones,7,209.48000000000002,-7.797000000000001,C,X,LEAN - keep minimal base stock,0.5833333333333334,1.0,2.0,3.0,MINIMISE STOCK
TEC-PH-10004348,OtterBox Defender Series Case - iPhone 5c,Technology,Phones,2,128.376,-7.396,C,Z,OBSOLETE-RISK - minimise/phase out,0.16666666666666666,1.0,2.0,3.0,REVIEW / PHASE-OUT
TEC-PH-10000376,Square Credit Card Reader,Technology,Phones,11,191.926,-7.3926,C,X,LEAN - keep minimal base stock,0.9166666666666666,2.0,3.0,4.0,MINIMISE STOCK
OFF-BI-10001658,GBC Standard Therm-A-Bind Covers,Office Supplies,Binders,22,441.072,-6.977600000000001,C,Y,LEAN - order to demand,1.8333333333333333,2.0,3.0,5.0,MINIMISE STOCK
OFF-BI-10003676,"GBC Standard Recycled Report Covers, Clear Plastic Sheets",Office Supplies,Binders,27,347.452,-6.8992,C,X,LEAN - keep minimal base stock,2.25,2.0,3.0,6.0,MINIMISE STOCK
FUR-FU-10001602,"Eldon Delta Triangular Chair Mat, 52"" x 58"", Clear",Furniture,Furnishings,9,598.096,-6.827400000000001,C,X,LEAN - keep minimal base stock,0.75,1.0,2.0,3.0,MINIMISE STOCK
FUR-TA-10000688,"Chromcraft Bull-Nose Wood Round Conference Table Top, Wood Base",Furniture,Tables,8,1544.81,-8.713999999999999,C,Z,OBSOLETE-RISK - minimise/phase out,0.6666666666666666,1.0,2.0,3.0,REVIEW / PHASE-OUT
OFF-BI-10004001,GBC Recycled VeloBinder Covers,Office Supplies,Binders,25,440.11199999999997,-11.927999999999994,C,Y,LEAN - order to demand,2.0833333333333335,3.0,4.0,7.0,MINIMISE STOCK
OFF-SU-10000157,Compact Automatic Electric Letter Opener,Office Supplies,Supplies,15,1839.926,-11.931000000000001,C,Y,LEAN - order to demand,1.25,2.0,3.0,5.0,MINIMISE STOCK
OFF-BI-10003196,Accohide Poly Flexible Ring Binders,Office Supplies,Binders,18,422.692,-11.968,C,Y,LEAN - order to demand,1.5,4.0,5.0,7.0,MINIMISE STOCK
OFF-BI-10004099,GBC VeloBinder Strips,Office Supplies,Binders,13,144.952,-19.968,C,X,LEAN - keep minimal base stock,1.0833333333333333,2.0,3.0,5.0,MINIMISE STOCK
OFF-BI-10002827,Avery Durable Poly Binders,Office Supplies,Binders,30,503.678,-19.907999999999998,C,Y,LEAN - order to demand,2.5,3.0,4.0,7.0,MINIMISE STOCK
TEC-MA-10003230,Okidata C610n Printer,Technology,Machines,3,1362.9,-19.47,C,Z,OBSOLETE-RISK - minimise/phase out,0.25,1.0,2.0,3.0,REVIEW / PHASE-OUT
FUR-CH-10004540,Global Chrome Stack Chair,Furniture,Chairs,18,556.928,-18.511200000000002,C,Y,LEAN - order to demand,1.5,3.0,4.0,6.0,MINIMISE STOCK
FUR-CH-10003968,Novimex Turbo Task Chair,Furniture,Chairs,17,1049.406,-18.4548,C,X,LEAN - keep minimal base stock,1.4166666666666667,2.0,3.0,5.0,MINIMISE STOCK
TEC-AC-10002550,"Memorex 25GB 6X Branded Blu-Ray Recordable Disc, 30/Pack",Technology,Accessories,12,370.66999999999996,-17.892000000000003,C,X,LEAN - keep minimal base stock,1.0,2.0,3.0,4.0,MINIMISE STOCK
FUR-FU-10002030,"Executive Impressions 14"" Contract Wall Clock with Quartz Movement",Furniture,Furnishings,5,44.46,-17.784,C,Z,OBSOLETE-RISK - minimise/phase out,0.4166666666666667,1.0,2.0,3.0,REVIEW / PHASE-OUT
OFF-BI-10003429,"Cardinal HOLDit! Binder Insert Strips,Extra Strips",Office Supplies,Binders,29,621.98,-17.6607,C,Y,LEAN - order to demand,2.4166666666666665,4.0,5.0,8.0,MINIMISE STOCK
OFF-BI-10001153,Ibico Recycled Grain-Textured Covers,Office Supplies,Binders,6,170.35000000000002,-17.270000000000003,C,X,LEAN - keep minimal base stock,0.5,1.0,2.0,3.0,MINIMISE STOCK
OFF-ST-10004180,Safco Commercial Shelving,Office Supplies,Storage,6,446.154,-16.7436,C,X,LEAN - keep minimal base stock,0.5,1.0,2.0,3.0,MINIMISE STOCK
OFF-BI-10001132,"Acco PRESSTEX Data Binder with Storage Hooks, Dark Blue, 9 1/2"" X 11""",Office Supplies,Binders,11,93.45,-16.7318,C,Y,LEAN - order to demand,0.9166666666666666,3.0,4.0,5.0,MINIMISE STOCK
OFF-BI-10001191,Canvas Sectional Post Binders,Office Supplies,Binders,22,417.876,-15.7852,C,Y,LEAN - order to demand,1.8333333333333333,3.0,4.0,6.0,MINIMISE STOCK
OFF-ST-10000642,"Tennsco Lockers, Gray",Office Supplies,Storage,15,430.93600000000004,-15.735,C,X,LEAN - keep minimal base stock,1.25,2.0,3.0,5.0,MINIMISE STOCK
OFF-BI-10004140,Avery Non-Stick Binders,Office Supplies,Binders,22,261.614,-15.715,C,Z,OBSOLETE-RISK - minimise/phase out,1.8333333333333333,3.0,4.0,6.0,REVIEW / PHASE-OUT
OFF-BI-10004817,GBC Personal VeloBind Strips,Office Supplies,Binders,15,188.87,-15.574000000000002,C,Z,OBSOLETE-RISK - minimise/phase out,1.25,5.0,6.0,8.0,REVIEW / PHASE-OUT
OFF-BI-10002414,GBC ProClick Spines for 32-Hole Punch,Office Supplies,Binders,12,565.409,-13.2818,C,X,LEAN - keep minimal base stock,1.0,1.0,2.0,3.0,MINIMISE STOCK
OFF-BI-10001308,GBC Standard Plastic Binding Systems' Combs,Office Supplies,Binders,16,267.076,-13.188,C,Y,LEAN - order to demand,1.3333333333333333,4.0,5.0,7.0,MINIMISE STOCK
FUR-FU-10001756,"Eldon Expressions Desk Accessory, Wood Photo Frame, Mahogany",Furniture,Furnishings,17,431.056,-12.756800000000002,C,X,LEAN - keep minimal base stock,1.4166666666666667,2.0,3.0,5.0,MINIMISE STOCK
FUR-BO-10002206,"Bush Saratoga Collection 5-Shelf Bookcase, Hanover Cherry, *Special Order",Furniture,Bookcases,1,363.833,-12.6882,C,Z,OBSOLETE-RISK - minimise/phase out,0.08333333333333333,1.0,2.0,3.0,REVIEW / PHASE-OUT
OFF-SU-10004498,Martin-Yale Premier Letter Opener,Office Supplies,Supplies,14,350.288,-12.6224,C,Y,LEAN - order to demand,1.1666666666666667,2.0,3.0,5.0,MINIMISE STOCK
FUR-BO-10001337,O'Sullivan Living Dimensions 2-Shelf Bookcases,Furniture,Bookcases,11,1232.6039999999998,-12.097999999999999,C,Y,LEAN - order to demand,0.9166666666666666,2.0,3.0,4.0,MINIMISE STOCK
OFF-AP-10003217,Eureka Sanitaire  Commercial Upright,Office Supplies,Appliances,6,946.124,-6.628399999999999,C,X,LEAN - keep minimal base stock,0.5,2.0,3.0,4.0,MINIMISE STOCK
FUR-BO-10002853,O'Sullivan 5-Shelf Heavy-Duty Bookcases,Furniture,Bookcases,7,409.7,-20.485,C,Y,LEAN - order to demand,0.5833333333333334,2.0,3.0,4.0,MINIMISE STOCK
OFF-BI-10004716,Wilson Jones Hanging Recycled Pressboard Data Binders,Office Supplies,Binders,2,8.904,-6.5296,C,Z,OBSOLETE-RISK - minimise/phase out,0.16666666666666666,1.0,2.0,3.0,REVIEW / PHASE-OUT
OFF-SU-10001225,Staple remover,Office Supplies,Supplies,11,263.856,-5.8144,C,Y,LEAN - order to demand,0.9166666666666666,2.0,3.0,4.0,MINIMISE STOCK
OFF-ST-10001469,Fellowes Bankers Box Recycled Super Stor/Drawer,Office Supplies,Storage,9,453.432,-3.2388000000000012,C,X,LEAN - keep minimal base stock,0.75,2.0,3.0,4.0,MINIMISE STOCK
OFF-ST-10000563,Fellowes Bankers Box Stor/Drawer Steel Plus,Office Supplies,Storage,25,1315.3519999999999,-3.198000000000002,C,X,LEAN - keep minimal base stock,2.0833333333333335,2.0,3.0,6.0,MINIMISE STOCK
OFF-ST-10002957,Sterilite Show Offs Storage Containers,Office Supplies,Storage,10,249.632,-3.168,C,X,LEAN - keep minimal base stock,0.8333333333333334,2.0,3.0,4.0,MINIMISE STOCK
OFF-BI-10002071,Fellowes Black Plastic Comb Bindings,Office Supplies,Binders,21,1164.748,-3.137400000000001,C,Y,LEAN - order to demand,1.75,2.0,3.0,5.0,MINIMISE STOCK
TEC-AC-10002076,Microsoft Natural Keyboard Elite,Technology,Accessories,1,973.904,-2.994,C,Z,OBSOLETE-RISK - minimise/phase out,0.08333333333333333,1.0,2.0,3.0,REVIEW / PHASE-OUT
TEC-AC-10000199,Kingston Digital DataTraveler 8GB USB 2.0,Technology,Accessories,8,113.08000000000001,-2.856,C,X,LEAN - keep minimal base stock,0.6666666666666666,0.0,1.0,2.0,MINIMISE STOCK
FUR-FU-10002505,Eldon 100 Class Desk Accessories,Furniture,Furnishings,3,4.044,-2.8308,C,Z,OBSOLETE-RISK - minimise/phase out,0.25,1.0,2.0,3.0,REVIEW / PHASE-OUT
FUR-CH-10001797,"Safco Chair Connectors, 6/Carton",Furniture,Chairs,7,213.552,-2.6936,C,Z,OBSOLETE-RISK - minimise/phase out,0.5833333333333334,1.0,2.0,3.0,REVIEW / PHASE-OUT
OFF-BI-10004141,Insertable Tab Indexes For Data Binders,Office Supplies,Binders,10,223.62800000000001,-2.5439999999999996,C,X,LEAN - keep minimal base stock,0.8333333333333334,1.0,2.0,3.0,MINIMISE STOCK
FUR-TA-10003837,Anderson Hickey Conga Table Tops & Accessories,Furniture,Tables,2,131.368,-3.3506,C,Z,OBSOLETE-RISK - minimise/phase out,0.16666666666666666,1.0,2.0,3.0,REVIEW / PHASE-OUT
TEC-AC-10001552,Logitech K350 2.4Ghz Wireless Keyboard,Technology,Accessories,5,307.988,-2.4885,C,X,LEAN - keep minimal base stock,0.4166666666666667,1.0,2.0,3.0,MINIMISE STOCK
OFF-BI-10003094,Self-Adhesive Ring Binder Labels,Office Supplies,Binders,2,78.408,-2.3232,C,Z,OBSOLETE-RISK - minimise/phase out,0.16666666666666666,1.0,2.0,3.0,REVIEW / PHASE-OUT
OFF-FA-10000053,Revere Boxed Rubber Bands by Revere,Office Supplies,Fasteners,15,118.70400000000001,-2.079,C,X,LEAN - keep minimal base stock,1.25,2.0,3.0,5.0,MINIMISE STOCK
FUR-TA-10004534,Bevis 44 x 96 Conference Tables,Furniture,Tables,7,929.22,-2.0589999999999975,C,X,LEAN - keep minimal base stock,0.5833333333333334,1.0,2.0,3.0,MINIMISE STOCK
OFF-BI-10000831,Storex Flexible Poly Binders with Double Pockets,Office Supplies,Binders,9,91.82400000000001,-2.0064,C,X,LEAN - keep minimal base stock,0.75,1.0,2.0,3.0,MINIMISE STOCK
TEC-MA-10003493,Penpower WorldCard Pro Card Scanner,Technology,Machines,1,91.475,-1.8295,C,Z,OBSOLETE-RISK - minimise/phase out,0.08333333333333333,1.0,2.0,3.0,REVIEW / PHASE-OUT
OFF-BI-10003984,Lock-Up Easel 'Spel-Binder',Office Supplies,Binders,22,665.948,-1.7118000000000002,C,X,LEAN - keep minimal base stock,1.8333333333333333,2.0,3.0,5.0,MINIMISE STOCK
FUR-FU-10001095,DAX Black Cherry Wood-Tone Poster Frame,Furniture,Furnishings,3,271.664,-1.588799999999999,C,X,LEAN - keep minimal base stock,0.25,1.0,2.0,3.0,MINIMISE STOCK
TEC-AC-10000387,KeyTronic KT800P2 - Keyboard - Black,Technology,Accessories,5,157.08,-1.502,C,X,LEAN - keep minimal base stock,0.4166666666666667,1.0,2.0,3.0,MINIMISE STOCK
OFF-SU-10001935,Staple remover,Office Supplies,Supplies,9,428.44,-1.3952,C,Y,LEAN - order to demand,0.75,1.0,2.0,3.0,MINIMISE STOCK
OFF-BI-10003784,Computer Printout Index Tabs,Office Supplies,Binders,14,406.744,-2.4864,C,X,LEAN - keep minimal base stock,1.1666666666666667,1.0,2.0,4.0,MINIMISE STOCK
OFF-BI-10000948,"GBC Laser Imprintable Binding System Covers, Desert Sand",Office Supplies,Binders,8,57.08,-3.424800000000001,C,X,LEAN - keep minimal base stock,0.6666666666666666,0.0,1.0,2.0,MINIMISE STOCK
OFF-BI-10001982,Wilson Jones Custom Binder Spines & Labels,Office Supplies,Binders,3,4.896,-3.4272,C,Z,OBSOLETE-RISK - minimise/phase out,0.25,1.0,2.0,3.0,REVIEW / PHASE-OUT
TEC-PH-10001527,Plantronics MX500i Earset,Technology,Phones,4,549.21,-3.436,C,Y,LEAN - order to demand,0.3333333333333333,2.0,3.0,4.0,MINIMISE STOCK
OFF-BI-10002609,Avery Hidden Tab Dividers for Binding Systems,Office Supplies,Binders,11,539.92,-5.7812,C,X,LEAN - keep minimal base stock,0.9166666666666666,1.0,2.0,3.0,MINIMISE STOCK
FUR-BO-10003159,"Sauder Camden County Collection Libraries, Planked Cherry Finish",Furniture,Bookcases,11,1229.2008,-5.748999999999995,C,X,LEAN - keep minimal base stock,0.9166666666666666,1.0,2.0,3.0,MINIMISE STOCK
OFF-BI-10002194,Cardinal Hold-It CD Pocket,Office Supplies,Binders,4,11.172,-5.7456,C,Z,OBSOLETE-RISK - minimise/phase out,0.3333333333333333,1.0,2.0,3.0,REVIEW / PHASE-OUT
FUR-FU-10000305,"Tenex V2T-RE Standard Weight Series Chair Mat, 45"" x 53"", Lip 25"" x 12""",Furniture,Furnishings,2,134.568,-5.6784,C,Z,OBSOLETE-RISK - minimise/phase out,0.16666666666666666,1.0,2.0,3.0,REVIEW / PHASE-OUT
FUR-FU-10004415,"Stacking Tray, Side-Loading, Legal, Smoke",Furniture,Furnishings,14,262.632,-5.6448,C,Y,LEAN - order to demand,1.1666666666666667,2.0,3.0,5.0,MINIMISE STOCK
FUR-CH-10000422,Global Highback Leather Tilter in Burgundy,Furniture,Chairs,9,795.4250000000001,-5.459400000000006,C,Y,LEAN - order to demand,0.75,2.0,3.0,4.0,MINIMISE STOCK
FUR-FU-10000820,Tensor Brushed Steel Torchiere Floor Lamp,Furniture,Furnishings,6,391.154,-5.4368,C,X,LEAN - keep minimal base stock,0.5,1.0,2.0,3.0,MINIMISE STOCK
OFF-AP-10000804,Hoover Portapower Portable Vacuum,Office Supplies,Appliances,12,354.94399999999996,-5.376,C,X,LEAN - keep minimal base stock,1.0,1.0,2.0,3.0,MINIMISE STOCK
OFF-BI-10002813,Avery Reinforcements for Hole-Punch Pages,Office Supplies,Binders,22,411.61199999999997,-5.346,C,Y,LEAN - order to demand,1.8333333333333333,2.0,3.0,5.0,MINIMISE STOCK
OFF-AP-10004655,"Holmes Visible Mist Ultrasonic Humidifier with 2.3-Gallon Output per Day, Replacement Filter",Office Supplies,Appliances,1,78.264,-5.2072,C,Z,OBSOLETE-RISK - minimise/phase out,0.08333333333333333,1.0,2.0,3.0,REVIEW / PHASE-OUT
OFF-ST-10002583,Fellowes Neat Ideas Storage Cubes,Office Supplies,Storage,11,377.792,-5.196800000000001,C,X,LEAN - keep minimal base stock,0.9166666666666666,1.0,2.0,3.0,MINIMISE STOCK
OFF-ST-10000321,Akro Stacking Bins,Office Supplies,Storage,9,186.12,-5.0496,C,X,LEAN - keep minimal base stock,0.75,1.0,2.0,3.0,MINIMISE STOCK
OFF-AP-10002203,Eureka Disposable Bags for Sanitaire Vibra Groomer I Upright Vac,Office Supplies,Appliances,2,99.624,-4.466,C,Z,OBSOLETE-RISK - minimise/phase out,0.16666666666666666,1.0,2.0,3.0,REVIEW / PHASE-OUT
OFF-SU-10002301,Serrated Blade or Curved Handle Hand Letter Openers,Office Supplies,Supplies,7,17.584,-4.1762,C,Z,OBSOLETE-RISK - minimise/phase out,0.5833333333333334,1.0,2.0,3.0,REVIEW / PHASE-OUT
OFF-BI-10000216,"Mead 1st Gear 2"" Zipper Binder, Asst. Colors",Office Supplies,Binders,9,402.474,-3.891,C,X,LEAN - keep minimal base stock,0.75,2.0,3.0,4.0,MINIMISE STOCK
OFF-BI-10004002,Wilson Jones International Size A4 Ring Binders,Office Supplies,Binders,16,522.13,-3.805999999999994,C,X,LEAN - keep minimal base stock,1.3333333333333333,1.0,2.0,4.0,MINIMISE STOCK
OFF-AP-10001634,Hoover Commercial Lightweight Upright Vacuum,Office Supplies,Appliances,2,360.392,-3.7584,C,Z,OBSOLETE-RISK - minimise/phase out,0.16666666666666666,1.0,2.0,3.0,REVIEW / PHASE-OUT
OFF-BI-10002049,UniKeep View Case Binders,Office Supplies,Binders,4,194.846,-3.7164,C,Y,LEAN - order to demand,0.3333333333333333,2.0,3.0,4.0,MINIMISE STOCK
TEC-PH-10001817,Wilson Electronics DB Pro Signal Booster,Technology,Phones,17,4548.2,-3.579999999999984,C,X,LEAN - keep minimal base stock,1.4166666666666667,1.0,2.0,4.0,MINIMISE STOCK
FUR-FU-10004671,"Executive Impressions 12"" Wall Clock",Furniture,Furnishings,10,280.02,-3.533999999999999,C,X,LEAN - keep minimal base stock,0.8333333333333334,2.0,3.0,4.0,MINIMISE STOCK
TEC-PH-10000307,Shocksock Galaxy S4 Armband,Technology,Phones,2,146.52,-3.504,C,Z,OBSOLETE-RISK - minimise/phase out,0.16666666666666666,1.0,2.0,3.0,REVIEW / PHASE-OUT
OFF-AP-10001626,"Commercial WindTunnel Clean Air Upright Vacuum, Replacement Belts, Filtration Bags",Office Supplies,Appliances,9,209.45,-6.4574,C,X,LEAN - keep minimal base stock,0.75,0.0,1.0,2.0,MINIMISE STOCK
OFF-FA-10000735,Staples,Office Supplies,Fasteners,15,169.8,19.71,C,X,LEAN - keep minimal base stock,1.25,2.0,3.0,5.0,MINIMISE STOCK
OFF-SU-10002503,Acme Preferred Stainless Steel Scissors,Office Supplies,Supplies,16,297.88,26.355200000000004,C,X,LEAN - keep minimal base stock,1.3333333333333333,2.0,3.0,5.0,MINIMISE STOCK
OFF-AR-10003759,"Crayola Anti Dust Chalk, 12/Pack",Office Supplies,Art,29,466.77599999999995,19.747,C,Y,LEAN - order to demand,2.4166666666666665,3.0,4.0,7.0,MINIMISE STOCK
TEC-PH-10004908,Panasonic KX TS3282W Corded phone,Technology,Phones,9,646.928,76.491,C,Y,LEAN - order to demand,0.75,2.0,3.0,4.0,MINIMISE STOCK
FUR-FU-10004091,"Eldon 200 Class Desk Accessories, Black",Furniture,Furnishings,11,789.8679999999999,76.6304,C,X,LEAN - keep minimal base stock,0.9166666666666666,1.0,2.0,3.0,MINIMISE STOCK
OFF-PA-10001019,Xerox 1884,Office Supplies,Paper,12,358.796,76.72319999999999,C,Z,OBSOLETE-RISK - minimise/phase out,1.0,4.0,5.0,6.0,REVIEW / PHASE-OUT
OFF-SU-10001218,Fiskars Softgrip Scissors,Office Supplies,Supplies,25,472.5,76.86,C,X,LEAN - keep minimal base stock,2.0833333333333335,2.0,3.0,6.0,MINIMISE STOCK
TEC-AC-10004859,"Maxell Pro 80 Minute CD-R, 10/Pack",Technology,Accessories,11,261.28,76.912,C,X,LEAN - keep minimal base stock,0.9166666666666666,1.0,2.0,3.0,MINIMISE STOCK
FUR-FU-10001591,Advantus Panel Wall Certificate Holder - 8.5x11,Furniture,Furnishings,16,321.32,77.104,C,Y,LEAN - order to demand,1.3333333333333333,3.0,4.0,6.0,MINIMISE STOCK
OFF-EN-10001434,"Strathmore #10 Envelopes, Ultimate White",Office Supplies,Envelopes,3,158.13,77.4837,C,Z,OBSOLETE-RISK - minimise/phase out,0.25,1.0,2.0,3.0,REVIEW / PHASE-OUT
OFF-PA-10004665,Advantus Motivational Note Cards,Office Supplies,Paper,17,191.26,77.68299999999999,C,X,LEAN - keep minimal base stock,1.4166666666666667,2.0,3.0,5.0,MINIMISE STOCK
TEC-PH-10002564,OtterBox Defender Series Case - Samsung Galaxy S4,Technology,Phones,22,904.8199999999999,77.974,C,X,LEAN - keep minimal base stock,1.8333333333333333,2.0,3.0,5.0,MINIMISE STOCK
OFF-AR-10001044,"BOSTON Ranger #55 Pencil Sharpener, Black",Office Supplies,Art,17,517.85,76.1507,C,Y,LEAN - order to demand,1.4166666666666667,3.0,4.0,6.0,MINIMISE STOCK
TEC-PH-10002496,Cisco SPA301,Technology,Phones,11,1332.118,77.995,C,X,LEAN - keep minimal base stock,0.9166666666666666,1.0,2.0,3.0,MINIMISE STOCK
OFF-ST-10002276,Safco Steel Mobile File Cart,Office Supplies,Storage,7,869.832,79.19200000000001,C,Y,LEAN - order to demand,0.5833333333333334,1.0,2.0,3.0,MINIMISE STOCK
OFF-AP-10003842,Euro-Pro Shark Turbo Vacuum,Office Supplies,Appliances,16,446.112,79.3088,C,X,LEAN - keep minimal base stock,1.3333333333333333,1.0,2.0,4.0,MINIMISE STOCK
TEC-PH-10000193,Jensen SMPS-640 - speaker phone,Technology,Phones,9,444.23199999999997,80.0052,C,X,LEAN - keep minimal base stock,0.75,2.0,3.0,4.0,MINIMISE STOCK
TEC-PH-10000586,AT&T SB67148 SynJ,Technology,Phones,6,391.544,80.5078,C,X,LEAN - keep minimal base stock,0.5,2.0,3.0,4.0,MINIMISE STOCK
FUR-FU-10000023,Eldon Wave Desk Accessories,Furniture,Furnishings,39,608.684,81.0464,C,X,LEAN - keep minimal base stock,3.25,4.0,5.0,9.0,MINIMISE STOCK
OFF-AP-10002998,Holmes 99% HEPA Air Purifier,Office Supplies,Appliances,15,298.908,81.225,C,X,LEAN - keep minimal base stock,1.25,1.0,2.0,4.0,MINIMISE STOCK
OFF-LA-10001158,"Avery Address/Shipping Labels for Typewriters, 4"" x 2""",Office Supplies,Labels,19,768.23,81.972,C,X,LEAN - keep minimal base stock,1.5833333333333333,2.0,3.0,5.0,MINIMISE STOCK
OFF-SU-10002573,"Acme 10"" Easy Grip Assistive Scissors",Office Supplies,Supplies,17,445.99800000000005,82.391,C,X,LEAN - keep minimal base stock,1.4166666666666667,2.0,3.0,5.0,MINIMISE STOCK
TEC-PH-10001809,Panasonic KX T7736-B Digital phone,Technology,Phones,3,483.86,82.4725,C,X,LEAN - keep minimal base stock,0.25,1.0,2.0,3.0,MINIMISE STOCK
OFF-BI-10001196,"Avery Flip-Chart Easel Binder, Black",Office Supplies,Binders,10,247.94400000000002,78.33,C,X,LEAN - keep minimal base stock,0.8333333333333334,2.0,3.0,4.0,MINIMISE STOCK
OFF-BI-10000666,Surelock Post Binders,Office Supplies,Binders,17,555.2719999999999,82.512,C,X,LEAN - keep minimal base stock,1.4166666666666667,2.0,3.0,5.0,MINIMISE STOCK
FUR-FU-10000293,Eldon Antistatic Chair Mats for Low to Medium Pile Carpets,Furniture,Furnishings,12,1315.48,75.80879999999999,C,X,LEAN - keep minimal base stock,1.0,2.0,3.0,4.0,MINIMISE STOCK
OFF-PA-10003651,Xerox 1968,Office Supplies,Paper,26,456.664,75.35040000000001,C,Y,LEAN - order to demand,2.1666666666666665,4.0,5.0,8.0,MINIMISE STOCK
OFF-LA-10001474,Avery 477,Office Supplies,Labels,5,152.65,70.219,C,Y,LEAN - order to demand,0.4166666666666667,2.0,3.0,4.0,MINIMISE STOCK
TEC-AC-10004114,KeyTronic 6101 Series - Keyboard - Black,Technology,Accessories,4,199.96,70.5028,C,Z,OBSOLETE-RISK - minimise/phase out,0.3333333333333333,1.0,2.0,3.0,REVIEW / PHASE-OUT
TEC-PH-10000369,HTC One Mini,Technology,Phones,7,705.544,70.5544,C,Z,OBSOLETE-RISK - minimise/phase out,0.5833333333333334,1.0,2.0,3.0,REVIEW / PHASE-OUT
TEC-PH-10001619,LG G3,Technology,Phones,4,701.168,70.5564,C,Y,LEAN - order to demand,0.3333333333333333,2.0,3.0,4.0,MINIMISE STOCK
OFF-PA-10001295,Computer Printout Paper with Letter-Trim Perforations,Office Supplies,Paper,9,242.34799999999998,70.5684,C,X,LEAN - keep minimal base stock,0.75,1.0,2.0,3.0,MINIMISE STOCK
FUR-FU-10004460,"Howard Miller 12"" Round Wall Clock",Furniture,Furnishings,5,225.45,70.722,C,Z,OBSOLETE-RISK - minimise/phase out,0.4166666666666667,1.0,2.0,3.0,REVIEW / PHASE-OUT
FUR-CH-10004886,Bevis Steel Folding Chairs,Furniture,Chairs,18,1345.5149999999999,71.003,C,X,LEAN - keep minimal base stock,1.5,2.0,3.0,5.0,MINIMISE STOCK
OFF-PA-10003797,Xerox 209,Office Supplies,Paper,23,291.04,71.5392,C,X,LEAN - keep minimal base stock,1.9166666666666667,1.0,2.0,4.0,MINIMISE STOCK
OFF-AP-10004532,Kensington 6 Outlet Guardian Standard Surge Protector,Office Supplies,Appliances,13,499.24,71.8848,C,X,LEAN - keep minimal base stock,1.0833333333333333,1.0,2.0,4.0,MINIMISE STOCK
FUR-FU-10003623,"DataProducts Ampli Magnifier Task Lamp, Black,",Furniture,Furnishings,10,329.6,75.768,C,X,LEAN - keep minimal base stock,0.8333333333333334,0.0,1.0,2.0,MINIMISE STOCK
OFF-BI-10001460,Plastic Binding Combs,Office Supplies,Binders,20,314.31,72.72,C,X,LEAN - keep minimal base stock,1.6666666666666667,2.0,3.0,5.0,MINIMISE STOCK
FUR-FU-10003374,Electrix Fluorescent Magnifier Lamps & Weighted Base,Furniture,Furnishings,11,495.79600000000005,73.0232,C,Y,LEAN - order to demand,0.9166666666666666,3.0,4.0,5.0,MINIMISE STOCK
OFF-PA-10002499,Xerox 1890,Office Supplies,Paper,3,166.82,73.41,C,Z,OBSOLETE-RISK - minimise/phase out,0.25,1.0,2.0,3.0,REVIEW / PHASE-OUT
FUR-BO-10003441,"Bush Westfield Collection Bookcases, Fully Assembled",Furniture,Bookcases,18,1440.2982,73.71539999999999,C,X,LEAN - keep minimal base stock,1.5,1.0,2.0,4.0,MINIMISE STOCK
TEC-PH-10003885,Cisco SPA508G,Technology,Phones,8,589.732,73.9088,C,Y,LEAN - order to demand,0.6666666666666666,2.0,3.0,4.0,MINIMISE STOCK
FUR-FU-10000076,24-Hour Round Wall Clock,Furniture,Furnishings,10,406.812,73.926,C,Y,LEAN - order to demand,0.8333333333333334,2.0,3.0,4.0,MINIMISE STOCK
TEC-AC-10003063,Micro Innovations USB RF Wireless Keyboard with Mouse,Technology,Accessories,16,507.0,74.0,C,X,LEAN - keep minimal base stock,1.3333333333333333,1.0,2.0,4.0,MINIMISE STOCK
OFF-PA-10001509,"Recycled Desk Saver Line ""While You Were Out"" Book, 5 1/2"" X 4""",Office Supplies,Paper,18,387.1,74.106,C,X,LEAN - keep minimal base stock,1.5,2.0,3.0,5.0,MINIMISE STOCK
TEC-AC-10000171,"Verbatim 25 GB 6x Blu-ray Single Layer Recordable Disc, 25/Pack",Technology,Accessories,9,242.116,75.1773,C,X,LEAN - keep minimal base stock,0.75,1.0,2.0,3.0,MINIMISE STOCK
TEC-PH-10000923,"Belkin SportFit Armband For iPhone 5s/5c, Fuchsia",Technology,Phones,18,1227.858,75.2498,C,Y,LEAN - order to demand,1.5,2.0,3.0,5.0,MINIMISE STOCK
OFF-BI-10004728,Wilson Jones Turn Tabs Binder Tool for Ring Binders,Office Supplies,Binders,42,514.196,72.8784,C,Y,LEAN - order to demand,3.5,4.0,5.0,9.0,MINIMISE STOCK
OFF-PA-10002319,Xerox 1944,Office Supplies,Paper,6,201.552,82.94640000000001,C,X,LEAN - keep minimal base stock,0.5,1.0,2.0,3.0,MINIMISE STOCK
TEC-AC-10000682,Kensington K72356US Mouse-in-a-Box USB Desktop Mouse,Technology,Accessories,16,627.486,82.94999999999999,C,X,LEAN - keep minimal base stock,1.3333333333333333,2.0,3.0,5.0,MINIMISE STOCK
OFF-PA-10000575,"Wirebound Message Books, Four 2 3/4 x 5 White Forms per Page",Office Supplies,Paper,30,406.33399999999995,82.956,C,Y,LEAN - order to demand,2.5,4.0,5.0,8.0,MINIMISE STOCK
FUR-CH-10003846,Hon Valutask Swivel Chairs,Furniture,Chairs,10,1180.114,90.882,C,X,LEAN - keep minimal base stock,0.8333333333333334,2.0,3.0,4.0,MINIMISE STOCK
OFF-LA-10004545,Avery 50,Office Supplies,Labels,18,302.504,90.9678,C,Y,LEAN - order to demand,1.5,2.0,3.0,5.0,MINIMISE STOCK
FUR-FU-10004071,Luxo Professional Magnifying Clamp-On Fluorescent Lamps,Furniture,Furnishings,12,1185.9119999999998,91.5288,C,X,LEAN - keep minimal base stock,1.0,1.0,2.0,3.0,MINIMISE STOCK
TEC-PH-10002538,Grandstream GXP1160 VoIP phone,Technology,Phones,18,719.232,91.7422,C,X,LEAN - keep minimal base stock,1.5,3.0,4.0,6.0,MINIMISE STOCK
OFF-PA-10001281,Computer Printout Paper with Letter-Trim Fine Perforations,Office Supplies,Paper,4,211.6,91.968,C,Z,OBSOLETE-RISK - minimise/phase out,0.3333333333333333,1.0,2.0,3.0,REVIEW / PHASE-OUT
OFF-PA-10004353,Southworth 25% Cotton Premium Laser Paper and Envelopes,Office Supplies,Paper,13,247.772,92.7072,C,X,LEAN - keep minimal base stock,1.0833333333333333,1.0,2.0,4.0,MINIMISE STOCK
OFF-AP-10000179,Honeywell Enviracaire Portable HEPA Air Cleaner for up to 10 x 16 Room,Office Supplies,Appliances,4,394.816,93.7688,C,Z,OBSOLETE-RISK - minimise/phase out,0.3333333333333333,1.0,2.0,3.0,REVIEW / PHASE-OUT
OFF-PA-10002558,Xerox 1938,Office Supplies,Paper,7,284.24,93.884,C,Z,OBSOLETE-RISK - minimise/phase out,0.5833333333333334,1.0,2.0,3.0,REVIEW / PHASE-OUT
OFF-ST-10002370,"Sortfiler Multipurpose Personal File Organizer, Black",Office Supplies,Storage,20,524.854,94.116,C,X,LEAN - keep minimal base stock,1.6666666666666667,2.0,3.0,5.0,MINIMISE STOCK
FUR-TA-10003473,Bretford Rectangular Conference Table Tops,Furniture,Tables,23,6603.5335000000005,90.2712,C,Y,LEAN - order to demand,1.9166666666666667,2.0,3.0,5.0,MINIMISE STOCK
OFF-PA-10004911,"Rediform S.O.S. 1-Up Phone Message Bk, 4-1/4x3-1/16 Bk, 1 Form/Pg, 40 Messages/Bk, 3/Pk",Office Supplies,Paper,21,556.98,94.5504,C,Y,LEAN - order to demand,1.75,2.0,3.0,5.0,MINIMISE STOCK
OFF-PA-10001977,Xerox 194,Office Supplies,Paper,4,325.82399999999996,95.4256,C,Y,LEAN - order to demand,0.3333333333333333,2.0,3.0,4.0,MINIMISE STOCK
TEC-AC-10002647,"Logitech Wireless Boombox Speaker - portable - wireless, wired",Technology,Accessories,2,237.8,95.76,C,Z,OBSOLETE-RISK - minimise/phase out,0.16666666666666666,1.0,2.0,3.0,REVIEW / PHASE-OUT
FUR-FU-10003268,Eldon Radial Chair Mat for Low to Medium Pile Carpets,Furniture,Furnishings,15,726.712,95.952,C,Y,LEAN - order to demand,1.25,2.0,3.0,5.0,MINIMISE STOCK
OFF-PA-10000659,"TOPS Carbonless Receipt Book, Four 2-3/4 x 7-1/4 Money Receipts per Page",Office Supplies,Paper,19,266.5,96.1014,C,X,LEAN - keep minimal base stock,1.5833333333333333,2.0,3.0,5.0,MINIMISE STOCK
TEC-AC-10004864,Memorex Micro Travel Drive 32 GB,Technology,Accessories,9,338.778,97.4817,C,X,LEAN - keep minimal base stock,0.75,1.0,2.0,3.0,MINIMISE STOCK
OFF-ST-10000060,Fellowes Bankers Box Staxonsteel Drawer File/Stacking System,Office Supplies,Storage,36,2434.3360000000002,98.7696,C,Y,LEAN - order to demand,3.0,3.0,4.0,7.0,MINIMISE STOCK
FUR-CH-10000553,"Metal Folding Chairs, Beige, 4/Carton",Furniture,Chairs,19,695.192,99.4442,C,Y,LEAN - order to demand,1.5833333333333333,6.0,7.0,9.0,MINIMISE STOCK
TEC-PH-10001918,Nortel Business Series Terminal T7208 Digital phone,Technology,Phones,9,1029.728,100.0728,C,X,LEAN - keep minimal base stock,0.75,1.0,2.0,3.0,MINIMISE STOCK
OFF-PA-10003039,Xerox 1960,Office Supplies,Paper,9,269.036,100.685,C,X,LEAN - keep minimal base stock,0.75,1.0,2.0,3.0,MINIMISE STOCK
OFF-BI-10002225,"Square Ring Data Binders, Rigid 75 Pt. Covers, 11"" x 14-7/8""",Office Supplies,Binders,15,360.93600000000004,94.94399999999999,C,X,LEAN - keep minimal base stock,1.25,1.0,2.0,4.0,MINIMISE STOCK
OFF-AR-10004602,Boston KS Multi-Size Manual Pencil Sharpener,Office Supplies,Art,14,365.86,90.1208,C,X,LEAN - keep minimal base stock,1.1666666666666667,2.0,3.0,5.0,MINIMISE STOCK
OFF-BI-10002794,"Avery Trapezoid Ring Binder, 3"" Capacity, Black, 1040 sheets",Office Supplies,Binders,11,535.644,89.7462,C,Z,OBSOLETE-RISK - minimise/phase out,0.9166666666666666,6.0,7.0,8.0,REVIEW / PHASE-OUT
OFF-PA-10000740,Xerox 1982,Office Supplies,Paper,12,333.536,89.5328,C,Y,LEAN - order to demand,1.0,3.0,4.0,5.0,MINIMISE STOCK
OFF-BI-10001524,GBC Premium Transparent Covers with Diagonal Lined Pattern,Office Supplies,Binders,42,1242.2839999999999,83.0808,C,Y,LEAN - order to demand,3.5,4.0,5.0,9.0,MINIMISE STOCK
TEC-AC-10003023,Logitech G105 Gaming Keyboard,Technology,Accessories,10,620.952,83.118,C,X,LEAN - keep minimal base stock,0.8333333333333334,2.0,3.0,4.0,MINIMISE STOCK
TEC-PH-10002563,Adtran 1202752G1,Technology,Phones,11,977.712,83.1534,C,X,LEAN - keep minimal base stock,0.9166666666666666,1.0,2.0,3.0,MINIMISE STOCK
FUR-FU-10001085,3M Polarizing Light Filter Sleeves,Furniture,Furnishings,11,193.96,83.179,C,Y,LEAN - order to demand,0.9166666666666666,2.0,3.0,4.0,MINIMISE STOCK
OFF-PA-10002764,Easy-staple paper,Office Supplies,Paper,15,285.1,83.349,C,X,LEAN - keep minimal base stock,1.25,1.0,2.0,4.0,MINIMISE STOCK
OFF-AP-10002670,Belkin 8-Outlet Premiere SurgeMaster II Surge Protectors,Office Supplies,Appliances,4,412.91999999999996,83.376,C,Y,LEAN - order to demand,0.3333333333333333,2.0,3.0,4.0,MINIMISE STOCK
OFF-EN-10000056,Cameo Buff Policy Envelopes,Office Supplies,Envelopes,5,248.92000000000002,84.01050000000001,C,X,LEAN - keep minimal base stock,0.4166666666666667,1.0,2.0,3.0,MINIMISE STOCK
FUR-FU-10004053,DAX Two-Tone Silver Metal Document Frame,Furniture,Furnishings,13,464.784,84.80560000000001,C,Y,LEAN - order to demand,1.0833333333333333,1.0,2.0,4.0,MINIMISE STOCK
OFF-BI-10001107,"GBC White Gloss Covers, Plain Front",Office Supplies,Binders,18,500.99199999999996,84.8528,C,Y,LEAN - order to demand,1.5,3.0,4.0,6.0,MINIMISE STOCK
OFF-AP-10001205,Belkin 5 Outlet SurgeMaster Power Centers,Office Supplies,Appliances,32,1553.208,84.9888,C,Z,OBSOLETE-RISK - minimise/phase out,2.6666666666666665,5.0,6.0,9.0,REVIEW / PHASE-OUT
FUR-CH-10003817,"Global Value Steno Chair, Gray",Furniture,Chairs,22,1425.246,85.036,C,Y,LEAN - order to demand,1.8333333333333333,3.0,4.0,6.0,MINIMISE STOCK
OFF-PA-10002713,"Adams Phone Message Book, 200 Message Capacity, 8 1/16” x 11”",Office Supplies,Paper,27,617.76,85.4496,C,Y,LEAN - order to demand,2.25,2.0,3.0,6.0,MINIMISE STOCK
FUR-CH-10004063,Global Deluxe High-Back Manager's Chair,Furniture,Chairs,10,2181.252,85.794,C,X,LEAN - keep minimal base stock,0.8333333333333334,1.0,2.0,3.0,MINIMISE STOCK
FUR-FU-10002759,12-1/2 Diameter Round Wall Clock,Furniture,Furnishings,22,594.6320000000001,86.3136,C,Y,LEAN - order to demand,1.8333333333333333,3.0,4.0,6.0,MINIMISE STOCK
OFF-EN-10003134,Staple envelope,Office Supplies,Envelopes,18,495.55199999999996,86.43199999999999,C,Y,LEAN - order to demand,1.5,3.0,4.0,6.0,MINIMISE STOCK
OFF-ST-10001590,"Tenex Personal Project File with Scoop Front Design, Black",Office Supplies,Storage,27,642.8720000000001,86.5416,C,Y,LEAN - order to demand,2.25,3.0,4.0,7.0,MINIMISE STOCK
OFF-ST-10002011,Smead Adjustable Mobile File Trolley with Lockable Top,Office Supplies,Storage,3,1006.056,88.0299,C,Z,OBSOLETE-RISK - minimise/phase out,0.25,1.0,2.0,3.0,REVIEW / PHASE-OUT
OFF-AP-10001242,APC 7 Outlet Network SurgeArrest Surge Protector,Office Supplies,Appliances,15,1073.568,88.52799999999999,C,Y,LEAN - order to demand,1.25,2.0,3.0,5.0,MINIMISE STOCK
FUR-FU-10003347,Coloredge Poster Frame,Furniture,Furnishings,16,398.2,88.608,C,X,LEAN - keep minimal base stock,1.3333333333333333,2.0,3.0,5.0,MINIMISE STOCK
OFF-PA-10002986,Xerox 1898,Office Supplies,Paper,34,692.08,88.9776,C,Y,LEAN - order to demand,2.8333333333333335,3.0,4.0,7.0,MINIMISE STOCK
OFF-ST-10003058,Eldon Mobile Mega Data Cart  Mega Stackable  Add-On Trays,Office Supplies,Storage,13,642.45,89.1605,C,X,LEAN - keep minimal base stock,1.0833333333333333,2.0,3.0,5.0,MINIMISE STOCK
FUR-CH-10002024,HON 5400 Series Task Chairs for Big and Tall,Furniture,Chairs,21,11887.562,70.09800000000007,C,Y,LEAN - order to demand,1.75,3.0,4.0,6.0,MINIMISE STOCK
TEC-AC-10002399,SanDisk Cruzer 32 GB USB Flash Drive,Technology,Accessories,14,487.06399999999996,69.9936,C,X,LEAN - keep minimal base stock,1.1666666666666667,2.0,3.0,5.0,MINIMISE STOCK
OFF-PA-10001776,"Wirebound Message Books, Four 2 3/4"" x 5"" Forms per Page, 600 Sets per Book",Office Supplies,Paper,19,381.152,69.8031,C,X,LEAN - keep minimal base stock,1.5833333333333333,1.0,2.0,4.0,MINIMISE STOCK
OFF-PA-10003823,Xerox 197,Office Supplies,Paper,9,254.056,69.705,C,Z,OBSOLETE-RISK - minimise/phase out,0.75,1.0,2.0,3.0,REVIEW / PHASE-OUT
OFF-PA-10002005,Xerox 225,Office Supplies,Paper,22,816.192,58.0608,C,X,LEAN - keep minimal base stock,1.8333333333333333,2.0,3.0,5.0,MINIMISE STOCK
OFF-ST-10000046,Fellowes Super Stor/Drawer Files,Office Supplies,Storage,4,635.58,58.158,C,X,LEAN - keep minimal base stock,0.3333333333333333,0.0,1.0,2.0,MINIMISE STOCK
OFF-BI-10004308,Avery Legal 4-Ring Binder,Office Supplies,Binders,11,207.13400000000001,58.74400000000001,C,Y,LEAN - order to demand,0.9166666666666666,2.0,3.0,4.0,MINIMISE STOCK
FUR-FU-10002445,"DAX Two-Tone Rosewood/Black Document Frame, Desktop, 5 x 7",Furniture,Furnishings,21,610.2239999999999,58.775999999999996,C,Y,LEAN - order to demand,1.75,2.0,3.0,5.0,MINIMISE STOCK
OFF-PA-10001934,Xerox 1993,Office Supplies,Paper,21,428.30400000000003,58.9032,C,Y,LEAN - order to demand,1.75,2.0,3.0,5.0,MINIMISE STOCK
FUR-FU-10004270,"Executive Impressions 13"" Clairmont Wall Clock",Furniture,Furnishings,29,654.258,59.3017,C,Y,LEAN - order to demand,2.4166666666666665,2.0,3.0,6.0,MINIMISE STOCK
OFF-AR-10002818,Panasonic KP-310 Heavy-Duty Electric Pencil Sharpener,Office Supplies,Art,9,234.82,59.346000000000004,C,X,LEAN - keep minimal base stock,0.75,1.0,2.0,3.0,MINIMISE STOCK
FUR-CH-10001891,Global Deluxe Office Fabric Chairs,Furniture,Chairs,6,515.9000000000001,59.507600000000004,C,X,LEAN - keep minimal base stock,0.5,2.0,3.0,4.0,MINIMISE STOCK
OFF-ST-10000136,Letter Size File,Office Supplies,Storage,10,391.41999999999996,59.55,C,Y,LEAN - order to demand,0.8333333333333334,3.0,4.0,5.0,MINIMISE STOCK
FUR-BO-10002213,"Sauder Forest Hills Library, Woodland Oak Finish",Furniture,Bookcases,16,4663.0830000000005,58.02760000000001,C,Y,LEAN - order to demand,1.3333333333333333,3.0,4.0,6.0,MINIMISE STOCK
FUR-BO-10003966,"Sauder Facets Collection Library, Sky Alder Finish",Furniture,Bookcases,5,826.9590000000001,59.843,C,X,LEAN - keep minimal base stock,0.4166666666666667,1.0,2.0,3.0,MINIMISE STOCK
TEC-PH-10001198,Avaya 4621SW VoIP phone,Technology,Phones,9,532.4399999999999,59.8995,C,X,LEAN - keep minimal base stock,0.75,0.0,1.0,2.0,MINIMISE STOCK
TEC-PH-10001299,Polycom CX300 Desktop Phone USB VoIP phone,Technology,Phones,5,599.96,59.995999999999995,C,X,LEAN - keep minimal base stock,0.4166666666666667,1.0,2.0,3.0,MINIMISE STOCK
OFF-ST-10001328,"Personal Filing Tote with Lid, Black/Gray",Office Supplies,Storage,16,470.85400000000004,60.1788,C,X,LEAN - keep minimal base stock,1.3333333333333333,2.0,3.0,5.0,MINIMISE STOCK
OFF-EN-10002592,"Peel & Seel Recycled Catalog Envelopes, Brown",Office Supplies,Envelopes,14,295.276,60.216,C,X,LEAN - keep minimal base stock,1.1666666666666667,2.0,3.0,5.0,MINIMISE STOCK
FUR-FU-10001889,Ultra Door Pull Handle,Furniture,Furnishings,21,208.29600000000002,60.2796,C,X,LEAN - keep minimal base stock,1.75,3.0,4.0,6.0,MINIMISE STOCK
TEC-MA-10003173,Hewlett-Packard 300S Scientific Calculator,Technology,Machines,10,294.1,60.306,C,X,LEAN - keep minimal base stock,0.8333333333333334,2.0,3.0,4.0,MINIMISE STOCK
OFF-AP-10001469,Fellowes 8 Outlet Superior Workstation Surge Protector,Office Supplies,Appliances,5,220.55,60.4795,C,X,LEAN - keep minimal base stock,0.4166666666666667,1.0,2.0,3.0,MINIMISE STOCK
FUR-CH-10002439,"Iceberg Nesting Folding Chair, 19w x 6d x 43h",Furniture,Chairs,4,559.88,60.5488,C,Z,OBSOLETE-RISK - minimise/phase out,0.3333333333333333,1.0,2.0,3.0,REVIEW / PHASE-OUT
TEC-AC-10003399,Memorex Mini Travel Drive 64 GB USB 2.0 Flash Drive,Technology,Accessories,4,144.96,60.8832,C,Y,LEAN - order to demand,0.3333333333333333,2.0,3.0,4.0,MINIMISE STOCK
OFF-PA-10004082,"Adams Telephone Message Book w/Frequently-Called Numbers Space, 400 Messages per Book",Office Supplies,Paper,15,529.7,59.85,C,Z,OBSOLETE-RISK - minimise/phase out,1.25,8.0,9.0,11.0,REVIEW / PHASE-OUT
OFF-PA-10004438,Xerox 1907,Office Supplies,Paper,10,295.8,57.716,C,X,LEAN - keep minimal base stock,0.8333333333333334,1.0,2.0,3.0,MINIMISE STOCK
TEC-PH-10001425,Mophie Juice Pack Helium for iPhone,Technology,Phones,9,641.928,57.5928,C,X,LEAN - keep minimal base stock,0.75,0.0,1.0,2.0,MINIMISE STOCK
TEC-AC-10002006,Memorex Micro Travel Drive 16 GB,Technology,Accessories,20,403.226,57.564,C,X,LEAN - keep minimal base stock,1.6666666666666667,2.0,3.0,5.0,MINIMISE STOCK
FUR-FU-10003976,"DAX Executive Solid Wood Document Frame, Desktop or Hang, Mahogany, 5 x 7",Furniture,Furnishings,17,468.248,55.1004,C,Y,LEAN - order to demand,1.4166666666666667,2.0,3.0,5.0,MINIMISE STOCK
OFF-AR-10004456,Panasonic KP-4ABK Battery-Operated Pencil Sharpener,Office Supplies,Art,13,296.32,55.192800000000005,C,X,LEAN - keep minimal base stock,1.0833333333333333,1.0,2.0,4.0,MINIMISE STOCK
FUR-FU-10000771,"Eldon 200 Class Desk Accessories, Smoke",Furniture,Furnishings,21,286.88,55.3896,C,Y,LEAN - order to demand,1.75,4.0,5.0,7.0,MINIMISE STOCK
OFF-AR-10004344,Bulldog Vacuum Base Pencil Sharpener,Office Supplies,Art,26,594.964,55.3938,C,X,LEAN - keep minimal base stock,2.1666666666666665,2.0,3.0,6.0,MINIMISE STOCK
OFF-ST-10000344,"Neat Ideas Personal Hanging Folder Files, Black",Office Supplies,Storage,19,687.4259999999999,55.6002,C,X,LEAN - keep minimal base stock,1.5833333333333333,2.0,3.0,5.0,MINIMISE STOCK
TEC-PH-10002398,AT&T 1070 Corded Phone,Technology,Phones,5,445.96,55.745,C,Z,OBSOLETE-RISK - minimise/phase out,0.4166666666666667,1.0,2.0,3.0,REVIEW / PHASE-OUT
FUR-CH-10004853,"Global Manager's Adjustable Task Chair, Storm",Furniture,Chairs,13,1449.4080000000001,55.8626,C,Y,LEAN - order to demand,1.0833333333333333,3.0,4.0,6.0,MINIMISE STOCK
TEC-PH-10000011,PureGear Roll-On Screen Protector,Technology,Phones,15,246.894,55.972,C,Y,LEAN - order to demand,1.25,4.0,5.0,7.0,MINIMISE STOCK
TEC-AC-10001998,Logitech LS21 Speaker System - PC Multimedia - 2.1-CH - Wired,Technology,Accessories,10,904.906,55.972,C,Y,LEAN - order to demand,0.8333333333333334,2.0,3.0,4.0,MINIMISE STOCK
TEC-AC-10004901,Kensington SlimBlade Notebook Wireless Mouse with Nano Receiver,Technology,Accessories,8,419.93600000000004,55.9888,C,Z,OBSOLETE-RISK - minimise/phase out,0.6666666666666666,4.0,5.0,6.0,REVIEW / PHASE-OUT
FUR-FU-10002597,"C-Line Magnetic Cubicle Keepers, Clear Polypropylene",Furniture,Furnishings,28,544.344,56.1184,C,X,LEAN - keep minimal base stock,2.3333333333333335,2.0,3.0,6.0,MINIMISE STOCK
OFF-PA-10001534,Xerox 230,Office Supplies,Paper,21,489.00800000000004,56.2464,C,X,LEAN - keep minimal base stock,1.75,2.0,3.0,5.0,MINIMISE STOCK
TEC-PH-10001700,Panasonic KX-TG6844B Expandable Digital Cordless Telephone,Technology,Phones,18,1135.86,56.7514,C,Y,LEAN - order to demand,1.5,2.0,3.0,5.0,MINIMISE STOCK
OFF-ST-10004507,Advantus Rolling Storage Box,Office Supplies,Storage,16,627.25,56.938,C,X,LEAN - keep minimal base stock,1.3333333333333333,1.0,2.0,4.0,MINIMISE STOCK
OFF-PA-10001725,Xerox 1892,Office Supplies,Paper,3,116.28,56.9772,C,Z,OBSOLETE-RISK - minimise/phase out,0.25,1.0,2.0,3.0,REVIEW / PHASE-OUT
TEC-PH-10001363,Apple iPhone 5S,Technology,Phones,3,1332.978,56.99900000000001,C,X,LEAN - keep minimal base stock,0.25,1.0,2.0,3.0,MINIMISE STOCK
OFF-ST-10003455,"Tenex File Box, Personal Filing Tote with Lid, Black",Office Supplies,Storage,18,399.67,57.0768,C,X,LEAN - keep minimal base stock,1.5,2.0,3.0,5.0,MINIMISE STOCK
TEC-AC-10000991,Sony Micro Vault Click 8 GB USB 2.0 Flash Drive,Technology,Accessories,13,632.6759999999999,57.3278,C,Y,LEAN - order to demand,1.0833333333333333,3.0,4.0,6.0,MINIMISE STOCK
OFF-LA-10004093,Avery 486,Office Supplies,Labels,18,493.194,57.4566,C,Y,LEAN - order to demand,1.5,3.0,4.0,6.0,MINIMISE STOCK
OFF-ST-10000877,Recycled Steel Personal File for Standard File Folders,Office Supplies,Storage,4,265.16,57.5016,C,Z,OBSOLETE-RISK - minimise/phase out,0.3333333333333333,1.0,2.0,3.0,REVIEW / PHASE-OUT
TEC-PH-10004120,AT&T 1080 Phone,Technology,Phones,7,767.144,57.5358,C,Z,OBSOLETE-RISK - minimise/phase out,0.5833333333333334,3.0,4.0,5.0,REVIEW / PHASE-OUT
OFF-AR-10002445,SANFORD Major Accent Highlighters,Office Supplies,Art,24,396.08799999999997,61.7376,C,Y,LEAN - order to demand,2.0,3.0,4.0,6.0,MINIMISE STOCK
OFF-AR-10004022,Panasonic KP-380BK Classic Electric Pencil Sharpener,Office Supplies,Art,16,591.504,100.744,C,X,LEAN - keep minimal base stock,1.3333333333333333,1.0,2.0,4.0,MINIMISE STOCK
FUR-CH-10003199,Office Star - Contemporary Task Swivel Chair,Furniture,Chairs,14,1286.976,62.14880000000001,C,Y,LEAN - order to demand,1.1666666666666667,2.0,3.0,5.0,MINIMISE STOCK
OFF-BI-10004230,GBC Recycled Grain Textured Covers,Office Supplies,Binders,10,371.78,62.172000000000004,C,Y,LEAN - order to demand,0.8333333333333334,4.0,5.0,6.0,MINIMISE STOCK
OFF-AR-10000538,"Boston Model 1800 Electric Pencil Sharpener, Gray",Office Supplies,Art,10,264.61,67.56,C,Y,LEAN - order to demand,0.8333333333333334,3.0,4.0,5.0,MINIMISE STOCK
TEC-AC-10002331,"Maxell 74 Minute CDR, 10/Pack",Technology,Accessories,23,1791.292,67.5798,C,Y,LEAN - order to demand,1.9166666666666667,4.0,5.0,7.0,MINIMISE STOCK
TEC-AC-10001266,Memorex Micro Travel Drive 8 GB,Technology,Accessories,16,426.0,67.6,C,X,LEAN - keep minimal base stock,1.3333333333333333,2.0,3.0,5.0,MINIMISE STOCK
OFF-PA-10003441,Xerox 226,Office Supplies,Paper,23,339.152,67.6512,C,Y,LEAN - order to demand,1.9166666666666667,3.0,4.0,6.0,MINIMISE STOCK
FUR-FU-10004952,"C-Line Cubicle Keepers Polyproplyene Holder w/Velcro Back, 8-1/2x11, 25/Bx",Furniture,Furnishings,4,252.95999999999998,67.8776,C,X,LEAN - keep minimal base stock,0.3333333333333333,0.0,1.0,2.0,MINIMISE STOCK
TEC-PH-10001819,Innergie mMini Combo Duo USB Travel Charging Kit,Technology,Phones,4,278.964,68.3848,C,X,LEAN - keep minimal base stock,0.3333333333333333,0.0,1.0,2.0,MINIMISE STOCK
FUR-BO-10004015,"Bush Andora Bookcase, Maple/Graphite Gray Finish",Furniture,Bookcases,26,2755.7915,68.39430000000002,C,X,LEAN - keep minimal base stock,2.1666666666666665,2.0,3.0,6.0,MINIMISE STOCK
FUR-FU-10000308,Deflect-o Glass Clear Studded Chair Mats,Furniture,Furnishings,5,672.9,68.398,C,X,LEAN - keep minimal base stock,0.4166666666666667,1.0,2.0,3.0,MINIMISE STOCK
OFF-BI-10004828,GBC Poly Designer Binding Covers,Office Supplies,Binders,11,316.37800000000004,68.4666,C,Y,LEAN - order to demand,0.9166666666666666,2.0,3.0,4.0,MINIMISE STOCK
OFF-FA-10003495,Staples,Office Supplies,Fasteners,29,496.648,67.488,C,X,LEAN - keep minimal base stock,2.4166666666666665,3.0,4.0,7.0,MINIMISE STOCK
OFF-SU-10000898,"Acme Hot Forged Carbon Steel Scissors with Nickel-Plated Handles, 3 7/8"" Cut, 8""L",Office Supplies,Supplies,17,562.3,68.527,C,X,LEAN - keep minimal base stock,1.4166666666666667,1.0,2.0,4.0,MINIMISE STOCK
OFF-BI-10000962,"Acco Flexible ACCOHIDE Square Ring Data Binder, Dark Blue, 11 1/2"" X 14"" 7/8""",Office Supplies,Binders,18,432.01800000000003,68.6594,C,Y,LEAN - order to demand,1.5,3.0,4.0,6.0,MINIMISE STOCK
OFF-PA-10004735,Xerox 1905,Office Supplies,Paper,23,448.448,68.94720000000001,C,Y,LEAN - order to demand,1.9166666666666667,2.0,3.0,5.0,MINIMISE STOCK
FUR-FU-10004245,"Career Cubicle Clock, 8 1/4"", Black",Furniture,Furnishings,10,388.688,68.952,C,X,LEAN - keep minimal base stock,0.8333333333333334,2.0,3.0,4.0,MINIMISE STOCK
OFF-PA-10003127,Easy-staple paper,Office Supplies,Paper,7,424.832,69.1156,C,Y,LEAN - order to demand,0.5833333333333334,1.0,2.0,3.0,MINIMISE STOCK
FUR-BO-10001811,"Atlantic Metals Mobile 5-Shelf Bookcases, Custom Colors",Furniture,Bookcases,17,3767.8874,69.22540000000001,C,Y,LEAN - order to demand,1.4166666666666667,2.0,3.0,5.0,MINIMISE STOCK
FUR-FU-10001475,"Contract Clock, 14"", Brown",Furniture,Furnishings,14,703.552,69.4568,C,Y,LEAN - order to demand,1.1666666666666667,2.0,3.0,5.0,MINIMISE STOCK
OFF-PA-10003172,Xerox 1996,Office Supplies,Paper,24,1216.336,69.4656,C,Y,LEAN - order to demand,2.0,3.0,4.0,6.0,MINIMISE STOCK
OFF-ST-10001325,Sterilite Officeware Hinged File Box,Office Supplies,Storage,32,1265.4,69.5872,C,Y,LEAN - order to demand,2.6666666666666665,3.0,4.0,7.0,MINIMISE STOCK
OFF-PA-10003625,Xerox 1979,Office Supplies,Paper,5,154.9,69.705,C,Z,OBSOLETE-RISK - minimise/phase out,0.4166666666666667,1.0,2.0,3.0,REVIEW / PHASE-OUT
OFF-BI-10002498,Clear Mylar Reinforcing Strips,Office Supplies,Binders,21,814.612,68.5923,C,Y,LEAN - order to demand,1.75,3.0,4.0,6.0,MINIMISE STOCK
TEC-PH-10001750,Samsung Rugby III,Technology,Phones,6,366.346,67.3098,C,X,LEAN - keep minimal base stock,0.5,0.0,1.0,2.0,MINIMISE STOCK
TEC-PH-10001644,"BlueLounge Milo Smartphone Stand, White/Metallic",Technology,Phones,8,239.92,67.1776,C,X,LEAN - keep minimal base stock,0.6666666666666666,2.0,3.0,4.0,MINIMISE STOCK
OFF-PA-10002666,Southworth 25% Cotton Linen-Finish Paper & Envelopes,Office Supplies,Paper,20,363.704,67.044,C,Y,LEAN - order to demand,1.6666666666666667,3.0,4.0,6.0,MINIMISE STOCK
OFF-EN-10001335,"White Business Envelopes with Contemporary Seam, Recycled White Business Envelopes",Office Supplies,Envelopes,13,227.46800000000002,62.358,C,Y,LEAN - order to demand,1.0833333333333333,2.0,3.0,5.0,MINIMISE STOCK
OFF-SU-10000381,Acme Forged Steel Scissors with Black Enamel Handles,Office Supplies,Supplies,30,591.6800000000001,62.377,C,X,LEAN - keep minimal base stock,2.5,2.0,3.0,6.0,MINIMISE STOCK
FUR-FU-10002501,Nu-Dell Executive Frame,Furniture,Furnishings,28,719.664,62.6944,C,X,LEAN - keep minimal base stock,2.3333333333333335,2.0,3.0,6.0,MINIMISE STOCK
FUR-FU-10001588,"Deflect-o SuperTray Unbreakable Stackable Tray, Letter, Black",Furniture,Furnishings,5,166.9,62.737,C,Z,OBSOLETE-RISK - minimise/phase out,0.4166666666666667,1.0,2.0,3.0,REVIEW / PHASE-OUT
FUR-BO-10004218,"Bush Heritage Pine Collection 5-Shelf Bookcase, Albany Pine Finish, *Special Order",Furniture,Bookcases,9,1113.4969999999998,63.441,C,Y,LEAN - order to demand,0.75,3.0,4.0,5.0,MINIMISE STOCK
OFF-PA-10001363,Xerox 1933,Office Supplies,Paper,11,217.08,63.4876,C,X,LEAN - keep minimal base stock,0.9166666666666666,1.0,2.0,3.0,MINIMISE STOCK
OFF-AR-10000588,Newell 345,Office Supplies,Art,20,508.12,63.488,C,X,LEAN - keep minimal base stock,1.6666666666666667,1.0,2.0,4.0,MINIMISE STOCK
OFF-AR-10001915,Peel-Off China Markers,Office Supplies,Art,20,532.74,63.55200000000001,C,Y,LEAN - order to demand,1.6666666666666667,5.0,6.0,8.0,MINIMISE STOCK
OFF-ST-10000615,"SimpliFile Personal File, Black Granite, 15w x 6-15/16d x 11-1/4h",Office Supplies,Storage,25,807.86,63.56,C,Y,LEAN - order to demand,2.0833333333333335,3.0,4.0,7.0,MINIMISE STOCK
OFF-PA-10003724,"Wirebound Message Book, 4 per Page",Office Supplies,Paper,24,491.32,63.8568,C,X,LEAN - keep minimal base stock,2.0,1.0,2.0,4.0,MINIMISE STOCK
OFF-ST-10000464,"Multi-Use Personal File Cart and Caster Set, Three Stacking Bins",Office Supplies,Storage,8,2478.176,63.9584,C,X,LEAN - keep minimal base stock,0.6666666666666666,1.0,2.0,3.0,MINIMISE STOCK
OFF-PA-10001870,Xerox 202,Office Supplies,Paper,24,233.152,64.2816,C,Y,LEAN - order to demand,2.0,3.0,4.0,6.0,MINIMISE STOCK
TEC-PH-10002170,ClearSounds CSC500 Amplified Spirit Phone Corded phone,Technology,Phones,4,372.962,64.3908,C,Y,LEAN - order to demand,0.3333333333333333,2.0,3.0,4.0,MINIMISE STOCK
TEC-PH-10002200,Samsung Galaxy Note 2,Technology,Phones,24,4425.4220000000005,65.09880000000005,C,Y,LEAN - order to demand,2.0,3.0,4.0,6.0,MINIMISE STOCK
FUR-FU-10002671,Electrix 20W Halogen Replacement Bulb for Zoom-In Desk Lamp,Furniture,Furnishings,11,142.04,65.392,C,Z,OBSOLETE-RISK - minimise/phase out,0.9166666666666666,3.0,4.0,5.0,REVIEW / PHASE-OUT
FUR-FU-10001934,Magnifier Swing Arm Lamp,Furniture,Furnishings,12,689.76,65.4576,C,X,LEAN - keep minimal base stock,1.0,1.0,2.0,3.0,MINIMISE STOCK
FUR-FU-10003577,Nu-Dell Leatherette Frames,Furniture,Furnishings,15,345.62800000000004,65.964,C,Z,OBSOLETE-RISK - minimise/phase out,1.25,1.0,2.0,4.0,REVIEW / PHASE-OUT
OFF-FA-10002280,Advantus Plastic Paper Clips,Office Supplies,Fasteners,30,588.0,66.0,C,Y,LEAN - order to demand,2.5,3.0,4.0,7.0,MINIMISE STOCK
OFF-PA-10002581,Xerox 1951,Office Supplies,Paper,7,310.88,66.607,C,X,LEAN - keep minimal base stock,0.5833333333333334,1.0,2.0,3.0,MINIMISE STOCK
TEC-PH-10002468,"Plantronics CS 50-USB - headset - Convertible, Monaural",Technology,Phones,7,786.544,66.6351,C,Z,OBSOLETE-RISK - minimise/phase out,0.5833333333333334,1.0,2.0,3.0,REVIEW / PHASE-OUT
OFF-EN-10003040,Quality Park Security Envelopes,Office Supplies,Envelopes,8,211.95600000000002,66.9952,C,Y,LEAN - order to demand,0.6666666666666666,2.0,3.0,4.0,MINIMISE STOCK
TEC-PH-10000562,Samsung Convoy 3,Technology,Phones,2,221.98,62.1544,C,Z,OBSOLETE-RISK - minimise/phase out,0.16666666666666666,1.0,2.0,3.0,REVIEW / PHASE-OUT
FUR-CH-10004698,"Padded Folding Chairs, Black, 4/Carton",Furniture,Chairs,11,746.428,55.066399999999994,C,Y,LEAN - order to demand,0.9166666666666666,2.0,3.0,4.0,MINIMISE STOCK
OFF-AP-10000159,Belkin F9M820V08 8 Outlet Surge,Office Supplies,Appliances,15,678.74,101.003,C,Y,LEAN - order to demand,1.25,4.0,5.0,7.0,MINIMISE STOCK
OFF-PA-10001685,Easy-staple paper,Office Supplies,Paper,27,427.332,101.7042,C,X,LEAN - keep minimal base stock,2.25,2.0,3.0,6.0,MINIMISE STOCK
TEC-PH-10000455,GE 30522EE2,Technology,Phones,5,599.95,168.1855,C,X,LEAN - keep minimal base stock,0.4166666666666667,1.0,2.0,3.0,MINIMISE STOCK
OFF-AP-10001124,Belkin 8 Outlet SurgeMaster II Gold Surge Protector with Phone Protection,Office Supplies,Appliances,8,669.84,168.4384,C,Z,OBSOLETE-RISK - minimise/phase out,0.6666666666666666,1.0,2.0,3.0,REVIEW / PHASE-OUT
OFF-AP-10001271,Eureka The Boss Cordless Rechargeable Stick Vac,Office Supplies,Appliances,14,776.328,172.3124,C,X,LEAN - keep minimal base stock,1.1666666666666667,2.0,3.0,5.0,MINIMISE STOCK
TEC-AC-10000736,Logitech G600 MMO Gaming Mouse,Technology,Accessories,6,582.94,172.7784,C,Y,LEAN - order to demand,0.5,3.0,4.0,5.0,MINIMISE STOCK
OFF-PA-10004381,14-7/8 x 11 Blue Bar Computer Printout Paper,Office Supplies,Paper,10,824.752,172.94400000000002,C,X,LEAN - keep minimal base stock,0.8333333333333334,1.0,2.0,3.0,MINIMISE STOCK
OFF-AP-10002439,Tripp Lite Isotel 8 Ultra 8 Outlet Metal Surge,Office Supplies,Appliances,11,763.282,174.5862,C,Y,LEAN - order to demand,0.9166666666666666,4.0,5.0,6.0,MINIMISE STOCK
OFF-EN-10003055,"Blue String-Tie & Button Interoffice Envelopes, 10 x 13",Office Supplies,Envelopes,12,468.78,175.91199999999998,C,X,LEAN - keep minimal base stock,1.0,2.0,3.0,4.0,MINIMISE STOCK
TEC-MA-10003183,DYMO CardScan Personal V9 Business Card Scanner,Technology,Machines,5,844.964,175.989,C,X,LEAN - keep minimal base stock,0.4166666666666667,1.0,2.0,3.0,MINIMISE STOCK
OFF-ST-10000675,"File Shuttle II and Handi-File, Black",Office Supplies,Storage,24,1026.248,176.228,C,Y,LEAN - order to demand,2.0,3.0,4.0,6.0,MINIMISE STOCK
TEC-MA-10001972,Okidata C331dn Printer,Technology,Machines,8,2233.6,167.52,C,X,LEAN - keep minimal base stock,0.6666666666666666,1.0,2.0,3.0,MINIMISE STOCK
FUR-FU-10000277,Deflect-o DuraMat Antistatic Studded Beveled Mat for Medium Pile Carpeting,Furniture,Furnishings,12,1158.672,176.9712,C,Y,LEAN - order to demand,1.0,3.0,4.0,5.0,MINIMISE STOCK
FUR-CH-10001708,Office Star - Contemporary Swivel Chair with Padded Adjustable Arms and Flex Back,Furniture,Chairs,16,2224.6220000000003,177.63479999999998,C,Y,LEAN - order to demand,1.3333333333333333,3.0,4.0,6.0,MINIMISE STOCK
FUR-FU-10003708,"Tenex Traditional Chairmats for Medium Pile Carpet, Standard Lip, 36"" x 48""",Furniture,Furnishings,14,1123.1,178.311,C,Y,LEAN - order to demand,1.1666666666666667,3.0,4.0,6.0,MINIMISE STOCK
TEC-PH-10000215,Plantronics Cordless Phone Headset with In-line Volume - M214C,Technology,Phones,19,684.05,179.2935,C,Y,LEAN - order to demand,1.5833333333333333,4.0,5.0,7.0,MINIMISE STOCK
TEC-MA-10000112,Panasonic KX MB2061 Multifunction Printer,Technology,Machines,10,2396.4,179.73,C,Z,OBSOLETE-RISK - minimise/phase out,0.8333333333333334,1.0,2.0,3.0,REVIEW / PHASE-OUT
TEC-CO-10004202,Brother DCP1000 Digital 3 in 1 Multifunction Machine,Technology,Copiers,4,1005.9680000000001,179.994,C,X,LEAN - keep minimal base stock,0.3333333333333333,0.0,1.0,2.0,MINIMISE STOCK
OFF-PA-10002923,Xerox 1942,Office Supplies,Paper,9,465.308,181.078,C,Y,LEAN - order to demand,0.75,1.0,2.0,3.0,MINIMISE STOCK
OFF-AP-10004487,Kensington 4 Outlet MasterPiece Compact Power Control Center,Office Supplies,Appliances,18,1645.064,182.1568,C,Y,LEAN - order to demand,1.5,2.0,3.0,5.0,MINIMISE STOCK
OFF-ST-10000604,Home/Office Personal File Carts,Office Supplies,Storage,21,795.96,182.49,C,X,LEAN - keep minimal base stock,1.75,2.0,3.0,5.0,MINIMISE STOCK
FUR-FU-10004848,"Howard Miller 13-3/4"" Diameter Brushed Chrome Round Wall Clock",Furniture,Furnishings,34,1249.132,183.3907,C,Y,LEAN - order to demand,2.8333333333333335,3.0,4.0,7.0,MINIMISE STOCK
TEC-MA-10001031,Socket Bluetooth Cordless Hand Scanner (CHS),Technology,Machines,3,554.28,177.198,C,Z,OBSOLETE-RISK - minimise/phase out,0.25,1.0,2.0,3.0,REVIEW / PHASE-OUT
TEC-AC-10003628,Logitech 910-002974 M325 Wireless Mouse for Web Scrolling,Technology,Accessories,18,803.838,183.53879999999998,C,Y,LEAN - order to demand,1.5,3.0,4.0,6.0,MINIMISE STOCK
TEC-AC-10001990,Kensington Orbit Wireless Mobile Trackball for PC and Mac,Technology,Accessories,23,1246.816,165.5724,C,Y,LEAN - order to demand,1.9166666666666667,4.0,5.0,7.0,MINIMISE STOCK
OFF-AP-10001154,Bionaire Personal Warm Mist Humidifier/Vaporizer,Office Supplies,Appliances,9,510.01,164.5839,C,X,LEAN - keep minimal base stock,0.75,2.0,3.0,4.0,MINIMISE STOCK
OFF-EN-10004206,Multimedia Mailers,Office Supplies,Envelopes,2,370.86,149.8956,C,Z,OBSOLETE-RISK - minimise/phase out,0.16666666666666666,1.0,2.0,3.0,REVIEW / PHASE-OUT
TEC-AC-10000109,Sony Micro Vault Click 16 GB USB 2.0 Flash Drive,Technology,Accessories,17,907.4440000000001,150.0532,C,X,LEAN - keep minimal base stock,1.4166666666666667,1.0,2.0,4.0,MINIMISE STOCK
TEC-PH-10003171,Plantronics Encore H101 Dual Earpieces Headset,Technology,Phones,17,891.22,151.032,C,X,LEAN - keep minimal base stock,1.4166666666666667,1.0,2.0,4.0,MINIMISE STOCK
FUR-CH-10003606,SAFCO Folding Chair Trolley,Furniture,Chairs,6,798.32,151.3232,C,Y,LEAN - order to demand,0.5,2.0,3.0,4.0,MINIMISE STOCK
TEC-PH-10003589,invisibleSHIELD by ZAGG Smudge-Free Screen Protector,Technology,Phones,23,1343.996,151.8356,C,X,LEAN - keep minimal base stock,1.9166666666666667,1.0,2.0,4.0,MINIMISE STOCK
TEC-MA-10002981,I.R.I.S IRISCard Anywhere 5 Card Scanner,Technology,Machines,3,361.973,152.0883,C,Z,OBSOLETE-RISK - minimise/phase out,0.25,1.0,2.0,3.0,REVIEW / PHASE-OUT
FUR-BO-10003660,"Bush Cubix Collection Bookcases, Fully Assembled",Furniture,Bookcases,3,836.94,152.4762,C,X,LEAN - keep minimal base stock,0.25,1.0,2.0,3.0,MINIMISE STOCK
TEC-AC-10001013,Logitech ClearChat Comfort/USB Headset H390,Technology,Accessories,17,637.2139999999999,152.60089999999997,C,Z,OBSOLETE-RISK - minimise/phase out,1.4166666666666667,6.0,7.0,9.0,REVIEW / PHASE-OUT
OFF-PA-10003656,Xerox 1935,Office Supplies,Paper,14,366.49199999999996,154.0592,C,X,LEAN - keep minimal base stock,1.1666666666666667,2.0,3.0,5.0,MINIMISE STOCK
OFF-PA-10003790,Xerox 1991,Office Supplies,Paper,17,530.576,164.9048,C,Y,LEAN - order to demand,1.4166666666666667,2.0,3.0,5.0,MINIMISE STOCK
TEC-PH-10002262,LG Electronics Tone+ HBS-730 Bluetooth Headset,Technology,Phones,15,823.434,154.726,C,Z,OBSOLETE-RISK - minimise/phase out,1.25,7.0,8.0,10.0,REVIEW / PHASE-OUT
OFF-ST-10001272,"Mini 13-1/2 Capacity Data Binder Rack, Pearl",Office Supplies,Storage,8,954.2640000000001,157.04399999999998,C,X,LEAN - keep minimal base stock,0.6666666666666666,1.0,2.0,3.0,MINIMISE STOCK
TEC-AC-10003590,"TRENDnet 56K USB 2.0 Phone, Internet and Fax Modem",Technology,Accessories,18,621.664,157.4112,C,X,LEAN - keep minimal base stock,1.5,4.0,5.0,7.0,MINIMISE STOCK
TEC-PH-10003215,Jackery Bar Premium Fast-charging Portable Charger,Technology,Phones,14,739.38,157.53699999999998,C,X,LEAN - keep minimal base stock,1.1666666666666667,1.0,2.0,4.0,MINIMISE STOCK
OFF-BI-10003364,Binding Machine Supplies,Office Supplies,Binders,29,1301.9850000000001,158.1014,C,Y,LEAN - order to demand,2.4166666666666665,3.0,4.0,7.0,MINIMISE STOCK
OFF-ST-10003282,"Advantus 10-Drawer Portable Organizer, Chrome Metal Frame, Smoke Drawers",Office Supplies,Storage,11,769.456,160.1568,C,Z,OBSOLETE-RISK - minimise/phase out,0.9166666666666666,6.0,7.0,8.0,REVIEW / PHASE-OUT
TEC-PH-10004614,AT&T 841000 Phone,Technology,Phones,23,1418.4,162.15,C,Y,LEAN - order to demand,1.9166666666666667,3.0,4.0,6.0,MINIMISE STOCK
TEC-PH-10002415,Polycom VoiceStation 500 Conference phone,Technology,Phones,11,2693.56,162.2225,C,Y,LEAN - order to demand,0.9166666666666666,3.0,4.0,5.0,MINIMISE STOCK
OFF-PA-10004039,Xerox 1882,Office Supplies,Paper,8,480.86,163.4616,C,X,LEAN - keep minimal base stock,0.6666666666666666,1.0,2.0,3.0,MINIMISE STOCK
TEC-PH-10001468,Panasonic Business Telephones KX-T7736,Technology,Phones,3,590.06,163.818,C,Z,OBSOLETE-RISK - minimise/phase out,0.25,1.0,2.0,3.0,REVIEW / PHASE-OUT
FUR-CH-10001270,Harbour Creations Steel Folding Chair,Furniture,Chairs,12,838.75,155.25,C,X,LEAN - keep minimal base stock,1.0,1.0,2.0,3.0,MINIMISE STOCK
TEC-AC-10001114,Microsoft Wireless Mobile Mouse 4000,Technology,Accessories,15,869.852,183.954,C,Y,LEAN - order to demand,1.25,4.0,5.0,7.0,MINIMISE STOCK
OFF-AR-10002135,Boston Heavy-Duty Trimline Electric Pencil Sharpeners,Office Supplies,Art,16,778.6400000000001,185.08800000000002,C,X,LEAN - keep minimal base stock,1.3333333333333333,2.0,3.0,5.0,MINIMISE STOCK
OFF-PA-10001736,Xerox 1880,Office Supplies,Paper,12,534.104,185.7056,C,Y,LEAN - order to demand,1.0,3.0,4.0,5.0,MINIMISE STOCK
TEC-PH-10000526,Vtech CS6719,Technology,Phones,13,1245.484,215.01760000000002,C,Y,LEAN - order to demand,1.0833333333333333,3.0,4.0,6.0,MINIMISE STOCK
TEC-MA-10004626,Lexmark 20R1285 X6650 Wireless All-in-One Printer,Technology,Machines,6,928.0,218.4,C,X,LEAN - keep minimal base stock,0.5,2.0,3.0,4.0,MINIMISE STOCK
TEC-AC-10001606,Logitech Wireless Performance Mouse MX for PC and Mac,Technology,Accessories,9,804.922,221.9778,C,X,LEAN - keep minimal base stock,0.75,2.0,3.0,4.0,MINIMISE STOCK
OFF-ST-10002292,"Sauder Facets Collection Locker/File Cabinet, Sky Alder Finish",Office Supplies,Storage,5,1706.508,222.588,C,X,LEAN - keep minimal base stock,0.4166666666666667,1.0,2.0,3.0,MINIMISE STOCK
TEC-AC-10002253,Imation Bio 8GB USB Flash Drive Imation Corp,Technology,Accessories,9,1539.16,224.424,C,Z,OBSOLETE-RISK - minimise/phase out,0.75,1.0,2.0,3.0,REVIEW / PHASE-OUT
OFF-PA-10000806,Xerox 1934,Office Supplies,Paper,9,539.428,224.4798,C,Y,LEAN - order to demand,0.75,2.0,3.0,4.0,MINIMISE STOCK
OFF-PA-10004475,Xerox 1940,Office Supplies,Paper,10,844.632,225.33599999999998,C,X,LEAN - keep minimal base stock,0.8333333333333334,2.0,3.0,4.0,MINIMISE STOCK
OFF-PA-10001954,Xerox 1964,Office Supplies,Paper,22,502.48,231.14079999999998,C,X,LEAN - keep minimal base stock,1.8333333333333333,4.0,5.0,7.0,MINIMISE STOCK
TEC-AC-10002402,Razer Kraken PRO Over Ear PC and Music Headset,Technology,Accessories,13,3065.8799999999997,231.971,C,X,LEAN - keep minimal base stock,1.0833333333333333,1.0,2.0,4.0,MINIMISE STOCK
OFF-AP-10002311,"Holmes Replacement Filter for HEPA Air Cleaner, Very Large Room, HEPA Filter",Office Supplies,Appliances,10,734.647,213.31099999999998,C,Y,LEAN - order to demand,0.8333333333333334,1.0,2.0,3.0,MINIMISE STOCK
TEC-PH-10004042,ClearOne Communications CHAT 70 OC Speaker Phone,Technology,Phones,11,1572.304,232.1254,C,X,LEAN - keep minimal base stock,0.9166666666666666,1.0,2.0,3.0,MINIMISE STOCK
TEC-AC-10001109,Logitech Trackman Marble Mouse,Technology,Accessories,23,704.788,235.7214,C,Y,LEAN - order to demand,1.9166666666666667,3.0,4.0,6.0,MINIMISE STOCK
OFF-ST-10000689,"Fellowes Strictly Business Drawer File, Letter/Legal Size",Office Supplies,Storage,24,3211.38,236.628,C,X,LEAN - keep minimal base stock,2.0,2.0,3.0,5.0,MINIMISE STOCK
TEC-AC-10001772,Memorex Mini Travel Drive 16 GB USB 2.0 Flash Drive,Technology,Accessories,38,718.86,236.6754,C,Z,OBSOLETE-RISK - minimise/phase out,3.1666666666666665,12.0,13.0,17.0,REVIEW / PHASE-OUT
OFF-BI-10000977,Ibico Plastic Spiral Binding Combs,Office Supplies,Binders,26,885.76,238.944,C,X,LEAN - keep minimal base stock,2.1666666666666665,1.0,2.0,5.0,MINIMISE STOCK
FUR-BO-10002598,"Hon Metal Bookcases, Putty",Furniture,Bookcases,13,940.3480000000001,239.2026,C,Y,LEAN - order to demand,1.0833333333333333,4.0,5.0,7.0,MINIMISE STOCK
FUR-FU-10004188,Luxo Professional Combination Clamp-On Lamps,Furniture,Furnishings,9,1053.7,239.382,C,Y,LEAN - order to demand,0.75,2.0,3.0,4.0,MINIMISE STOCK
OFF-EN-10002831,"Tyvek  Top-Opening Peel & Seel  Envelopes, Gray",Office Supplies,Envelopes,15,569.0999999999999,242.59499999999997,C,X,LEAN - keep minimal base stock,1.25,1.0,2.0,4.0,MINIMISE STOCK
OFF-BI-10001543,GBC VeloBinder Manual Binding System,Office Supplies,Binders,22,946.018,243.29240000000001,C,Y,LEAN - order to demand,1.8333333333333333,3.0,4.0,6.0,MINIMISE STOCK
OFF-EN-10003296,Tyvek Side-Opening Peel & Seel Expanding Envelopes,Office Supplies,Envelopes,6,580.88,244.296,C,X,LEAN - keep minimal base stock,0.5,2.0,3.0,4.0,MINIMISE STOCK
OFF-PA-10000157,Xerox 191,Office Supplies,Paper,26,836.492,232.1676,C,Y,LEAN - order to demand,2.1666666666666665,4.0,5.0,8.0,MINIMISE STOCK
TEC-AC-10001714,Logitech MX Performance Wireless Mouse,Technology,Accessories,23,1102.8220000000001,211.8159,C,Y,LEAN - order to demand,1.9166666666666667,2.0,3.0,5.0,MINIMISE STOCK
OFF-PA-10002377,"Adams Telephone Message Book W/Dividers/Space For Phone Numbers, 5 1/4""X8 1/2"", 200/Messages",Office Supplies,Paper,38,3020.4719999999998,209.3,C,Y,LEAN - order to demand,3.1666666666666665,2.0,3.0,7.0,MINIMISE STOCK
OFF-AP-10000026,Tripp Lite Isotel 6 Outlet Surge Protector with Fax/Modem Protection,Office Supplies,Appliances,18,1255.714,208.5174,C,X,LEAN - keep minimal base stock,1.5,1.0,2.0,4.0,MINIMISE STOCK
OFF-PA-10000241,"IBM Multi-Purpose Copy Paper, 8 1/2 x 11"", Case",Office Supplies,Paper,16,692.504,185.88,C,Z,OBSOLETE-RISK - minimise/phase out,1.3333333333333333,3.0,4.0,6.0,REVIEW / PHASE-OUT
OFF-AR-10001953,Boston 1645 Deluxe Heavier-Duty Electric Pencil Sharpener,Office Supplies,Art,21,922.008,187.7946,C,X,LEAN - keep minimal base stock,1.75,2.0,3.0,5.0,MINIMISE STOCK
FUR-CH-10004997,Hon Every-Day Series Multi-Task Chairs,Furniture,Chairs,17,2791.5080000000003,187.98,C,X,LEAN - keep minimal base stock,1.4166666666666667,2.0,3.0,5.0,MINIMISE STOCK
FUR-CH-10004875,Harbour Creations 67200 Series Stacking Chairs,Furniture,Chairs,15,1046.048,188.627,C,Y,LEAN - order to demand,1.25,2.0,3.0,5.0,MINIMISE STOCK
TEC-PH-10001530,Cisco Unified IP Phone 7945G VoIP phone,Technology,Phones,16,4066.276,189.2554,C,X,LEAN - keep minimal base stock,1.3333333333333333,2.0,3.0,5.0,MINIMISE STOCK
TEC-MA-10004458,Lexmark X 9575 Professional All-in-One Color Printer,Technology,Machines,4,396.0,190.08,C,Z,OBSOLETE-RISK - minimise/phase out,0.3333333333333333,1.0,2.0,3.0,REVIEW / PHASE-OUT
FUR-FU-10001185,"Advantus Employee of the Month Certificate Frame, 11 x 13-1/2",Furniture,Furnishings,15,585.95,190.2195,C,Y,LEAN - order to demand,1.25,3.0,4.0,6.0,MINIMISE STOCK
OFF-PA-10000474,Easy-staple paper,Office Supplies,Paper,14,724.6320000000001,190.66719999999998,C,X,LEAN - keep minimal base stock,1.1666666666666667,1.0,2.0,4.0,MINIMISE STOCK
TEC-PH-10004345,Cisco SPA 502G IP Phone,Technology,Phones,16,1552.36,191.92,C,Y,LEAN - order to demand,1.3333333333333333,3.0,4.0,6.0,MINIMISE STOCK
FUR-FU-10003553,"Howard Miller 13-1/2"" Diameter Rosebrook Wall Clock",Furniture,Furnishings,15,865.486,192.55599999999998,C,X,LEAN - keep minimal base stock,1.25,1.0,2.0,4.0,MINIMISE STOCK
TEC-PH-10002549,Polycom SoundPoint IP 450 VoIP phone,Technology,Phones,21,3831.1040000000003,194.23960000000002,C,Y,LEAN - order to demand,1.75,3.0,4.0,6.0,MINIMISE STOCK
TEC-AC-10002567,Logitech G602 Wireless Gaming Mouse,Technology,Accessories,13,888.892,198.3752,C,Y,LEAN - order to demand,1.0833333333333333,2.0,3.0,5.0,MINIMISE STOCK
TEC-AC-10002473,Maxell 4.7GB DVD-R,Technology,Accessories,25,956.684,200.079,C,Y,LEAN - order to demand,2.0833333333333335,2.0,3.0,6.0,MINIMISE STOCK
OFF-PA-10004243,Xerox 1939,Office Supplies,Paper,22,637.3399999999999,200.32319999999999,C,Y,LEAN - order to demand,1.8333333333333333,3.0,4.0,6.0,MINIMISE STOCK
TEC-PH-10001336,Digium D40 VoIP phone,Technology,Phones,13,1537.092,202.5143,C,Y,LEAN - order to demand,1.0833333333333333,2.0,3.0,5.0,MINIMISE STOCK
FUR-FU-10003535,Howard Miller Distant Time Traveler Alarm Clock,Furniture,Furnishings,19,749.012,202.6338,C,Y,LEAN - order to demand,1.5833333333333333,4.0,5.0,7.0,MINIMISE STOCK
TEC-PH-10002726,netTALK DUO VoIP Telephone Service,Technology,Phones,13,564.896,204.711,C,Y,LEAN - order to demand,1.0833333333333333,3.0,4.0,6.0,MINIMISE STOCK
OFF-BI-10003718,GBC Therma-A-Bind 250T Electric Binding System,Office Supplies,Binders,6,622.352,206.6232,C,Z,OBSOLETE-RISK - minimise/phase out,0.5,1.0,2.0,3.0,REVIEW / PHASE-OUT
FUR-BO-10003404,"Global Adaptabilites Bookcase, Cherry/Storm Gray Finish",Furniture,Bookcases,8,3505.84,206.87040000000002,C,X,LEAN - keep minimal base stock,0.6666666666666666,2.0,3.0,4.0,MINIMISE STOCK
OFF-PA-10001357,Xerox 1886,Office Supplies,Paper,9,458.1,206.928,C,Y,LEAN - order to demand,0.75,2.0,3.0,4.0,MINIMISE STOCK
FUR-FU-10003192,Luxo Adjustable Task Clamp Lamp,Furniture,Furnishings,9,799.56,207.8856,C,Z,OBSOLETE-RISK - minimise/phase out,0.75,1.0,2.0,3.0,REVIEW / PHASE-OUT
OFF-PA-10001790,Xerox 1910,Office Supplies,Paper,9,415.712,149.88479999999998,C,Y,LEAN - order to demand,0.75,2.0,3.0,4.0,MINIMISE STOCK
OFF-BI-10004593,Ibico Laser Imprintable Binding System Covers,Office Supplies,Binders,11,461.12,149.864,C,X,LEAN - keep minimal base stock,0.9166666666666666,1.0,2.0,3.0,MINIMISE STOCK
FUR-FU-10001488,"Tenex 46"" x 60"" Computer Anti-Static Chairmat, Rectangular Shaped",Furniture,Furnishings,22,2131.62,148.372,C,X,LEAN - keep minimal base stock,1.8333333333333333,2.0,3.0,5.0,MINIMISE STOCK
OFF-ST-10001476,Steel Personal Filing/Posting Tote,Office Supplies,Storage,25,842.424,147.3665,C,X,LEAN - keep minimal base stock,2.0833333333333335,3.0,4.0,7.0,MINIMISE STOCK
FUR-FU-10001473,"Eldon Executive Woodline II Desk Accessories, Mahogany",Furniture,Furnishings,21,1350.652,108.9861,C,Y,LEAN - order to demand,1.75,3.0,4.0,6.0,MINIMISE STOCK
OFF-AR-10004260,Boston 1799 Powerhouse Electric Pencil Sharpener,Office Supplies,Art,15,554.7,109.116,C,Y,LEAN - order to demand,1.25,3.0,4.0,6.0,MINIMISE STOCK
TEC-AC-10004518,Memorex Mini Travel Drive 32 GB USB 2.0 Flash Drive,Technology,Accessories,14,280.0,109.19999999999999,C,X,LEAN - keep minimal base stock,1.1666666666666667,2.0,3.0,5.0,MINIMISE STOCK
FUR-CH-10002647,"Situations Contoured Folding Chairs, 4/Set",Furniture,Chairs,47,2875.064,110.019,C,Y,LEAN - order to demand,3.9166666666666665,3.0,4.0,8.0,MINIMISE STOCK
OFF-LA-10003498,Avery 475,Office Supplies,Labels,15,801.0,111.0,C,Y,LEAN - order to demand,1.25,3.0,4.0,6.0,MINIMISE STOCK
OFF-ST-10003470,"Tennsco Snap-Together Open Shelving Units, Starter Sets and Add-On Units",Office Supplies,Storage,8,2235.84,111.792,C,X,LEAN - keep minimal base stock,0.6666666666666666,0.0,1.0,2.0,MINIMISE STOCK
OFF-PA-10003022,Standard Line “While You Were Out” Hardbound Telephone Message Book,Office Supplies,Paper,23,567.18,112.0212,C,X,LEAN - keep minimal base stock,1.9166666666666667,2.0,3.0,5.0,MINIMISE STOCK
OFF-AP-10003287,Tripp Lite TLP810NET Broadband Surge for Modem/Fax,Office Supplies,Appliances,10,503.11800000000005,112.134,C,Y,LEAN - order to demand,0.8333333333333334,3.0,4.0,5.0,MINIMISE STOCK
OFF-PA-10000167,Xerox 1925,Office Supplies,Paper,13,383.584,113.077,C,X,LEAN - keep minimal base stock,1.0833333333333333,1.0,2.0,4.0,MINIMISE STOCK
OFF-PA-10002421,Embossed Ink Jet Note Cards,Office Supplies,Paper,15,284.382,108.336,C,X,LEAN - keep minimal base stock,1.25,1.0,2.0,4.0,MINIMISE STOCK
OFF-ST-10003692,Recycled Steel Personal File for Hanging File Folders,Office Supplies,Storage,12,728.53,114.46,C,X,LEAN - keep minimal base stock,1.0,2.0,3.0,4.0,MINIMISE STOCK
OFF-AP-10004336,"Conquest 14 Commercial Heavy-Duty Upright Vacuum, Collection System, Accessory Kit",Office Supplies,Appliances,7,439.71999999999997,115.6288,C,X,LEAN - keep minimal base stock,0.5833333333333334,1.0,2.0,3.0,MINIMISE STOCK
TEC-MA-10003176,Okidata B400 Printer,Technology,Machines,3,1069.6,115.83,C,X,LEAN - keep minimal base stock,0.25,1.0,2.0,3.0,MINIMISE STOCK
FUR-FU-10000629,9-3/4 Diameter Round Wall Clock,Furniture,Furnishings,20,535.8,115.836,C,Y,LEAN - order to demand,1.6666666666666667,4.0,5.0,7.0,MINIMISE STOCK
OFF-BI-10001765,Wilson Jones Heavy-Duty Casebound Ring Binders with Metal Hinges,Office Supplies,Binders,7,291.48,116.3904,C,Z,OBSOLETE-RISK - minimise/phase out,0.5833333333333334,1.0,2.0,3.0,REVIEW / PHASE-OUT
OFF-ST-10003442,Eldon Portable Mobile Manager,Office Supplies,Storage,22,790.256,117.07920000000001,C,X,LEAN - keep minimal base stock,1.8333333333333333,3.0,4.0,6.0,MINIMISE STOCK
FUR-FU-10002045,"Executive Impressions 14""",Furniture,Furnishings,12,328.76,117.3744,C,Z,OBSOLETE-RISK - minimise/phase out,1.0,6.0,7.0,8.0,REVIEW / PHASE-OUT
OFF-AR-10003373,"Boston School Pro Electric Pencil Sharpener, 1670",Office Supplies,Art,17,562.876,117.41420000000001,C,X,LEAN - keep minimal base stock,1.4166666666666667,1.0,2.0,4.0,MINIMISE STOCK
OFF-PA-10003395,Xerox 1941,Office Supplies,Paper,4,378.52,117.432,C,Y,LEAN - order to demand,0.3333333333333333,2.0,3.0,4.0,MINIMISE STOCK
OFF-AR-10002240,Panasonic KP-150 Electric Pencil Sharpener,Office Supplies,Art,12,452.88,117.7488,C,Y,LEAN - order to demand,1.0,3.0,4.0,5.0,MINIMISE STOCK
OFF-EN-10002500,Globe Weis Peel & Seel First Class Envelopes,Office Supplies,Envelopes,20,332.6,115.02,C,Y,LEAN - order to demand,1.6666666666666667,3.0,4.0,6.0,MINIMISE STOCK
TEC-AC-10000158,Sony 64GB Class 10 Micro SDHC R40 Memory Card,Technology,Accessories,21,946.404,108.3299,C,X,LEAN - keep minimal base stock,1.75,2.0,3.0,5.0,MINIMISE STOCK
OFF-AP-10002578,"Fellowes Premier Superior Surge Suppressor, 10-Outlet, With Phone and Remote",Office Supplies,Appliances,10,556.6320000000001,107.62400000000001,C,Y,LEAN - order to demand,0.8333333333333334,2.0,3.0,4.0,MINIMISE STOCK
TEC-AC-10000057,Microsoft Natural Ergonomic Keyboard 4000,Technology,Accessories,17,766.8299999999999,107.0643,C,X,LEAN - keep minimal base stock,1.4166666666666667,1.0,2.0,4.0,MINIMISE STOCK
OFF-PA-10000176,Xerox 1887,Office Supplies,Paper,15,776.404,102.438,C,Y,LEAN - order to demand,1.25,2.0,3.0,5.0,MINIMISE STOCK
OFF-PA-10000380,"REDIFORM Incoming/Outgoing Call Register, 11"" X 8 1/2"", 100 Messages",Office Supplies,Paper,31,554.852,102.582,C,Y,LEAN - order to demand,2.5833333333333335,4.0,5.0,8.0,MINIMISE STOCK
OFF-EN-10004386,"Recycled Interoffice Envelopes with String and Button Closure, 10 x 13",Office Supplies,Envelopes,11,450.102,103.157,C,X,LEAN - keep minimal base stock,0.9166666666666666,1.0,2.0,3.0,MINIMISE STOCK
OFF-AP-10001293,Belkin 8 Outlet Surge Protector,Office Supplies,Appliances,9,407.82,103.2696,C,Y,LEAN - order to demand,0.75,3.0,4.0,5.0,MINIMISE STOCK
OFF-AP-10000358,Fellowes Basic Home/Office Series Surge Protectors,Office Supplies,Appliances,31,839.4000000000001,103.7102,C,X,LEAN - keep minimal base stock,2.5833333333333335,2.0,3.0,6.0,MINIMISE STOCK
TEC-MA-10002073,"3D Systems Cube Printer, 2nd Generation, White",Technology,Machines,1,1053.992,103.9992,C,Z,OBSOLETE-RISK - minimise/phase out,0.08333333333333333,1.0,2.0,3.0,REVIEW / PHASE-OUT
OFF-AR-10004010,Hunt Boston Vacuum Mount KS Pencil Sharpener,Office Supplies,Art,13,613.874,104.2702,C,X,LEAN - keep minimal base stock,1.0833333333333333,2.0,3.0,5.0,MINIMISE STOCK
OFF-BI-10000315,Poly Designer Cover & Back,Office Supplies,Binders,20,326.94100000000003,104.44500000000001,C,X,LEAN - keep minimal base stock,1.6666666666666667,2.0,3.0,5.0,MINIMISE STOCK
OFF-LA-10001074,Round Specialty Laser Printer Labels,Office Supplies,Labels,22,289.6,104.5002,C,X,LEAN - keep minimal base stock,1.8333333333333333,2.0,3.0,5.0,MINIMISE STOCK
FUR-CH-10002965,"Global Leather Highback Executive Chair with Pneumatic Height Adjustment, Black",Furniture,Chairs,16,2464.956,104.50959999999999,C,X,LEAN - keep minimal base stock,1.3333333333333333,2.0,3.0,5.0,MINIMISE STOCK
FUR-FU-10004017,"Tenex Contemporary Contur Chairmats for Low and Medium Pile Carpet, Computer, 39"" x 49""",Furniture,Furnishings,12,840.712,105.059,C,Y,LEAN - order to demand,1.0,2.0,3.0,4.0,MINIMISE STOCK
FUR-TA-10004147,Hon 4060 Series Tables,Furniture,Tables,7,716.544,105.2424,C,X,LEAN - keep minimal base stock,0.5833333333333334,1.0,2.0,3.0,MINIMISE STOCK
TEC-AC-10001284,Enermax Briskie RF Wireless Keyboard and Mouse Combo,Technology,Accessories,18,783.782,105.5116,C,X,LEAN - keep minimal base stock,1.5,3.0,4.0,6.0,MINIMISE STOCK
OFF-ST-10000585,Economy Rollaway Files,Office Supplies,Storage,4,884.72,105.728,C,X,LEAN - keep minimal base stock,0.3333333333333333,0.0,1.0,2.0,MINIMISE STOCK
FUR-FU-10000758,DAX Natural Wood-Tone Poster Frame,Furniture,Furnishings,15,374.12800000000004,105.92,C,X,LEAN - keep minimal base stock,1.25,1.0,2.0,4.0,MINIMISE STOCK
OFF-PA-10003673,Strathmore Photo Mount Cards,Office Supplies,Paper,38,900.436,106.3104,C,Y,LEAN - order to demand,3.1666666666666665,5.0,6.0,10.0,MINIMISE STOCK
FUR-BO-10003894,"Safco Value Mate Steel Bookcase, Baked Enamel Finish on Steel, Black",Furniture,Bookcases,14,847.074,106.47,C,Y,LEAN - order to demand,1.1666666666666667,3.0,4.0,6.0,MINIMISE STOCK
TEC-PH-10001254,Jabra BIZ 2300 Duo QD Duo Corded Headset,Technology,Phones,14,1465.288,106.6716,C,Y,LEAN - order to demand,1.1666666666666667,4.0,5.0,7.0,MINIMISE STOCK
OFF-AR-10002987,Prismacolor Color Pencil Set,Office Supplies,Art,18,760.44,106.7392,C,Y,LEAN - order to demand,1.5,2.0,3.0,5.0,MINIMISE STOCK
TEC-PH-10002807,Motorla HX550 Universal Bluetooth Headset,Technology,Phones,11,430.31,106.785,C,X,LEAN - keep minimal base stock,0.9166666666666666,2.0,3.0,4.0,MINIMISE STOCK
OFF-ST-10001837,"SAFCO Mobile Desk Side File, Wire Frame",Office Supplies,Storage,15,858.536,106.89999999999999,C,Y,LEAN - order to demand,1.25,2.0,3.0,5.0,MINIMISE STOCK
TEC-MA-10004255,Konica Minolta magicolor 1690MF Multifunction Printer,Technology,Machines,8,319.92,118.3704,C,Z,OBSOLETE-RISK - minimise/phase out,0.6666666666666666,1.0,2.0,3.0,REVIEW / PHASE-OUT
OFF-BI-10002133,"Wilson Jones Elliptical Ring 3 1/2"" Capacity Binders, 800 sheets",Office Supplies,Binders,23,805.48,101.436,C,Y,LEAN - order to demand,1.9166666666666667,3.0,4.0,6.0,MINIMISE STOCK
FUR-CH-10003973,GuestStacker Chair with Chrome Finish Legs,Furniture,Chairs,9,2907.9680000000003,118.9632,C,X,LEAN - keep minimal base stock,0.75,1.0,2.0,3.0,MINIMISE STOCK
TEC-PH-10003484,Ooma Telo VoIP Home Phone System,Technology,Phones,7,827.138,119.69050000000001,C,Y,LEAN - order to demand,0.5833333333333334,2.0,3.0,4.0,MINIMISE STOCK
TEC-PH-10003505,Geemarc AmpliPOWER60,Technology,Phones,27,4046.68,132.704,C,Y,LEAN - order to demand,2.25,3.0,4.0,7.0,MINIMISE STOCK
FUR-FU-10004960,"Seth Thomas 12"" Clock w/ Goldtone Case",Furniture,Furnishings,17,452.66,132.8244,C,X,LEAN - keep minimal base stock,1.4166666666666667,2.0,3.0,5.0,MINIMISE STOCK
OFF-PA-10001144,Xerox 1913,Office Supplies,Paper,5,459.4,133.152,C,X,LEAN - keep minimal base stock,0.4166666666666667,1.0,2.0,3.0,MINIMISE STOCK
TEC-AC-10004001,Logitech Wireless Headset H600 Over-The-Head Design,Technology,Accessories,10,404.90999999999997,133.269,C,X,LEAN - keep minimal base stock,0.8333333333333334,0.0,1.0,2.0,MINIMISE STOCK
TEC-AC-10004353,Hypercom P1300 Pinpad,Technology,Accessories,8,498.6,136.07999999999998,C,X,LEAN - keep minimal base stock,0.6666666666666666,1.0,2.0,3.0,MINIMISE STOCK
OFF-PA-10000565,Easy-staple paper,Office Supplies,Paper,5,289.9,137.151,C,X,LEAN - keep minimal base stock,0.4166666666666667,1.0,2.0,3.0,MINIMISE STOCK
OFF-ST-10000777,"Companion Letter/Legal File, Black",Office Supplies,Storage,13,625.88,137.44639999999998,C,Y,LEAN - order to demand,1.0833333333333333,3.0,4.0,6.0,MINIMISE STOCK
TEC-PH-10001580,Logitech Mobile Speakerphone P710e - speaker phone,Technology,Phones,6,774.892,137.6796,C,X,LEAN - keep minimal base stock,0.5,1.0,2.0,3.0,MINIMISE STOCK
OFF-LA-10003923,Alphabetical Labels for Top Tab Filing,Office Supplies,Labels,22,492.92,139.12,C,Y,LEAN - order to demand,1.8333333333333333,3.0,4.0,6.0,MINIMISE STOCK
FUR-FU-10001861,"Floodlight Indoor Halogen Bulbs, 1 Bulb per Pack, 60 Watts",Furniture,Furnishings,16,341.0,132.696,C,X,LEAN - keep minimal base stock,1.3333333333333333,2.0,3.0,5.0,MINIMISE STOCK
FUR-BO-10001608,"Hon Metal Bookcases, Black",Furniture,Bookcases,8,607.8399999999999,141.95999999999998,C,X,LEAN - keep minimal base stock,0.6666666666666666,2.0,3.0,4.0,MINIMISE STOCK
TEC-PH-10001305,Panasonic KX TS208W Corded phone,Technology,Phones,29,1215.962,143.0508,C,X,LEAN - keep minimal base stock,2.4166666666666665,3.0,4.0,7.0,MINIMISE STOCK
TEC-PH-10004241,Nokia Lumia 1020,Technology,Phones,4,1439.968,143.9968,C,Z,OBSOLETE-RISK - minimise/phase out,0.3333333333333333,1.0,2.0,3.0,REVIEW / PHASE-OUT
OFF-AR-10000380,"Hunt PowerHouse Electric Pencil Sharpener, Blue",Office Supplies,Art,16,783.7,144.324,C,X,LEAN - keep minimal base stock,1.3333333333333333,2.0,3.0,5.0,MINIMISE STOCK
OFF-AP-10003779,Kensington 7 Outlet MasterPiece Power Center with Fax/Phone Line Protection,Office Supplies,Appliances,5,881.416,145.236,C,Y,LEAN - order to demand,0.4166666666666667,2.0,3.0,4.0,MINIMISE STOCK
OFF-EN-10004483,"#10 White Business Envelopes,4 1/8 x 9 1/2",Office Supplies,Envelopes,21,532.668,145.2609,C,Y,LEAN - order to demand,1.75,3.0,4.0,6.0,MINIMISE STOCK
OFF-PA-10002222,"Xerox Color Copier Paper, 11"" x 17"", Ream",Office Supplies,Paper,16,595.6,145.26239999999999,C,Y,LEAN - order to demand,1.3333333333333333,4.0,5.0,7.0,MINIMISE STOCK
OFF-PA-10001125,Xerox 1988,Office Supplies,Paper,14,525.152,145.606,C,X,LEAN - keep minimal base stock,1.1666666666666667,2.0,3.0,5.0,MINIMISE STOCK
OFF-PA-10003134,Xerox 1937,Office Supplies,Paper,8,399.88800000000003,146.04160000000002,C,X,LEAN - keep minimal base stock,0.6666666666666666,1.0,2.0,3.0,MINIMISE STOCK
OFF-PA-10004092,Tops Green Bar Computer Printout Paper,Office Supplies,Paper,6,312.64,146.82,C,X,LEAN - keep minimal base stock,0.5,0.0,1.0,2.0,MINIMISE STOCK
TEC-PH-10002483,Motorola Moto X,Technology,Phones,6,1648.952,142.79579999999999,C,Y,LEAN - order to demand,0.5,3.0,4.0,5.0,MINIMISE STOCK
TEC-PH-10004539,Wireless Extenders zBoost YX545 SOHO Signal Booster,Technology,Phones,10,1511.92,132.29299999999998,C,X,LEAN - keep minimal base stock,0.8333333333333334,1.0,2.0,3.0,MINIMISE STOCK
TEC-AC-10004171,Razer Kraken 7.1 Surround Sound Over Ear USB Gaming Headset,Technology,Accessories,3,348.97,131.98680000000002,C,X,LEAN - keep minimal base stock,0.25,1.0,2.0,3.0,MINIMISE STOCK
OFF-PA-10000483,Xerox 19,Office Supplies,Paper,13,507.172,131.665,C,Y,LEAN - order to demand,1.0833333333333333,3.0,4.0,6.0,MINIMISE STOCK
TEC-AC-10004595,First Data TMFD35 PIN Pad,Technology,Accessories,4,590.2,119.952,C,Y,LEAN - order to demand,0.3333333333333333,2.0,3.0,4.0,MINIMISE STOCK
TEC-PH-10002115,Plantronics 81402,Technology,Phones,7,540.93,120.1018,C,Z,OBSOLETE-RISK - minimise/phase out,0.5833333333333334,3.0,4.0,5.0,REVIEW / PHASE-OUT
TEC-PH-10002275,Mitel 5320 IP Phone VoIP phone,Technology,Phones,8,1223.536,120.9536,C,X,LEAN - keep minimal base stock,0.6666666666666666,1.0,2.0,3.0,MINIMISE STOCK
OFF-LA-10004544,Avery 505,Office Supplies,Labels,18,529.56,121.36,C,X,LEAN - keep minimal base stock,1.5,3.0,4.0,6.0,MINIMISE STOCK
TEC-PH-10004006,Panasonic KX - TS880B Telephone,Technology,Phones,11,584.42,122.4234,C,Y,LEAN - order to demand,0.9166666666666666,2.0,3.0,4.0,MINIMISE STOCK
FUR-FU-10003039,"Howard Miller 11-1/2"" Diameter Grantwood Wall Clock",Furniture,Furnishings,9,477.54400000000004,123.3518,C,Y,LEAN - order to demand,0.75,2.0,3.0,4.0,MINIMISE STOCK
OFF-PA-10002254,Xerox 1883,Office Supplies,Paper,12,1460.456,124.5136,C,X,LEAN - keep minimal base stock,1.0,2.0,3.0,4.0,MINIMISE STOCK
FUR-FU-10002253,"Howard Miller 13"" Diameter Pewter Finish Round Wall Clock",Furniture,Furnishings,10,462.46,124.52600000000001,C,X,LEAN - keep minimal base stock,0.8333333333333334,2.0,3.0,4.0,MINIMISE STOCK
TEC-PH-10003811,Jabra Supreme Plus Driver Edition Headset,Technology,Phones,18,1739.8600000000001,124.7896,C,Y,LEAN - order to demand,1.5,3.0,4.0,6.0,MINIMISE STOCK
TEC-PH-10004447,Toshiba IPT2010-SD IP Telephone,Technology,Phones,15,1740.8799999999999,125.09100000000001,C,Z,OBSOLETE-RISK - minimise/phase out,1.25,5.0,6.0,8.0,REVIEW / PHASE-OUT
OFF-ST-10000025,Fellowes Stor/Drawer Steel Plus Storage Drawers,Office Supplies,Storage,22,2218.46,125.9676,C,Y,LEAN - order to demand,1.8333333333333333,5.0,6.0,8.0,MINIMISE STOCK
OFF-BI-10001721,Trimflex Flexible Post Binders,Office Supplies,Binders,19,473.804,126.5696,C,Y,LEAN - order to demand,1.5833333333333333,5.0,6.0,8.0,MINIMISE STOCK
FUR-CH-10000988,Hon Olson Stacker Stools,Furniture,Chairs,15,1678.4769999999999,126.729,C,Y,LEAN - order to demand,1.25,2.0,3.0,5.0,MINIMISE STOCK
TEC-AC-10003116,Memorex Froggy Flash Drive 8 GB,Technology,Accessories,23,1149.3,127.2675,C,X,LEAN - keep minimal base stock,1.9166666666666667,2.0,3.0,5.0,MINIMISE STOCK
TEC-PH-10003437,Blue Parrot B250XT Professional Grade Wireless Bluetooth Headset with,Technology,Phones,21,1352.836,127.483,C,X,LEAN - keep minimal base stock,1.75,0.0,1.0,3.0,MINIMISE STOCK
TEC-AC-10000358,Imation Secure Drive + Hardware Encrypted USB flash drive - 16 GB,Technology,Accessories,14,901.8600000000001,127.6464,C,Y,LEAN - order to demand,1.1666666666666667,2.0,3.0,5.0,MINIMISE STOCK
OFF-ST-10003123,Fellowes Bases and Tops For Staxonsteel/High-Stak Systems,Office Supplies,Storage,16,783.64,127.8336,C,X,LEAN - keep minimal base stock,1.3333333333333333,1.0,2.0,4.0,MINIMISE STOCK
OFF-BI-10003876,"Green Canvas Binder for 8-1/2"" x 14"" Sheets",Office Supplies,Binders,8,324.6,128.4,C,X,LEAN - keep minimal base stock,0.6666666666666666,2.0,3.0,4.0,MINIMISE STOCK
TEC-PH-10003095,Samsung HM1900 Bluetooth Headset,Technology,Phones,17,788.08,129.505,C,X,LEAN - keep minimal base stock,1.4166666666666667,2.0,3.0,5.0,MINIMISE STOCK
TEC-MA-10001570,Cisco Desktop Collaboration Experience DX650 IP Video Phone,Technology,Machines,5,420.8,130.2075,C,Z,OBSOLETE-RISK - minimise/phase out,0.4166666666666667,1.0,2.0,3.0,REVIEW / PHASE-OUT
OFF-EN-10002504,"Tyvek  Top-Opening Peel & Seel Envelopes, Plain White",Office Supplies,Envelopes,12,466.41600000000005,131.5512,C,Y,LEAN - order to demand,1.0,3.0,4.0,5.0,MINIMISE STOCK
OFF-LA-10001297,Avery 473,Office Supplies,Labels,24,1480.4,119.232,C,Y,LEAN - order to demand,2.0,2.0,3.0,5.0,MINIMISE STOCK
OFF-AR-10000255,Newell 328,Office Supplies,Art,13,258.92,19.7392,C,Y,LEAN - order to demand,1.0833333333333333,2.0,3.0,5.0,MINIMISE STOCK
TEC-PH-10004165,Mitel MiVoice 5330e IP Phone,Technology,Phones,20,4190.85,54.997999999999976,C,Y,LEAN - order to demand,1.6666666666666667,3.0,4.0,6.0,MINIMISE STOCK
OFF-AP-10002472,3M Office Air Cleaner,Office Supplies,Appliances,6,182.88,54.558,C,Z,OBSOLETE-RISK - minimise/phase out,0.5,1.0,2.0,3.0,REVIEW / PHASE-OUT
OFF-PA-10003893,Xerox 1962,Office Supplies,Paper,20,335.328,28.248,C,Y,LEAN - order to demand,1.6666666666666667,3.0,4.0,6.0,MINIMISE STOCK
OFF-PA-10003845,Xerox 1987,Office Supplies,Paper,10,263.8,28.322,C,Y,LEAN - order to demand,0.8333333333333334,3.0,4.0,5.0,MINIMISE STOCK
OFF-EN-10002986,"#10-4 1/8"" x 9 1/2"" Premium Diagonal Seam Envelopes",Office Supplies,Envelopes,4,109.96,28.332,C,Z,OBSOLETE-RISK - minimise/phase out,0.3333333333333333,1.0,2.0,3.0,REVIEW / PHASE-OUT
FUR-FU-10000087,"Executive Impressions 14"" Two-Color Numerals Wall Clock",Furniture,Furnishings,5,481.424,28.400000000000002,C,Y,LEAN - order to demand,0.4166666666666667,2.0,3.0,4.0,MINIMISE STOCK
OFF-BI-10004970,"ACCOHIDE 3-Ring Binder, Blue, 1""",Office Supplies,Binders,30,378.164,28.497,C,X,LEAN - keep minimal base stock,2.5,2.0,3.0,6.0,MINIMISE STOCK
OFF-PA-10000673,"Post-it “Important Message” Note Pad, Neon Colors, 50 Sheets/Pad",Office Supplies,Paper,9,239.608,28.537599999999998,C,Y,LEAN - order to demand,0.75,3.0,4.0,5.0,MINIMISE STOCK
OFF-LA-10004689,Avery 512,Office Supplies,Labels,27,255.938,28.5821,C,X,LEAN - keep minimal base stock,2.25,1.0,2.0,5.0,MINIMISE STOCK
OFF-BI-10000088,GBC Imprintable Covers,Office Supplies,Binders,18,391.564,28.7676,C,X,LEAN - keep minimal base stock,1.5,2.0,3.0,5.0,MINIMISE STOCK
OFF-PA-10001166,Xerox 2,Office Supplies,Paper,13,425.57599999999996,28.7712,C,Y,LEAN - order to demand,1.0833333333333333,4.0,5.0,7.0,MINIMISE STOCK
TEC-PH-10001536,Spigen Samsung Galaxy S5 Case Wallet,Technology,Phones,11,360.50199999999995,28.203400000000002,C,X,LEAN - keep minimal base stock,0.9166666666666666,2.0,3.0,4.0,MINIMISE STOCK
OFF-PA-10004355,Xerox 231,Office Supplies,Paper,13,358.576,28.7712,C,Y,LEAN - order to demand,1.0833333333333333,3.0,4.0,6.0,MINIMISE STOCK
FUR-FU-10004973,Flat Face Poster Frame,Furniture,Furnishings,37,854.32,29.013599999999997,C,Y,LEAN - order to demand,3.0833333333333335,2.0,3.0,7.0,MINIMISE STOCK
OFF-AR-10003478,"Avery Hi-Liter EverBold Pen Style Fluorescent Highlighters, 4/Pack",Office Supplies,Art,9,247.26,29.304000000000002,C,Y,LEAN - order to demand,0.75,3.0,4.0,5.0,MINIMISE STOCK
FUR-FU-10000010,"DAX Value U-Channel Document Frames, Easel Back",Furniture,Furnishings,21,400.388,29.3727,C,Y,LEAN - order to demand,1.75,3.0,4.0,6.0,MINIMISE STOCK
OFF-PA-10000477,Xerox 22,Office Supplies,Paper,14,283.656,29.4024,C,Y,LEAN - order to demand,1.1666666666666667,2.0,3.0,5.0,MINIMISE STOCK
OFF-BI-10000069,"GBC Prepunched Paper, 19-Hole, for Binding Systems, 24-lb",Office Supplies,Binders,21,455.63300000000004,29.419600000000003,C,Y,LEAN - order to demand,1.75,2.0,3.0,5.0,MINIMISE STOCK
OFF-LA-10003537,Avery 515,Office Supplies,Labels,5,151.65,29.445500000000003,C,X,LEAN - keep minimal base stock,0.4166666666666667,1.0,2.0,3.0,MINIMISE STOCK
FUR-FU-10003142,"Master Big Foot Doorstop, Beige",Furniture,Furnishings,18,314.04,29.4624,C,Y,LEAN - order to demand,1.5,3.0,4.0,6.0,MINIMISE STOCK
OFF-LA-10000248,Avery 52,Office Supplies,Labels,17,269.73,29.4831,C,X,LEAN - keep minimal base stock,1.4166666666666667,1.0,2.0,4.0,MINIMISE STOCK
TEC-PH-10000675,Panasonic KX TS3282B Corded phone,Technology,Phones,6,1640.5520000000001,29.5164,C,X,LEAN - keep minimal base stock,0.5,0.0,1.0,2.0,MINIMISE STOCK
OFF-PA-10003465,Xerox 1912,Office Supplies,Paper,4,171.292,28.834400000000002,C,X,LEAN - keep minimal base stock,0.3333333333333333,0.0,1.0,2.0,MINIMISE STOCK
OFF-PA-10003072,"Eureka Recycled Copy Paper 8 1/2"" x 11"", Ream",Office Supplies,Paper,12,147.984,29.548800000000004,C,X,LEAN - keep minimal base stock,1.0,2.0,3.0,4.0,MINIMISE STOCK
TEC-PH-10003875,KLD Oscar II Style Snap-on Ultra Thin Side Flip Synthetic Leather Cover Case for HTC One HTC M7,Technology,Phones,10,193.2,28.188000000000002,C,Y,LEAN - order to demand,0.8333333333333334,3.0,4.0,5.0,MINIMISE STOCK
OFF-ST-10000918,Crate-A-Files,Office Supplies,Storage,13,812.98,28.122,C,Y,LEAN - order to demand,1.0833333333333333,2.0,3.0,5.0,MINIMISE STOCK
OFF-LA-10003223,Avery 508,Office Supplies,Labels,11,153.01,26.4649,C,Y,LEAN - order to demand,0.9166666666666666,2.0,3.0,4.0,MINIMISE STOCK
OFF-BI-10001036,Cardinal EasyOpen D-Ring Binders,Office Supplies,Binders,29,452.036,26.506,C,Y,LEAN - order to demand,2.4166666666666665,4.0,5.0,8.0,MINIMISE STOCK
OFF-AR-10001446,Newell 309,Office Supplies,Art,13,409.66999999999996,26.564999999999998,C,X,LEAN - keep minimal base stock,1.0833333333333333,1.0,2.0,4.0,MINIMISE STOCK
OFF-LA-10002312,Avery 490,Office Supplies,Labels,4,164.24,26.64,C,Y,LEAN - order to demand,0.3333333333333333,2.0,3.0,4.0,MINIMISE STOCK
OFF-LA-10001569,Avery 499,Office Supplies,Labels,16,339.72,26.6928,C,Y,LEAN - order to demand,1.3333333333333333,2.0,3.0,5.0,MINIMISE STOCK
OFF-AP-10001303,"Holmes Cool Mist Humidifier for the Whole House with 8-Gallon Output per Day, Extended Life Filter",Office Supplies,Appliances,3,59.7,26.865,C,Z,OBSOLETE-RISK - minimise/phase out,0.25,1.0,2.0,3.0,REVIEW / PHASE-OUT
TEC-PH-10002350,Apple EarPods with Remote and Mic,Technology,Phones,7,261.93999999999994,26.8704,C,X,LEAN - keep minimal base stock,0.5833333333333334,1.0,2.0,3.0,MINIMISE STOCK
OFF-BI-10003963,Cardinal Holdit Data Disk Pockets,Office Supplies,Binders,10,65.52,26.936,C,X,LEAN - keep minimal base stock,0.8333333333333334,0.0,1.0,2.0,MINIMISE STOCK
FUR-FU-10004666,DAX Clear Channel Poster Frame,Furniture,Furnishings,5,108.9,26.973,C,Z,OBSOLETE-RISK - minimise/phase out,0.4166666666666667,1.0,2.0,3.0,REVIEW / PHASE-OUT
OFF-PA-10003256,Avery Personal Creations Heavyweight Cards,Office Supplies,Paper,8,188.164,28.157600000000002,C,Z,OBSOLETE-RISK - minimise/phase out,0.6666666666666666,4.0,5.0,6.0,REVIEW / PHASE-OUT
OFF-AR-10002067,Newell 334,Office Supplies,Art,6,165.072,26.982400000000002,C,Y,LEAN - order to demand,0.5,3.0,4.0,5.0,MINIMISE STOCK
FUR-BO-10001619,O'Sullivan Cherrywood Estates Traditional Bookcase,Furniture,Bookcases,6,446.90000000000003,27.193599999999996,C,Y,LEAN - order to demand,0.5,3.0,4.0,5.0,MINIMISE STOCK
OFF-FA-10003112,Staples,Office Supplies,Fasteners,13,305.634,27.2205,C,Y,LEAN - order to demand,1.0833333333333333,2.0,3.0,5.0,MINIMISE STOCK
OFF-AR-10003752,Deluxe Chalkboard Eraser Cleaner,Office Supplies,Art,6,130.68,27.258,C,X,LEAN - keep minimal base stock,0.5,2.0,3.0,4.0,MINIMISE STOCK
OFF-SU-10000952,Fiskars Home & Office Scissors,Office Supplies,Supplies,11,97.68,27.3504,C,X,LEAN - keep minimal base stock,0.9166666666666666,1.0,2.0,3.0,MINIMISE STOCK
FUR-FU-10004093,Hand-Finished Solid Wood Document Frame,Furniture,Furnishings,4,635.228,27.384,C,Z,OBSOLETE-RISK - minimise/phase out,0.3333333333333333,1.0,2.0,3.0,REVIEW / PHASE-OUT
OFF-BI-10003719,Large Capacity Hanging Post Binders,Office Supplies,Binders,10,203.175,27.444999999999997,C,X,LEAN - keep minimal base stock,0.8333333333333334,0.0,1.0,2.0,MINIMISE STOCK
FUR-FU-10003798,"Ultra Door Kickplate, 8""H x 34""W",Furniture,Furnishings,10,261.24,27.692,C,X,LEAN - keep minimal base stock,0.8333333333333334,0.0,1.0,2.0,MINIMISE STOCK
OFF-LA-10004484,Avery 476,Office Supplies,Labels,19,311.21000000000004,27.836199999999998,C,X,LEAN - keep minimal base stock,1.5833333333333333,2.0,3.0,5.0,MINIMISE STOCK
OFF-PA-10001293,Xerox 1946,Office Supplies,Paper,9,164.32,27.9936,C,Y,LEAN - order to demand,0.75,3.0,4.0,5.0,MINIMISE STOCK
TEC-PH-10001051,HTC One,Technology,Phones,3,249.976,26.9973,C,Z,OBSOLETE-RISK - minimise/phase out,0.25,1.0,2.0,3.0,REVIEW / PHASE-OUT
OFF-LA-10002945,"Permanent Self-Adhesive File Folder Labels for Typewriters, 1 1/8 x 3 1/2, White",Office Supplies,Labels,15,80.64,29.61,C,Y,LEAN - order to demand,1.25,3.0,4.0,6.0,MINIMISE STOCK
OFF-PA-10000312,Xerox 1955,Office Supplies,Paper,5,125.36,29.692,C,Z,OBSOLETE-RISK - minimise/phase out,0.4166666666666667,1.0,2.0,3.0,REVIEW / PHASE-OUT
TEC-PH-10000149,Cisco SPA525G2 IP Phone - Wireless,Technology,Phones,15,369.37,29.925,C,X,LEAN - keep minimal base stock,1.25,2.0,3.0,5.0,MINIMISE STOCK
FUR-FU-10000175,DAX Wood Document Frame.,Furniture,Furnishings,10,261.31600000000003,31.579,C,X,LEAN - keep minimal base stock,0.8333333333333334,2.0,3.0,4.0,MINIMISE STOCK
OFF-PA-10000807,"TOPS ""Important Message"" Pads, Canary, 4-1/4 x 5-1/2, 50 Sheets per Pad",Office Supplies,Paper,17,174.192,31.629199999999997,C,Y,LEAN - order to demand,1.4166666666666667,3.0,4.0,6.0,MINIMISE STOCK
OFF-LA-10000305,Avery 495,Office Supplies,Labels,11,168.3,31.878,C,Y,LEAN - order to demand,0.9166666666666666,3.0,4.0,5.0,MINIMISE STOCK
TEC-AC-10003447,Micropad Numeric Keypads,Technology,Accessories,8,151.924,31.984,C,Z,OBSOLETE-RISK - minimise/phase out,0.6666666666666666,1.0,2.0,3.0,REVIEW / PHASE-OUT
OFF-PA-10003001,Xerox 1986,Office Supplies,Paper,10,66.8,32.064,C,Z,OBSOLETE-RISK - minimise/phase out,0.8333333333333334,1.0,2.0,3.0,REVIEW / PHASE-OUT
OFF-SU-10004782,"Elite 5"" Scissors",Office Supplies,Supplies,22,252.24,32.11,C,Y,LEAN - order to demand,1.8333333333333333,2.0,3.0,5.0,MINIMISE STOCK
OFF-BI-10003460,Acco 3-Hole Punch,Office Supplies,Binders,22,543.344,32.2368,C,X,LEAN - keep minimal base stock,1.8333333333333333,2.0,3.0,5.0,MINIMISE STOCK
OFF-LA-10001641,Avery 518,Office Supplies,Labels,23,298.93,32.256,C,Y,LEAN - order to demand,1.9166666666666667,3.0,4.0,6.0,MINIMISE STOCK
OFF-PA-10000300,Xerox 1936,Office Supplies,Paper,6,299.904,32.3676,C,X,LEAN - keep minimal base stock,0.5,0.0,1.0,2.0,MINIMISE STOCK
OFF-PA-10001001,"Snap-A-Way Black Print Carbonless Speed Message, No Reply Area, Duplicate",Office Supplies,Paper,4,93.248,31.4712,C,Z,OBSOLETE-RISK - minimise/phase out,0.3333333333333333,1.0,2.0,3.0,REVIEW / PHASE-OUT
FUR-FU-10001706,Longer-Life Soft White Bulbs,Furniture,Furnishings,22,243.76,32.5248,C,Y,LEAN - order to demand,1.8333333333333333,5.0,6.0,8.0,MINIMISE STOCK
FUR-FU-10004748,"Howard Miller 16"" Diameter Gallery Wall Clock",Furniture,Furnishings,9,383.64,32.609399999999994,C,Y,LEAN - order to demand,0.75,2.0,3.0,4.0,MINIMISE STOCK
OFF-LA-10002195,Avery 481,Office Supplies,Labels,23,239.608,32.7712,C,Y,LEAN - order to demand,1.9166666666666667,3.0,4.0,6.0,MINIMISE STOCK
OFF-LA-10001613,Avery File Folder Labels,Office Supplies,Labels,29,617.456,32.8608,C,X,LEAN - keep minimal base stock,2.4166666666666665,2.0,3.0,6.0,MINIMISE STOCK
FUR-FU-10000073,Deflect-O Glasstique Clear Desk Accessories,Furniture,Furnishings,13,100.1,33.033,C,Z,OBSOLETE-RISK - minimise/phase out,1.0833333333333333,1.0,2.0,4.0,REVIEW / PHASE-OUT
OFF-EN-10001028,Staple envelope,Office Supplies,Envelopes,6,181.88,33.0648,C,Z,OBSOLETE-RISK - minimise/phase out,0.5,1.0,2.0,3.0,REVIEW / PHASE-OUT
TEC-PH-10004100,Griffin GC17055 Auxiliary Audio Cable,Technology,Phones,23,577.0160000000001,33.1016,C,X,LEAN - keep minimal base stock,1.9166666666666667,2.0,3.0,5.0,MINIMISE STOCK
OFF-AR-10002399,"Dixon Prang Watercolor Pencils, 10-Color Set with Brush",Office Supplies,Art,19,173.94,33.1854,C,Z,OBSOLETE-RISK - minimise/phase out,1.5833333333333333,6.0,7.0,9.0,REVIEW / PHASE-OUT
OFF-ST-10001128,"Carina Mini System Audio Rack, Model AR050B",Office Supplies,Storage,10,1171.8,33.294000000000004,C,X,LEAN - keep minimal base stock,0.8333333333333334,1.0,2.0,3.0,MINIMISE STOCK
OFF-ST-10001291,"Tenex Personal Self-Stacking Standard File Box, Black/Gray",Office Supplies,Storage,11,298.1,33.3127,C,Y,LEAN - order to demand,0.9166666666666666,2.0,3.0,4.0,MINIMISE STOCK
OFF-BI-10000829,Avery Non-Stick Binders,Office Supplies,Binders,21,374.514,32.5974,C,Y,LEAN - order to demand,1.75,3.0,4.0,6.0,MINIMISE STOCK
OFF-ST-10003996,"Letter/Legal File Tote with Clear Snap-On Lid, Black Granite",Office Supplies,Storage,9,360.116,31.156399999999998,C,X,LEAN - keep minimal base stock,0.75,2.0,3.0,4.0,MINIMISE STOCK
OFF-LA-10000121,Avery 48,Office Supplies,Labels,12,232.82,30.996000000000002,C,Y,LEAN - order to demand,1.0,4.0,5.0,6.0,MINIMISE STOCK
OFF-PA-10003591,Southworth 100% Cotton The Best Paper,Office Supplies,Paper,9,82.656,30.996,C,Z,OBSOLETE-RISK - minimise/phase out,0.75,1.0,2.0,3.0,REVIEW / PHASE-OUT
TEC-PH-10004896,Nokia Lumia 521 (T-Mobile),Technology,Phones,10,376.918,29.99,C,Y,LEAN - order to demand,0.8333333333333334,3.0,4.0,5.0,MINIMISE STOCK
TEC-AC-10000927,Anker Ultrathin Bluetooth Wireless Keyboard Aluminum Cover with Stand,Technology,Accessories,16,535.846,29.990000000000002,C,X,LEAN - keep minimal base stock,1.3333333333333333,2.0,3.0,5.0,MINIMISE STOCK
FUR-FU-10002918,Eldon ClusterMat Chair Mat with Cordless Antistatic Protection,Furniture,Furnishings,3,272.94,30.0234,C,Z,OBSOLETE-RISK - minimise/phase out,0.25,1.0,2.0,3.0,REVIEW / PHASE-OUT
OFF-AR-10003179,Dixon Ticonderoga Core-Lock Colored Pencils,Office Supplies,Art,10,304.1,30.063000000000002,C,X,LEAN - keep minimal base stock,0.8333333333333334,2.0,3.0,4.0,MINIMISE STOCK
TEC-AC-10000865,WD My Passport Ultra 500GB Portable External Hard Drive,Technology,Accessories,3,177.0,30.09,C,Z,OBSOLETE-RISK - minimise/phase out,0.25,1.0,2.0,3.0,REVIEW / PHASE-OUT
OFF-BI-10001922,Storex Dura Pro Binders,Office Supplies,Binders,21,411.228,30.1158,C,Y,LEAN - order to demand,1.75,5.0,6.0,8.0,MINIMISE STOCK
OFF-BI-10003305,Avery Hanging File Binders,Office Supplies,Binders,14,75.348,30.139200000000002,C,Y,LEAN - order to demand,1.1666666666666667,2.0,3.0,5.0,MINIMISE STOCK
OFF-LA-10004559,Avery 49,Office Supplies,Labels,23,676.9359999999999,30.1536,C,X,LEAN - keep minimal base stock,1.9166666666666667,2.0,3.0,5.0,MINIMISE STOCK
OFF-AR-10003514,4009 Highlighters by Sanford,Office Supplies,Art,26,338.5,30.168400000000002,C,Y,LEAN - order to demand,2.1666666666666665,3.0,4.0,7.0,MINIMISE STOCK
OFF-LA-10003766,Self-Adhesive Removable Labels,Office Supplies,Labels,20,363.0,30.240000000000002,C,Y,LEAN - order to demand,1.6666666666666667,4.0,5.0,7.0,MINIMISE STOCK
OFF-PA-10000232,Xerox 1975,Office Supplies,Paper,12,539.9839999999999,30.3264,C,X,LEAN - keep minimal base stock,1.0,1.0,2.0,3.0,MINIMISE STOCK
OFF-EN-10004773,Staple envelope,Office Supplies,Envelopes,2,61.96,30.3604,C,Z,OBSOLETE-RISK - minimise/phase out,0.16666666666666666,1.0,2.0,3.0,REVIEW / PHASE-OUT
OFF-ST-10001321,"Decoflex Hanging Personal Folder File, Blue",Office Supplies,Storage,11,248.20000000000002,30.3774,C,X,LEAN - keep minimal base stock,0.9166666666666666,1.0,2.0,3.0,MINIMISE STOCK
TEC-AC-10003614,"Verbatim 25 GB 6x Blu-ray Single Layer Recordable Disc, 10/Pack",Technology,Accessories,11,550.9,30.4817,C,X,LEAN - keep minimal base stock,0.9166666666666666,1.0,2.0,3.0,MINIMISE STOCK
FUR-FU-10003095,"Linden 12"" Wall Clock With Oak Frame",Furniture,Furnishings,3,101.94,30.582,C,Z,OBSOLETE-RISK - minimise/phase out,0.25,1.0,2.0,3.0,REVIEW / PHASE-OUT
TEC-PH-10003357,Grandstream GXP2100 Mainstream Business Phone,Technology,Phones,5,305.96,30.596,C,Z,OBSOLETE-RISK - minimise/phase out,0.4166666666666667,1.0,2.0,3.0,REVIEW / PHASE-OUT
OFF-AP-10004036,Bionaire 99.97% HEPA Air Cleaner,Office Supplies,Appliances,5,182.6,30.66,C,X,LEAN - keep minimal base stock,0.4166666666666667,1.0,2.0,3.0,MINIMISE STOCK
OFF-PA-10001804,Xerox 195,Office Supplies,Paper,10,270.464,30.727999999999998,C,Y,LEAN - order to demand,0.8333333333333334,2.0,3.0,4.0,MINIMISE STOCK
TEC-AC-10004708,Sony 32GB Class 10 Micro SDHC R40 Memory Card,Technology,Accessories,7,307.65,30.796499999999998,C,Y,LEAN - order to demand,0.5833333333333334,2.0,3.0,4.0,MINIMISE STOCK
TEC-AC-10003499,Memorex Mini Travel Drive 8 GB USB 2.0 Flash Drive,Technology,Accessories,14,396.696,30.8028,C,Y,LEAN - order to demand,1.1666666666666667,3.0,4.0,6.0,MINIMISE STOCK
FUR-FU-10004845,"Deflect-o EconoMat Nonstudded, No Bevel Mat",Furniture,Furnishings,5,269.59,30.99,C,X,LEAN - keep minimal base stock,0.4166666666666667,1.0,2.0,3.0,MINIMISE STOCK
OFF-PA-10001801,Xerox 193,Office Supplies,Paper,9,53.82000000000001,26.3718,C,X,LEAN - keep minimal base stock,0.75,2.0,3.0,4.0,MINIMISE STOCK
TEC-MA-10004125,Cubify CubeX 3D Printer Triple Head Print,Technology,Machines,4,3009.98,-3839.9904,C,Z,OBSOLETE-RISK - minimise/phase out,0.3333333333333333,1.0,2.0,3.0,REVIEW / PHASE-OUT
FUR-FU-10003878,"Linden 10"" Round Wall Clock, Black",Furniture,Furnishings,18,645.808,26.281599999999997,C,X,LEAN - keep minimal base stock,1.5,1.0,2.0,4.0,MINIMISE STOCK
OFF-SU-10004231,Acme Tagit Stainless Steel Antibacterial Scissors,Office Supplies,Supplies,15,426.64,26.235,C,X,LEAN - keep minimal base stock,1.25,1.0,2.0,4.0,MINIMISE STOCK
OFF-AP-10002191,Belkin 8 Outlet SurgeMaster II Gold Surge Protector,Office Supplies,Appliances,7,469.892,21.592800000000004,C,X,LEAN - keep minimal base stock,0.5833333333333334,1.0,2.0,3.0,MINIMISE STOCK
FUR-FU-10002960,"Eldon 200 Class Desk Accessories, Burgundy",Furniture,Furnishings,13,386.08000000000004,21.7288,C,Y,LEAN - order to demand,1.0833333333333333,2.0,3.0,5.0,MINIMISE STOCK
FUR-FU-10000794,"Eldon Stackable Tray, Side-Load, Legal, Smoke",Furniture,Furnishings,7,234.98000000000002,21.7532,C,X,LEAN - keep minimal base stock,0.5833333333333334,1.0,2.0,3.0,MINIMISE STOCK
OFF-PA-10001246,Xerox 215,Office Supplies,Paper,7,143.36,21.7728,C,X,LEAN - keep minimal base stock,0.5833333333333334,1.0,2.0,3.0,MINIMISE STOCK
OFF-PA-10003363,Xerox 204,Office Supplies,Paper,7,45.36,21.7728,C,Z,OBSOLETE-RISK - minimise/phase out,0.5833333333333334,1.0,2.0,3.0,REVIEW / PHASE-OUT
FUR-CH-10002774,"Global Deluxe Stacking Chair, Gray",Furniture,Chairs,7,585.2919999999999,21.9214,C,X,LEAN - keep minimal base stock,0.5833333333333334,1.0,2.0,3.0,MINIMISE STOCK
OFF-ST-10001558,Acco Perma 4000 Stacking Storage Drawers,Office Supplies,Storage,21,418.808,21.924,C,Y,LEAN - order to demand,1.75,3.0,4.0,6.0,MINIMISE STOCK
OFF-PA-10000007,"Telephone Message Books with Fax/Mobile Section, 4 1/4"" x 6""",Office Supplies,Paper,15,239.12,21.96,C,X,LEAN - keep minimal base stock,1.25,1.0,2.0,4.0,MINIMISE STOCK
TEC-AC-10000397,"Perixx PERIBOARD-512B, Ergonomic Split Keyboard",Technology,Accessories,9,364.90999999999997,22.0437,C,X,LEAN - keep minimal base stock,0.75,1.0,2.0,3.0,MINIMISE STOCK
OFF-AR-10000034,"BIC Brite Liner Grip Highlighters, Assorted, 5/Pack",Office Supplies,Art,15,146.208,21.412,C,Y,LEAN - order to demand,1.25,3.0,4.0,6.0,MINIMISE STOCK
FUR-FU-10004712,"Westinghouse Mesh Shade Clip-On Gooseneck Lamp, Black",Furniture,Furnishings,6,185.84,22.0584,C,X,LEAN - keep minimal base stock,0.5,2.0,3.0,4.0,MINIMISE STOCK
OFF-BI-10002437,Recycled Premium Regency Composition Covers,Office Supplies,Binders,5,61.12,22.156,C,Z,OBSOLETE-RISK - minimise/phase out,0.4166666666666667,1.0,2.0,3.0,REVIEW / PHASE-OUT
OFF-AR-10004078,Newell 312,Office Supplies,Art,28,552.656,22.192,C,Y,LEAN - order to demand,2.3333333333333335,3.0,4.0,7.0,MINIMISE STOCK
TEC-AC-10004761,Maxell 4.7GB DVD+RW 3/Pack,Technology,Accessories,4,63.72,22.302,C,X,LEAN - keep minimal base stock,0.3333333333333333,0.0,1.0,2.0,MINIMISE STOCK
OFF-AR-10001897,Model L Table or Wall-Mount Pencil Sharpener,Office Supplies,Art,8,169.93,22.3076,C,X,LEAN - keep minimal base stock,0.6666666666666666,2.0,3.0,4.0,MINIMISE STOCK
OFF-AR-10002280,Staples in misc. colors,Office Supplies,Art,9,503.348,22.3215,C,X,LEAN - keep minimal base stock,0.75,2.0,3.0,4.0,MINIMISE STOCK
TEC-AC-10001767,SanDisk Ultra 64 GB MicroSDHC Class 10 Memory Card,Technology,Accessories,16,637.852,22.394399999999997,C,X,LEAN - keep minimal base stock,1.3333333333333333,1.0,2.0,4.0,MINIMISE STOCK
OFF-AR-10001988,Bulldog Table or Wall-Mount Pencil Sharpener,Office Supplies,Art,13,507.87,22.582299999999996,C,X,LEAN - keep minimal base stock,1.0833333333333333,1.0,2.0,4.0,MINIMISE STOCK
TEC-PH-10003273,AT&T TR1909W,Technology,Phones,3,302.376,22.6782,C,Z,OBSOLETE-RISK - minimise/phase out,0.25,1.0,2.0,3.0,REVIEW / PHASE-OUT
OFF-AP-10003266,"Holmes Replacement Filter for HEPA Air Cleaner, Large Room",Office Supplies,Appliances,7,361.93600000000004,22.8074,C,Y,LEAN - order to demand,0.5833333333333334,2.0,3.0,4.0,MINIMISE STOCK
FUR-FU-10002554,"Westinghouse Floor Lamp with Metal Mesh Shade, Black",Furniture,Furnishings,4,278.96,22.0708,C,Y,LEAN - order to demand,0.3333333333333333,2.0,3.0,4.0,MINIMISE STOCK
OFF-FA-10000936,Acco Hot Clips Clips to Go,Office Supplies,Fasteners,18,244.95600000000002,21.384999999999998,C,Y,LEAN - order to demand,1.5,4.0,5.0,7.0,MINIMISE STOCK
OFF-AR-10001468,"Sanford Prismacolor Professional Thick Lead Art Pencils, 36-Color Set",Office Supplies,Art,3,121.856,21.3408,C,Z,OBSOLETE-RISK - minimise/phase out,0.25,1.0,2.0,3.0,REVIEW / PHASE-OUT
OFF-SU-10004664,Acme Softgrip Scissors,Office Supplies,Supplies,18,222.356,21.3268,C,X,LEAN - keep minimal base stock,1.5,1.0,2.0,4.0,MINIMISE STOCK
OFF-FA-10002983,Advantus SlideClip Paper Clips,Office Supplies,Fasteners,15,46.376000000000005,19.778,C,X,LEAN - keep minimal base stock,1.25,2.0,3.0,5.0,MINIMISE STOCK
OFF-PA-10003971,Xerox 1965,Office Supplies,Paper,8,44.252,19.8536,C,X,LEAN - keep minimal base stock,0.6666666666666666,2.0,3.0,4.0,MINIMISE STOCK
OFF-FA-10002988,Ideal Clamps,Office Supplies,Fasteners,26,669.6320000000001,19.9794,C,X,LEAN - keep minimal base stock,2.1666666666666665,2.0,3.0,6.0,MINIMISE STOCK
OFF-PA-10000726,"Black Print Carbonless Snap-Off Rapid Letter, 8 1/2"" x 7""",Office Supplies,Paper,8,148.126,20.042,C,Z,OBSOLETE-RISK - minimise/phase out,0.6666666666666666,4.0,5.0,6.0,REVIEW / PHASE-OUT
OFF-AR-10003696,Panasonic KP-350BK Electric Pencil Sharpener with Auto Stop,Office Supplies,Art,2,513.16,20.0564,C,X,LEAN - keep minimal base stock,0.16666666666666666,0.0,1.0,2.0,MINIMISE STOCK
OFF-AR-10001221,"Dixon Ticonderoga Erasable Colored Pencil Set, 12-Color",Office Supplies,Art,14,179.348,20.0928,C,X,LEAN - keep minimal base stock,1.1666666666666667,0.0,1.0,3.0,MINIMISE STOCK
FUR-FU-10002364,"Eldon Expressions Wood Desk Accessories, Oak",Furniture,Furnishings,17,755.2239999999999,20.1474,C,X,LEAN - keep minimal base stock,1.4166666666666667,1.0,2.0,4.0,MINIMISE STOCK
OFF-BI-10003007,"Premium Transparent Presentation Covers, No Pattern/Clear, 8 1/2"" x 11""",Office Supplies,Binders,22,653.872,20.165599999999984,C,Y,LEAN - order to demand,1.8333333333333333,2.0,3.0,5.0,MINIMISE STOCK
OFF-EN-10002600,"Redi-Strip #10 Envelopes, 4 1/8 x 9 1/2",Office Supplies,Envelopes,18,173.79000000000002,20.178,C,X,LEAN - keep minimal base stock,1.5,0.0,1.0,3.0,MINIMISE STOCK
OFF-ST-10004634,"Personal Folder Holder, Ebony",Office Supplies,Storage,6,201.26000000000002,20.178,C,Y,LEAN - order to demand,0.5,1.0,2.0,3.0,MINIMISE STOCK
OFF-PA-10000809,Xerox 206,Office Supplies,Paper,9,136.544,20.2176,C,X,LEAN - keep minimal base stock,0.75,1.0,2.0,3.0,MINIMISE STOCK
OFF-AR-10001761,Avery Hi-Liter Smear-Safe Highlighters,Office Supplies,Art,13,371.912,20.3232,C,X,LEAN - keep minimal base stock,1.0833333333333333,1.0,2.0,4.0,MINIMISE STOCK
OFF-PA-10000697,"TOPS Voice Message Log Book, Flash Format",Office Supplies,Paper,12,143.50400000000002,20.372799999999998,C,X,LEAN - keep minimal base stock,1.0,0.0,1.0,2.0,MINIMISE STOCK
OFF-AR-10003602,"Quartet Omega Colored Chalk, 12/Pack",Office Supplies,Art,10,573.392,20.44,C,X,LEAN - keep minimal base stock,0.8333333333333334,1.0,2.0,3.0,MINIMISE STOCK
TEC-PH-10000576,AT&T 1080 Corded phone,Technology,Phones,5,1330.562,20.548499999999997,C,X,LEAN - keep minimal base stock,0.4166666666666667,1.0,2.0,3.0,MINIMISE STOCK
OFF-LA-10003077,Avery 500,Office Supplies,Labels,6,151.86,20.6142,C,Z,OBSOLETE-RISK - minimise/phase out,0.5,1.0,2.0,3.0,REVIEW / PHASE-OUT
OFF-ST-10004950,"Tenex Personal Filing Tote With Secure Closure Lid, Black/Frost",Office Supplies,Storage,25,754.284,20.665,C,Y,LEAN - order to demand,2.0833333333333335,3.0,4.0,7.0,MINIMISE STOCK
OFF-AR-10004042,"BOSTON Model 1800 Electric Pencil Sharpeners, Putty/Woodgrain",Office Supplies,Art,4,103.92,20.8568,C,Z,OBSOLETE-RISK - minimise/phase out,0.3333333333333333,1.0,2.0,3.0,REVIEW / PHASE-OUT
OFF-PA-10000552,Xerox 200,Office Supplies,Paper,8,139.952,20.9952,C,X,LEAN - keep minimal base stock,0.6666666666666666,1.0,2.0,3.0,MINIMISE STOCK
TEC-AC-10002167,Imation 8gb Micro Traveldrive Usb 2.0 Flash Drive,Technology,Accessories,20,651.0,21.0,C,X,LEAN - keep minimal base stock,1.6666666666666667,2.0,3.0,5.0,MINIMISE STOCK
OFF-AR-10003504,Newell 347,Office Supplies,Art,19,429.752,21.0148,C,Y,LEAN - order to demand,1.5833333333333333,4.0,5.0,7.0,MINIMISE STOCK
FUR-FU-10003096,"Master Giant Foot Doorstop, Safety Yellow",Furniture,Furnishings,7,468.13,22.8459,C,X,LEAN - keep minimal base stock,0.5833333333333334,1.0,2.0,3.0,MINIMISE STOCK
OFF-BI-10001294,Fellowes Binding Cases,Office Supplies,Binders,21,327.48,33.345,C,Y,LEAN - order to demand,1.75,5.0,6.0,8.0,MINIMISE STOCK
OFF-FA-10002975,Staples,Office Supplies,Fasteners,21,444.77200000000005,22.9068,C,Y,LEAN - order to demand,1.75,5.0,6.0,8.0,MINIMISE STOCK
OFF-PA-10004733,Things To Do Today Spiral Book,Office Supplies,Paper,10,255.35999999999999,22.968,C,X,LEAN - keep minimal base stock,0.8333333333333334,2.0,3.0,4.0,MINIMISE STOCK
OFF-PA-10004610,Xerox 1900,Office Supplies,Paper,15,168.92000000000002,24.61,C,Y,LEAN - order to demand,1.25,3.0,4.0,6.0,MINIMISE STOCK
OFF-AR-10004441,BIC Brite Liner Highlighters,Office Supplies,Art,18,1540.896,24.6744,C,Y,LEAN - order to demand,1.5,2.0,3.0,5.0,MINIMISE STOCK
OFF-BI-10002215,"Wilson Jones Hanging View Binder, White, 1""",Office Supplies,Binders,12,144.0,24.992,C,X,LEAN - keep minimal base stock,1.0,1.0,2.0,3.0,MINIMISE STOCK
TEC-PH-10001615,AT&T CL82213,Technology,Phones,3,136.97,25.2213,C,Z,OBSOLETE-RISK - minimise/phase out,0.25,1.0,2.0,3.0,REVIEW / PHASE-OUT
OFF-PA-10000289,Xerox 213,Office Supplies,Paper,9,869.728,25.4016,C,Y,LEAN - order to demand,0.75,2.0,3.0,4.0,MINIMISE STOCK
FUR-CH-10002780,Office Star - Task Chair with Contemporary Loop Arms,Furniture,Chairs,2,194.764,25.4744,C,Z,OBSOLETE-RISK - minimise/phase out,0.16666666666666666,1.0,2.0,3.0,REVIEW / PHASE-OUT
OFF-PA-10004734,Southworth Structures Collection,Office Supplies,Paper,7,50.96,25.48,C,Z,OBSOLETE-RISK - minimise/phase out,0.5833333333333334,1.0,2.0,3.0,REVIEW / PHASE-OUT
OFF-EN-10002973,Ampad #10 Peel & Seel Holiday Envelopes,Office Supplies,Envelopes,12,157.76,25.8048,C,X,LEAN - keep minimal base stock,1.0,2.0,3.0,4.0,MINIMISE STOCK
OFF-PA-10000551,Array Memo Cubes,Office Supplies,Paper,11,173.90800000000002,25.8482,C,Y,LEAN - order to demand,0.9166666666666666,2.0,3.0,4.0,MINIMISE STOCK
OFF-AR-10003338,"Eberhard Faber 3 1/2"" Golf Pencils",Office Supplies,Art,18,572.992,24.552,C,Y,LEAN - order to demand,1.5,2.0,3.0,5.0,MINIMISE STOCK
FUR-CH-10002317,Global Enterprise Series Seating Low-Back Swivel/Tilt Chairs,Furniture,Chairs,1,257.184,25.898,C,Z,OBSOLETE-RISK - minimise/phase out,0.08333333333333333,1.0,2.0,3.0,REVIEW / PHASE-OUT
OFF-AR-10001683,Lumber Crayons,Office Supplies,Art,8,218.86,26.003999999999998,C,Y,LEAN - order to demand,0.6666666666666666,3.0,4.0,5.0,MINIMISE STOCK
OFF-BI-10002982,Avery Self-Adhesive Photo Pockets for Polaroid Photos,Office Supplies,Binders,19,331.297,26.014200000000002,C,Y,LEAN - order to demand,1.5833333333333333,3.0,4.0,6.0,MINIMISE STOCK
OFF-AR-10001419,Newell 325,Office Supplies,Art,31,643.64,26.019,C,X,LEAN - keep minimal base stock,2.5833333333333335,2.0,3.0,6.0,MINIMISE STOCK
TEC-PH-10002185,QVS USB Car Charger 2-Port 2.1Amp for iPod/iPhone/iPad/iPad 2/iPad 3,Technology,Phones,11,494.11,26.0625,C,Y,LEAN - order to demand,0.9166666666666666,3.0,4.0,5.0,MINIMISE STOCK
OFF-BI-10001628,"Acco Data Flex Cable Posts For Top & Bottom Load Binders, 6"" Capacity",Office Supplies,Binders,26,710.2239999999999,26.075,C,X,LEAN - keep minimal base stock,2.1666666666666665,2.0,3.0,6.0,MINIMISE STOCK
OFF-AP-10002082,Holmes HEPA Air Purifier,Office Supplies,Appliances,12,339.02000000000004,26.136,C,X,LEAN - keep minimal base stock,1.0,1.0,2.0,3.0,MINIMISE STOCK
OFF-PA-10000743,Xerox 1977,Office Supplies,Paper,9,413.448,26.1856,C,X,LEAN - keep minimal base stock,0.75,1.0,2.0,3.0,MINIMISE STOCK
OFF-EN-10001099,Staple envelope,Office Supplies,Envelopes,8,68.46000000000001,26.2104,C,X,LEAN - keep minimal base stock,0.6666666666666666,1.0,2.0,3.0,MINIMISE STOCK
FUR-FU-10000260,"6"" Cubicle Wall Clock, Black",Furniture,Furnishings,19,1023.586,26.211599999999997,C,Y,LEAN - order to demand,1.5833333333333333,4.0,5.0,7.0,MINIMISE STOCK
OFF-PA-10004609,Xerox 221,Office Supplies,Paper,10,260.616,25.92,C,Y,LEAN - order to demand,0.8333333333333334,2.0,3.0,4.0,MINIMISE STOCK
OFF-PA-10002137,"Southworth 100% Résumé Paper, 24lb.",Office Supplies,Paper,7,1166.46,24.506999999999998,C,Y,LEAN - order to demand,0.5833333333333334,2.0,3.0,4.0,MINIMISE STOCK
FUR-FU-10002813,"DAX Contemporary Wood Frame with Silver Metal Mat, Desktop, 11 x 14 Size",Furniture,Furnishings,5,89.056,24.288,C,X,LEAN - keep minimal base stock,0.4166666666666667,1.0,2.0,3.0,MINIMISE STOCK
FUR-CH-10004754,"Global Stack Chair with Arms, Black",Furniture,Chairs,13,308.794,24.2838,C,Y,LEAN - order to demand,1.0833333333333333,2.0,3.0,5.0,MINIMISE STOCK
OFF-BI-10002309,Avery Heavy-Duty EZD  Binder With Locking Rings,Office Supplies,Binders,24,92.628,22.9896,C,Y,LEAN - order to demand,2.0,3.0,4.0,6.0,MINIMISE STOCK
OFF-FA-10000585,OIC Bulk Pack Metal Binder Clips,Office Supplies,Fasteners,20,247.726,23.034,C,X,LEAN - keep minimal base stock,1.6666666666666667,1.0,2.0,4.0,MINIMISE STOCK
OFF-PA-10000682,Xerox 1924,Office Supplies,Paper,11,261.488,23.062199999999997,C,Y,LEAN - order to demand,0.9166666666666666,2.0,3.0,4.0,MINIMISE STOCK
OFF-LA-10000134,Avery 511,Office Supplies,Labels,19,435.592,23.1616,C,Z,OBSOLETE-RISK - minimise/phase out,1.5833333333333333,5.0,6.0,8.0,REVIEW / PHASE-OUT
TEC-PH-10002923,"Logitech B530 USB Headset - headset - Full size, Binaural",Technology,Phones,9,430.328,23.3037,C,X,LEAN - keep minimal base stock,0.75,1.0,2.0,3.0,MINIMISE STOCK
OFF-ST-10000129,Fellowes Recycled Storage Drawers,Office Supplies,Storage,3,343.09,23.3163,C,Z,OBSOLETE-RISK - minimise/phase out,0.25,1.0,2.0,3.0,REVIEW / PHASE-OUT
OFF-FA-10000992,"Acco Clips to Go Binder Clips, 24 Clips in Two Sizes",Office Supplies,Fasteners,14,159.7,23.359,C,X,LEAN - keep minimal base stock,1.1666666666666667,2.0,3.0,5.0,MINIMISE STOCK
OFF-FA-10002780,Staples,Office Supplies,Fasteners,24,319.98400000000004,23.3632,C,X,LEAN - keep minimal base stock,2.0,1.0,2.0,4.0,MINIMISE STOCK
FUR-FU-10000755,Eldon Expressions Mahogany Wood Desk Collection,Furniture,Furnishings,15,93.6,23.4,C,Y,LEAN - order to demand,1.25,4.0,5.0,7.0,MINIMISE STOCK
OFF-LA-10004345,Avery 493,Office Supplies,Labels,13,130.974,23.4207,C,X,LEAN - keep minimal base stock,1.0833333333333333,1.0,2.0,4.0,MINIMISE STOCK
OFF-PA-10000501,Petty Cash Envelope,Office Supplies,Paper,3,64.704,23.4552,C,Z,OBSOLETE-RISK - minimise/phase out,0.25,1.0,2.0,3.0,REVIEW / PHASE-OUT
OFF-LA-10000407,Avery White Multi-Purpose Labels,Office Supplies,Labels,12,55.775999999999996,23.5056,C,X,LEAN - keep minimal base stock,1.0,1.0,2.0,3.0,MINIMISE STOCK
OFF-ST-10002562,Staple magnet,Office Supplies,Storage,19,241.95600000000002,23.6376,C,Y,LEAN - order to demand,1.5833333333333333,3.0,4.0,6.0,MINIMISE STOCK
OFF-EN-10001532,Brown Kraft Recycled Envelopes,Office Supplies,Envelopes,4,164.732,23.772,C,Y,LEAN - order to demand,0.3333333333333333,2.0,3.0,4.0,MINIMISE STOCK
OFF-BI-10003712,"Acco Pressboard Covers with Storage Hooks, 14 7/8"" x 11"", Light Blue",Office Supplies,Binders,35,409.457,23.8135,C,Y,LEAN - order to demand,2.9166666666666665,3.0,4.0,7.0,MINIMISE STOCK
OFF-EN-10004955,Fashion Color Clasp Envelopes,Office Supplies,Envelopes,9,130.69,23.8581,C,Z,OBSOLETE-RISK - minimise/phase out,0.75,1.0,2.0,3.0,REVIEW / PHASE-OUT
OFF-AR-10004999,Newell 315,Office Supplies,Art,16,95.68,23.92,C,Y,LEAN - order to demand,1.3333333333333333,3.0,4.0,6.0,MINIMISE STOCK
OFF-SU-10002537,Acme Box Cutter Scissors,Office Supplies,Supplies,9,219.07,23.938200000000002,C,X,LEAN - keep minimal base stock,0.75,2.0,3.0,4.0,MINIMISE STOCK
TEC-PH-10003931,JBL Micro Wireless Portable Bluetooth Speaker,Technology,Phones,8,448.936,23.996,C,X,LEAN - keep minimal base stock,0.6666666666666666,1.0,2.0,3.0,MINIMISE STOCK
OFF-PA-10002606,Xerox 1928,Office Supplies,Paper,11,169.968,24.024,C,Y,LEAN - order to demand,0.9166666666666666,4.0,5.0,6.0,MINIMISE STOCK
OFF-BI-10003708,"Acco Four Pocket Poly Ring Binder with Label Holder, Smoke, 1""",Office Supplies,Binders,13,527.48,24.2125,C,X,LEAN - keep minimal base stock,1.0833333333333333,1.0,2.0,4.0,MINIMISE STOCK
OFF-LA-10000081,Avery 496,Office Supplies,Labels,14,224.25,22.95,C,Y,LEAN - order to demand,1.1666666666666667,2.0,3.0,5.0,MINIMISE STOCK
FUR-CH-10002961,"Leather Task Chair, Black",Furniture,Chairs,17,1849.9160000000002,54.588,C,Y,LEAN - order to demand,1.4166666666666667,2.0,3.0,5.0,MINIMISE STOCK
TEC-MA-10001016,Canon PC170 Desktop Personal Copier,Technology,Machines,3,287.91,33.5895,C,Z,OBSOLETE-RISK - minimise/phase out,0.25,1.0,2.0,3.0,REVIEW / PHASE-OUT
OFF-PA-10000520,Xerox 201,Office Supplies,Paper,15,353.24,33.696,C,Y,LEAN - order to demand,1.25,3.0,4.0,6.0,MINIMISE STOCK
OFF-EN-10001990,Staple envelope,Office Supplies,Envelopes,17,186.56,45.3832,C,X,LEAN - keep minimal base stock,1.4166666666666667,1.0,2.0,4.0,MINIMISE STOCK
TEC-PH-10001552,I Need's 3d Hello Kitty Hybrid Silicone Case Cover for HTC One X 4g with 3d Hello Kitty Stylus Pen Green/pink,Technology,Phones,20,366.672,45.448,C,Y,LEAN - order to demand,1.6666666666666667,3.0,4.0,6.0,MINIMISE STOCK
FUR-FU-10000521,"Seth Thomas 14"" Putty-Colored Wall Clock",Furniture,Furnishings,5,254.7,45.477000000000004,C,X,LEAN - keep minimal base stock,0.4166666666666667,1.0,2.0,3.0,MINIMISE STOCK
OFF-PA-10001667,Great White Multi-Use Recycled Paper (20Lb. and 84 Bright),Office Supplies,Paper,25,351.972,45.747,C,Y,LEAN - order to demand,2.0833333333333335,4.0,5.0,8.0,MINIMISE STOCK
TEC-PH-10002890,AT&T 17929 Lendline Telephone,Technology,Phones,17,877.264,46.144800000000004,C,Y,LEAN - order to demand,1.4166666666666667,2.0,3.0,5.0,MINIMISE STOCK
OFF-AP-10000692,Fellowes Mighty 8 Compact Surge Protector,Office Supplies,Appliances,11,239.75400000000002,46.2156,C,X,LEAN - keep minimal base stock,0.9166666666666666,1.0,2.0,3.0,MINIMISE STOCK
FUR-BO-10003450,"Bush Westfield Collection Bookcases, Dark Cherry Finish",Furniture,Bookcases,10,579.8,46.384,C,Y,LEAN - order to demand,0.8333333333333334,3.0,4.0,5.0,MINIMISE STOCK
FUR-FU-10000747,Tenex B1-RE Series Chair Mats for Low Pile Carpets,Furniture,Furnishings,13,642.564,46.439800000000005,C,Y,LEAN - order to demand,1.0833333333333333,2.0,3.0,5.0,MINIMISE STOCK
FUR-FU-10001037,"DAX Charcoal/Nickel-Tone Document Frame, 5 x 7",Furniture,Furnishings,22,645.16,46.452,C,X,LEAN - keep minimal base stock,1.8333333333333333,2.0,3.0,5.0,MINIMISE STOCK
OFF-BI-10000174,"Wilson Jones Clip & Carry Folder Binder Tool for Ring Binders, Clear",Office Supplies,Binders,44,677.06,45.356,C,Y,LEAN - order to demand,3.6666666666666665,3.0,4.0,8.0,MINIMISE STOCK
TEC-PH-10000702,"Square Credit Card Reader, 4 1/2"" x 4 1/2"" x 1"", White",Technology,Phones,15,470.874,46.4535,C,Y,LEAN - order to demand,1.25,4.0,5.0,7.0,MINIMISE STOCK
OFF-BI-10000320,GBC Plastic Binding Combs,Office Supplies,Binders,19,538.08,46.567800000000005,C,Y,LEAN - order to demand,1.5833333333333333,2.0,3.0,5.0,MINIMISE STOCK
OFF-PA-10000019,Xerox 1931,Office Supplies,Paper,20,349.048,46.656,C,X,LEAN - keep minimal base stock,1.6666666666666667,2.0,3.0,5.0,MINIMISE STOCK
OFF-ST-10002205,File Shuttle I and Handi-File,Office Supplies,Storage,10,288.244,46.745999999999995,C,Y,LEAN - order to demand,0.8333333333333334,3.0,4.0,5.0,MINIMISE STOCK
FUR-CH-10003061,"Global Leather Task Chair, Black",Furniture,Chairs,18,1546.849,46.794799999999995,C,Y,LEAN - order to demand,1.5,2.0,3.0,5.0,MINIMISE STOCK
OFF-PA-10004100,Xerox 216,Office Supplies,Paper,18,340.568,46.9152,C,X,LEAN - keep minimal base stock,1.5,3.0,4.0,6.0,MINIMISE STOCK
OFF-PA-10000210,Xerox Blank Computer Paper,Office Supplies,Paper,5,99.9,46.953,C,Z,OBSOLETE-RISK - minimise/phase out,0.4166666666666667,1.0,2.0,3.0,REVIEW / PHASE-OUT
OFF-PA-10001471,Strathmore Photo Frame Cards,Office Supplies,Paper,14,102.34000000000002,47.0764,C,Y,LEAN - order to demand,1.1666666666666667,3.0,4.0,6.0,MINIMISE STOCK
TEC-AC-10002345,HP Standard 104 key PS/2 Keyboard,Technology,Accessories,13,272.5,47.125,C,Y,LEAN - order to demand,1.0833333333333333,3.0,4.0,6.0,MINIMISE STOCK
OFF-AP-10001962,Black & Decker Filter for Double Action Dustbuster Cordless Vac BLDV7210,Office Supplies,Appliances,25,539.716,47.4035,C,Y,LEAN - order to demand,2.0833333333333335,9.0,10.0,13.0,MINIMISE STOCK
OFF-ST-10001031,Adjustable Personal File Tote,Office Supplies,Storage,11,968.0799999999999,46.5608,C,X,LEAN - keep minimal base stock,0.9166666666666666,2.0,3.0,4.0,MINIMISE STOCK
OFF-BI-10003910,DXL Angle-View Binders with Locking Rings by Samsill,Office Supplies,Binders,25,617.429,47.4165,C,Y,LEAN - order to demand,2.0833333333333335,3.0,4.0,7.0,MINIMISE STOCK
OFF-ST-10001511,Space Solutions Commercial Steel Shelving,Office Supplies,Storage,14,1021.1,45.255,C,Y,LEAN - order to demand,1.1666666666666667,2.0,3.0,5.0,MINIMISE STOCK
OFF-BI-10001670,Vinyl Sectional Post Binders,Office Supplies,Binders,29,1196.89,45.23999999999999,C,Y,LEAN - order to demand,2.4166666666666665,3.0,4.0,7.0,MINIMISE STOCK
OFF-LA-10002034,Avery 478,Office Supplies,Labels,18,368.38,43.3062,C,Y,LEAN - order to demand,1.5,3.0,4.0,6.0,MINIMISE STOCK
OFF-PA-10002036,Xerox 1930,Office Supplies,Paper,19,437.27200000000005,43.4808,C,X,LEAN - keep minimal base stock,1.5833333333333333,2.0,3.0,5.0,MINIMISE STOCK
OFF-PA-10001593,Xerox 1947,Office Supplies,Paper,18,385.856,43.653999999999996,C,X,LEAN - keep minimal base stock,1.5,2.0,3.0,5.0,MINIMISE STOCK
OFF-PA-10001892,"Rediform Wirebound ""Phone Memo"" Message Book, 11 x 5-3/4",Office Supplies,Paper,17,332.016,43.77719999999999,C,Y,LEAN - order to demand,1.4166666666666667,2.0,3.0,5.0,MINIMISE STOCK
OFF-AR-10003582,"Boston Electric Pencil Sharpener, Model 1818, Charcoal Black",Office Supplies,Art,7,299.78999999999996,43.913999999999994,C,Y,LEAN - order to demand,0.5833333333333334,2.0,3.0,4.0,MINIMISE STOCK
FUR-FU-10004018,Tensor Computer Mounted Lamp,Furniture,Furnishings,11,551.79,44.2233,C,Y,LEAN - order to demand,0.9166666666666666,2.0,3.0,4.0,MINIMISE STOCK
OFF-LA-10000240,Self-Adhesive Address Labels for Typewriters by Universal,Office Supplies,Labels,15,186.33999999999997,44.225500000000004,C,Y,LEAN - order to demand,1.25,3.0,4.0,6.0,MINIMISE STOCK
OFF-AP-10004980,3M Replacement Filter for Office Air Cleaner for 20' x 33' Room,Office Supplies,Appliances,3,113.76,44.3664,C,Z,OBSOLETE-RISK - minimise/phase out,0.25,1.0,2.0,3.0,REVIEW / PHASE-OUT
FUR-CH-10001146,"Global Value Mid-Back Manager's Chair, Gray",Furniture,Chairs,29,1730.2710000000002,44.4183,C,X,LEAN - keep minimal base stock,2.4166666666666665,2.0,3.0,6.0,MINIMISE STOCK
TEC-PH-10001300,"iKross Bluetooth Portable Keyboard + Cell Phone Stand Holder + Brush for Apple iPhone 5S 5C 5, 4S 4",Technology,Phones,12,458.26,45.251999999999995,C,X,LEAN - keep minimal base stock,1.0,2.0,3.0,4.0,MINIMISE STOCK
FUR-TA-10003954,Hon 94000 Series Round Tables,Furniture,Tables,15,4116.284,44.42699999999999,C,X,LEAN - keep minimal base stock,1.25,2.0,3.0,5.0,MINIMISE STOCK
OFF-PA-10004285,Xerox 1959,Office Supplies,Paper,16,514.2,44.6224,C,Y,LEAN - order to demand,1.3333333333333333,3.0,4.0,6.0,MINIMISE STOCK
OFF-LA-10000414,Avery 503,Office Supplies,Labels,9,185.15,44.712,C,X,LEAN - keep minimal base stock,0.75,1.0,2.0,3.0,MINIMISE STOCK
TEC-MA-10003066,Wasp CCD Handheld Bar Code Reader,Technology,Machines,3,370.51,44.868,C,Z,OBSOLETE-RISK - minimise/phase out,0.25,1.0,2.0,3.0,REVIEW / PHASE-OUT
OFF-PA-10002870,"Ampad Phone Message Book, Recycled, 400 Message Capacity, 5 ¾” x 11”",Office Supplies,Paper,16,379.84,44.928,C,Y,LEAN - order to demand,1.3333333333333333,2.0,3.0,5.0,MINIMISE STOCK
OFF-PA-10001745,"Wirebound Message Books, 2 7/8"" x 5"", 3 Forms per Page",Office Supplies,Paper,17,588.4159999999999,44.985600000000005,C,X,LEAN - keep minimal base stock,1.4166666666666667,2.0,3.0,5.0,MINIMISE STOCK
OFF-PA-10004530,Personal Creations Ink Jet Cards and Labels,Office Supplies,Paper,8,108.84,45.0016,C,Z,OBSOLETE-RISK - minimise/phase out,0.6666666666666666,1.0,2.0,3.0,REVIEW / PHASE-OUT
OFF-PA-10002479,Xerox 4200 Series MultiUse Premium Copy Paper (20Lb. and 84 Bright),Office Supplies,Paper,27,726.552,45.144,C,Y,LEAN - order to demand,2.25,3.0,4.0,7.0,MINIMISE STOCK
OFF-BI-10000404,Avery Printable Repositionable Plastic Tabs,Office Supplies,Binders,15,511.52,45.150000000000006,C,Y,LEAN - order to demand,1.25,2.0,3.0,5.0,MINIMISE STOCK
TEC-AC-10001383,Logitech Wireless Touch Keyboard K400,Technology,Accessories,13,448.874,45.231899999999996,C,Y,LEAN - order to demand,1.0833333333333333,6.0,7.0,9.0,MINIMISE STOCK
OFF-AP-10002350,Belkin F9H710-06 7 Outlet SurgeMaster Surge Protector,Office Supplies,Appliances,12,339.24,44.4624,C,X,LEAN - keep minimal base stock,1.0,1.0,2.0,3.0,MINIMISE STOCK
OFF-AP-10000696,Holmes Odor Grabber,Office Supplies,Appliances,10,171.2,47.586,C,Y,LEAN - order to demand,0.8333333333333334,3.0,4.0,5.0,MINIMISE STOCK
FUR-FU-10004963,"Eldon 400 Class Desk Accessories, Black Carbon",Furniture,Furnishings,22,1112.25,47.6,C,X,LEAN - keep minimal base stock,1.8333333333333333,1.0,2.0,4.0,MINIMISE STOCK
OFF-PA-10002195,"RSVP Cards & Envelopes, Blank White, 8-1/2"" X 11"", 24 Cards/25 Envelopes/Set",Office Supplies,Paper,24,572.44,47.6984,C,Y,LEAN - order to demand,2.0,4.0,5.0,7.0,MINIMISE STOCK
OFF-EN-10003567,"Inter-Office Recycled Envelopes, Brown Kraft, Button-String,10"" x 13"" , 100/Box",Office Supplies,Envelopes,5,109.9,51.653000000000006,C,X,LEAN - keep minimal base stock,0.4166666666666667,1.0,2.0,3.0,MINIMISE STOCK
OFF-BI-10004965,Ibico Covers for Plastic or Wire Binding Elements,Office Supplies,Binders,10,498.0,51.75,C,X,LEAN - keep minimal base stock,0.8333333333333334,1.0,2.0,3.0,MINIMISE STOCK
FUR-FU-10001876,"Computer Room Manger, 14""",Furniture,Furnishings,10,457.84,51.968,C,X,LEAN - keep minimal base stock,0.8333333333333334,1.0,2.0,3.0,MINIMISE STOCK
FUR-FU-10000672,"Executive Impressions 10"" Spectator Wall Clock",Furniture,Furnishings,13,152.88,51.979200000000006,C,X,LEAN - keep minimal base stock,1.0833333333333333,2.0,3.0,5.0,MINIMISE STOCK
OFF-EN-10000927,Jet-Pak Recycled Peel 'N' Seal Padded Mailers,Office Supplies,Envelopes,5,172.738,52.0405,C,Y,LEAN - order to demand,0.4166666666666667,2.0,3.0,4.0,MINIMISE STOCK
OFF-EN-10002312,#10 Self-Seal White Envelopes,Office Supplies,Envelopes,10,195.68200000000002,52.123,C,Y,LEAN - order to demand,0.8333333333333334,2.0,3.0,4.0,MINIMISE STOCK
OFF-EN-10001141,"Manila Recycled Extra-Heavyweight Clasp Envelopes, 6"" x 9""",Office Supplies,Envelopes,13,439.17199999999997,52.3746,C,Y,LEAN - order to demand,1.0833333333333333,2.0,3.0,5.0,MINIMISE STOCK
OFF-ST-10001228,"Fellowes Personal Hanging Folder Files, Navy",Office Supplies,Storage,19,677.428,52.567,C,Y,LEAN - order to demand,1.5833333333333333,2.0,3.0,5.0,MINIMISE STOCK
OFF-AR-10000937,"Dixon Ticonderoga Core-Lock Colored Pencils, 48-Color Set",Office Supplies,Art,6,205.44,52.632,C,Z,OBSOLETE-RISK - minimise/phase out,0.5,1.0,2.0,3.0,REVIEW / PHASE-OUT
OFF-AP-10001492,"Acco Six-Outlet Power Strip, 4' Cord Length",Office Supplies,Appliances,23,626.26,51.5476,C,Y,LEAN - order to demand,1.9166666666666667,2.0,3.0,5.0,MINIMISE STOCK
TEC-AC-10004420,Cherry 142-key Programmable Keyboard,Technology,Accessories,4,479.72,52.7692,C,Z,OBSOLETE-RISK - minimise/phase out,0.3333333333333333,1.0,2.0,3.0,REVIEW / PHASE-OUT
OFF-AR-10002956,Boston 16801 Nautilus Battery Pencil Sharpener,Office Supplies,Art,20,456.572,52.824,C,Y,LEAN - order to demand,1.6666666666666667,2.0,3.0,5.0,MINIMISE STOCK
OFF-BI-10002072,Cardinal Slant-D Ring Binders,Office Supplies,Binders,13,438.494,53.009,C,Y,LEAN - order to demand,1.0833333333333333,2.0,3.0,5.0,MINIMISE STOCK
TEC-MA-10004679,StarTech.com 10/100 VDSL2 Ethernet Extender Kit,Technology,Machines,2,555.72,53.272,C,Z,OBSOLETE-RISK - minimise/phase out,0.16666666666666666,1.0,2.0,3.0,REVIEW / PHASE-OUT
OFF-PA-10004996,"Speediset Carbonless Redi-Letter 7"" x 8 1/2""",Office Supplies,Paper,14,206.906,53.4058,C,X,LEAN - keep minimal base stock,1.1666666666666667,2.0,3.0,5.0,MINIMISE STOCK
OFF-AR-10001860,BIC Liqua Brite Liner,Office Supplies,Art,27,487.5,53.576800000000006,C,Y,LEAN - order to demand,2.25,3.0,4.0,7.0,MINIMISE STOCK
OFF-AP-10004785,"Holmes Replacement Filter for HEPA Air Cleaner, Medium Room",Office Supplies,Appliances,11,264.63,53.590900000000005,C,Y,LEAN - order to demand,0.9166666666666666,3.0,4.0,5.0,MINIMISE STOCK
OFF-EN-10001219,"#10- 4 1/8"" x 9 1/2"" Security-Tint Envelopes",Office Supplies,Envelopes,18,593.768,53.632799999999996,C,X,LEAN - keep minimal base stock,1.5,1.0,2.0,4.0,MINIMISE STOCK
OFF-PA-10002120,Xerox 1889,Office Supplies,Paper,2,109.92,53.8608,C,Z,OBSOLETE-RISK - minimise/phase out,0.16666666666666666,1.0,2.0,3.0,REVIEW / PHASE-OUT
OFF-ST-10002214,X-Rack File for Hanging Folders,Office Supplies,Storage,23,609.1220000000001,53.9662,C,Y,LEAN - order to demand,1.9166666666666667,2.0,3.0,5.0,MINIMISE STOCK
TEC-PH-10002085,Clarity 53712,Technology,Phones,10,663.1179999999999,52.792,C,Y,LEAN - order to demand,0.8333333333333334,3.0,4.0,5.0,MINIMISE STOCK
TEC-AC-10002335,Logitech Media Keyboard K200,Technology,Accessories,13,488.88,51.4353,C,X,LEAN - keep minimal base stock,1.0833333333333333,2.0,3.0,5.0,MINIMISE STOCK
FUR-FU-10001940,Staple-based wall hangings,Furniture,Furnishings,26,1064.16,51.2624,C,X,LEAN - keep minimal base stock,2.1666666666666665,2.0,3.0,6.0,MINIMISE STOCK
OFF-PA-10000249,Easy-staple paper,Office Supplies,Paper,11,457.8,51.2076,C,X,LEAN - keep minimal base stock,0.9166666666666666,1.0,2.0,3.0,MINIMISE STOCK
TEC-PH-10004700,PowerGen Dual USB Car Charger,Technology,Phones,13,259.882,47.7522,C,X,LEAN - keep minimal base stock,1.0833333333333333,2.0,3.0,5.0,MINIMISE STOCK
TEC-MA-10002109,"HP Officejet Pro 8600 e-All-In-One Printer, Copier, Scanner, Fax",Technology,Machines,4,482.97,47.9968,C,X,LEAN - keep minimal base stock,0.3333333333333333,0.0,1.0,2.0,MINIMISE STOCK
OFF-PA-10004983,Xerox 23,Office Supplies,Paper,18,295.86400000000003,48.2112,C,X,LEAN - keep minimal base stock,1.5,2.0,3.0,5.0,MINIMISE STOCK
OFF-PA-10001994,"Ink Jet Note and Greeting Cards, 8-1/2"" x 5-1/2"" Card Size",Office Supplies,Paper,6,1314.392,48.5568,C,X,LEAN - keep minimal base stock,0.5,1.0,2.0,3.0,MINIMISE STOCK
OFF-AP-10001563,Belkin Premiere Surge Master II 8-outlet surge protector,Office Supplies,Appliances,20,965.416,48.58,C,Y,LEAN - order to demand,1.6666666666666667,3.0,4.0,6.0,MINIMISE STOCK
TEC-AC-10003038,Kingston Digital DataTraveler 16GB USB 2.0,Technology,Accessories,36,807.67,48.687999999999995,C,X,LEAN - keep minimal base stock,3.0,3.0,4.0,7.0,MINIMISE STOCK
OFF-PA-10003848,Xerox 1997,Office Supplies,Paper,19,553.752,48.7296,C,Y,LEAN - order to demand,1.5833333333333333,2.0,3.0,5.0,MINIMISE STOCK
FUR-CH-10003981,Global Commerce Series Low-Back Swivel/Tilt Chairs,Furniture,Chairs,21,4001.398,48.82620000000001,C,X,LEAN - keep minimal base stock,1.75,2.0,3.0,5.0,MINIMISE STOCK
OFF-PA-10000143,Astroparche Fine Business Paper,Office Supplies,Paper,22,307.824,49.4208,C,Y,LEAN - order to demand,1.8333333333333333,3.0,4.0,6.0,MINIMISE STOCK
TEC-MA-10003674,Hewlett-Packard Deskjet 5550 Printer,Technology,Machines,3,607.132,49.761,C,Z,OBSOLETE-RISK - minimise/phase out,0.25,1.0,2.0,3.0,REVIEW / PHASE-OUT
OFF-PA-10001972,Xerox 214,Office Supplies,Paper,21,778.528,49.7664,C,Y,LEAN - order to demand,1.75,4.0,5.0,7.0,MINIMISE STOCK
OFF-AR-10003727,Berol Giant Pencil Sharpener,Office Supplies,Art,17,318.85,49.7807,C,Y,LEAN - order to demand,1.4166666666666667,3.0,4.0,6.0,MINIMISE STOCK
FUR-CH-10004983,Office Star - Mid Back Dual function Ergonomic High Back Chair with 2-Way Adjustable Arms,Furniture,Chairs,17,1180.132,49.9038,C,Y,LEAN - order to demand,1.4166666666666667,3.0,4.0,6.0,MINIMISE STOCK
OFF-BI-10004236,"XtraLife ClearVue Slant-D Ring Binder, White, 3""",Office Supplies,Binders,35,501.36400000000003,49.912,C,Y,LEAN - order to demand,2.9166666666666665,2.0,3.0,6.0,MINIMISE STOCK
OFF-PA-10004156,Xerox 188,Office Supplies,Paper,9,543.06,50.0094,C,Y,LEAN - order to demand,0.75,2.0,3.0,4.0,MINIMISE STOCK
FUR-FU-10000397,Luxo Economy Swing Arm Lamp,Furniture,Furnishings,9,192.46,50.2488,C,Y,LEAN - order to demand,0.75,3.0,4.0,5.0,MINIMISE STOCK
FUR-FU-10003691,"Eldon Image Series Desk Accessories, Ebony",Furniture,Furnishings,17,263.96000000000004,50.388,C,Y,LEAN - order to demand,1.4166666666666667,2.0,3.0,5.0,MINIMISE STOCK
FUR-CH-10004477,"Global Push Button Manager's Chair, Indigo",Furniture,Chairs,7,353.162,50.538700000000006,C,X,LEAN - keep minimal base stock,0.5833333333333334,1.0,2.0,3.0,MINIMISE STOCK
OFF-AP-10003884,"Fellowes Smart Surge Ten-Outlet Protector, Platinum",Office Supplies,Appliances,3,194.66,50.5848,C,Z,OBSOLETE-RISK - minimise/phase out,0.25,1.0,2.0,3.0,REVIEW / PHASE-OUT
OFF-ST-10000760,Eldon Fold 'N Roll Cart System,Office Supplies,Storage,16,242.7,50.88720000000001,C,Y,LEAN - order to demand,1.3333333333333333,4.0,5.0,7.0,MINIMISE STOCK
OFF-PA-10002250,Things To Do Today Pad,Office Supplies,Paper,21,301.052,50.9516,C,Y,LEAN - order to demand,1.75,3.0,4.0,6.0,MINIMISE STOCK
OFF-FA-10004854,"Vinyl Coated Wire Paper Clips in Organizer Box, 800/Box",Office Supplies,Fasteners,11,349.20799999999997,43.2796,C,X,LEAN - keep minimal base stock,0.9166666666666666,2.0,3.0,4.0,MINIMISE STOCK
OFF-PA-10001838,"Adams Telephone Message Book W/Dividers/Space For Phone Numbers, 5 1/4""X8 1/2"", 300/Messages",Office Supplies,Paper,15,613.2,43.218,C,X,LEAN - keep minimal base stock,1.25,1.0,2.0,4.0,MINIMISE STOCK
TEC-MA-10002937,"Canon Color ImageCLASS MF8580Cdw Wireless Laser All-In-One Printer, Copier, Scanner",Technology,Machines,3,1007.979,43.1991,C,Z,OBSOLETE-RISK - minimise/phase out,0.25,1.0,2.0,3.0,REVIEW / PHASE-OUT
TEC-AC-10000580,Logitech G13 Programmable Gameboard with LCD Display,Technology,Accessories,14,1122.8700000000001,43.194599999999994,C,Y,LEAN - order to demand,1.1666666666666667,2.0,3.0,5.0,MINIMISE STOCK
TEC-MA-10000423,Texas Instruments TI-34 Scientific Calculator,Technology,Machines,6,105.552,35.6238,C,Z,OBSOLETE-RISK - minimise/phase out,0.5,1.0,2.0,3.0,REVIEW / PHASE-OUT
OFF-PA-10004451,Xerox 222,Office Supplies,Paper,14,386.94399999999996,35.7696,C,X,LEAN - keep minimal base stock,1.1666666666666667,2.0,3.0,5.0,MINIMISE STOCK
OFF-FA-10000624,OIC Binder Clips,Office Supplies,Fasteners,20,283.6,35.8,C,X,LEAN - keep minimal base stock,1.6666666666666667,2.0,3.0,5.0,MINIMISE STOCK
OFF-EN-10003448,"Peel & Seel Recycled Catalog Envelopes, Brown",Office Supplies,Envelopes,9,218.00799999999998,35.898,C,Y,LEAN - order to demand,0.75,3.0,4.0,5.0,MINIMISE STOCK
OFF-ST-10002406,Pizazz Global Quick File,Office Supplies,Storage,10,143.71200000000002,35.928,C,Y,LEAN - order to demand,0.8333333333333334,3.0,4.0,5.0,MINIMISE STOCK
OFF-SU-10004884,Acme Galleria Hot Forged Steel Scissors with Colored Handles,Office Supplies,Supplies,10,302.862,36.179,C,Y,LEAN - order to demand,0.8333333333333334,3.0,4.0,5.0,MINIMISE STOCK
OFF-PA-10002464,HP Office Recycled Paper (20Lb. and 87 Bright),Office Supplies,Paper,14,2100.4519999999998,36.1828,C,X,LEAN - keep minimal base stock,1.1666666666666667,2.0,3.0,5.0,MINIMISE STOCK
OFF-ST-10002352,Iris Project Case,Office Supplies,Storage,19,571.428,36.229200000000006,C,Y,LEAN - order to demand,1.5833333333333333,2.0,3.0,5.0,MINIMISE STOCK
FUR-FU-10000221,"Master Caster Door Stop, Brown",Furniture,Furnishings,21,195.68,36.2712,C,X,LEAN - keep minimal base stock,1.75,3.0,4.0,6.0,MINIMISE STOCK
OFF-AP-10001366,Staple holder,Office Supplies,Appliances,12,131.76,35.575199999999995,C,X,LEAN - keep minimal base stock,1.0,3.0,4.0,5.0,MINIMISE STOCK
TEC-PH-10004531,OtterBox Commuter Series Case - iPhone 5 & 5s,Technology,Phones,12,533.108,36.373999999999995,C,Y,LEAN - order to demand,1.0,3.0,4.0,5.0,MINIMISE STOCK
OFF-AP-10002892,Belkin F5C206VTEL 6 Outlet Surge,Office Supplies,Appliances,8,165.45600000000002,36.768,C,X,LEAN - keep minimal base stock,0.6666666666666666,1.0,2.0,3.0,MINIMISE STOCK
OFF-AR-10001725,Boston Home & Office Model 2000 Electric Pencil Sharpeners,Office Supplies,Art,6,322.9,36.894000000000005,C,X,LEAN - keep minimal base stock,0.5,1.0,2.0,3.0,MINIMISE STOCK
TEC-PH-10001433,Cisco Small Business SPA 502G VoIP phone,Technology,Phones,8,714.934,36.925200000000004,C,Y,LEAN - order to demand,0.6666666666666666,2.0,3.0,4.0,MINIMISE STOCK
FUR-FU-10001057,Tensor Track Tree Floor Lamp,Furniture,Furnishings,15,719.866,36.9815,C,Y,LEAN - order to demand,1.25,3.0,4.0,6.0,MINIMISE STOCK
FUR-FU-10000719,"DAX Cubicle Frames, 8-1/2 x 11",Furniture,Furnishings,12,191.84,37.0224,C,X,LEAN - keep minimal base stock,1.0,2.0,3.0,4.0,MINIMISE STOCK
OFF-PA-10004888,Xerox 217,Office Supplies,Paper,14,418.24,37.065599999999996,C,Y,LEAN - order to demand,1.1666666666666667,3.0,4.0,6.0,MINIMISE STOCK
OFF-PA-10002160,Xerox 1978,Office Supplies,Paper,18,223.168,37.107600000000005,C,X,LEAN - keep minimal base stock,1.5,2.0,3.0,5.0,MINIMISE STOCK
OFF-BI-10001078,"Acco PRESSTEX Data Binder with Storage Hooks, Dark Blue, 14 7/8"" X 11""",Office Supplies,Binders,19,202.308,37.175799999999995,C,X,LEAN - keep minimal base stock,1.5833333333333333,3.0,4.0,6.0,MINIMISE STOCK
OFF-BI-10002852,Ibico Standard Transparent Covers,Office Supplies,Binders,14,203.912,37.2448,C,X,LEAN - keep minimal base stock,1.1666666666666667,1.0,2.0,4.0,MINIMISE STOCK
OFF-BI-10002103,"Cardinal Slant-D Ring Binder, Heavy Gauge Vinyl",Office Supplies,Binders,20,678.3499999999999,36.498,C,Y,LEAN - order to demand,1.6666666666666667,2.0,3.0,5.0,MINIMISE STOCK
TEC-AC-10004568,Maxell LTO Ultrium - 800 GB,Technology,Accessories,13,537.2819999999999,35.5473,C,X,LEAN - keep minimal base stock,1.0833333333333333,1.0,2.0,4.0,MINIMISE STOCK
OFF-PA-10001800,Xerox 220,Office Supplies,Paper,16,606.424,35.510400000000004,C,X,LEAN - keep minimal base stock,1.3333333333333333,2.0,3.0,5.0,MINIMISE STOCK
OFF-LA-10002762,Avery 485,Office Supplies,Labels,6,104.18,35.3346,C,Z,OBSOLETE-RISK - minimise/phase out,0.5,1.0,2.0,3.0,REVIEW / PHASE-OUT
OFF-PA-10004971,Xerox 196,Office Supplies,Paper,16,287.92,33.7552,C,X,LEAN - keep minimal base stock,1.3333333333333333,1.0,2.0,4.0,MINIMISE STOCK
FUR-BO-10000330,"Sauder Camden County Barrister Bookcase, Planked Cherry Finish",Furniture,Bookcases,2,276.96,33.8744,C,Z,OBSOLETE-RISK - minimise/phase out,0.16666666666666666,1.0,2.0,3.0,REVIEW / PHASE-OUT
OFF-AP-10002765,Fellowes Advanced Computer Series Surge Protectors,Office Supplies,Appliances,6,189.344,33.9072,C,X,LEAN - keep minimal base stock,0.5,1.0,2.0,3.0,MINIMISE STOCK
OFF-AR-10004062,Staples in misc. colors,Office Supplies,Art,13,270.24,34.06,C,Y,LEAN - order to demand,1.0833333333333333,4.0,5.0,7.0,MINIMISE STOCK
TEC-PH-10002033,Konftel 250 Conference phone - Charcoal black,Technology,Phones,2,485.712,34.1784,C,Z,OBSOLETE-RISK - minimise/phase out,0.16666666666666666,1.0,2.0,3.0,REVIEW / PHASE-OUT
FUR-FU-10000246,Aluminum Document Frame,Furniture,Furnishings,16,275.08000000000004,34.215999999999994,C,X,LEAN - keep minimal base stock,1.3333333333333333,2.0,3.0,5.0,MINIMISE STOCK
OFF-SU-10000946,Staple remover,Office Supplies,Supplies,21,660.216,34.2342,C,Y,LEAN - order to demand,1.75,3.0,4.0,6.0,MINIMISE STOCK
OFF-LA-10003720,Avery 487,Office Supplies,Labels,24,191.18,34.2432,C,Z,OBSOLETE-RISK - minimise/phase out,2.0,5.0,6.0,8.0,REVIEW / PHASE-OUT
FUR-FU-10002088,Nu-Dell Float Frame 11 x 14 1/2,Furniture,Furnishings,11,91.596,34.3036,C,Y,LEAN - order to demand,0.9166666666666666,3.0,4.0,5.0,MINIMISE STOCK
OFF-BI-10004826,JM Magazine Binder,Office Supplies,Binders,16,278.704,34.3408,C,Y,LEAN - order to demand,1.3333333333333333,2.0,3.0,5.0,MINIMISE STOCK
OFF-BI-10003638,GBC Durable Plastic Covers,Office Supplies,Binders,18,551.525,34.443,C,Y,LEAN - order to demand,1.5,2.0,3.0,5.0,MINIMISE STOCK
OFF-ST-10000991,Space Solutions HD Industrial Steel Shelving.,Office Supplies,Storage,10,1184.7,34.491,C,X,LEAN - keep minimal base stock,0.8333333333333334,1.0,2.0,3.0,MINIMISE STOCK
OFF-AR-10002656,Sanford Liquid Accent Highlighters,Office Supplies,Art,14,188.52,34.6024,C,X,LEAN - keep minimal base stock,1.1666666666666667,3.0,4.0,6.0,MINIMISE STOCK
OFF-BI-10003476,Avery Metallic Poly Binders,Office Supplies,Binders,25,710.443,34.953,C,X,LEAN - keep minimal base stock,2.0833333333333335,2.0,3.0,6.0,MINIMISE STOCK
OFF-PA-10004621,Xerox 212,Office Supplies,Paper,15,308.536,34.992,C,X,LEAN - keep minimal base stock,1.25,1.0,2.0,4.0,MINIMISE STOCK
OFF-EN-10003286,Staple envelope,Office Supplies,Envelopes,9,173.52,35.0244,C,Y,LEAN - order to demand,0.75,3.0,4.0,5.0,MINIMISE STOCK
TEC-AC-10004803,Sony Micro Vault Click 4 GB USB 2.0 Flash Drive,Technology,Accessories,18,345.91999999999996,35.1288,C,Y,LEAN - order to demand,1.5,5.0,6.0,8.0,MINIMISE STOCK
FUR-FU-10000732,Eldon 200 Class Desk Accessories,Furniture,Furnishings,20,490.576,35.168,C,X,LEAN - keep minimal base stock,1.6666666666666667,1.0,2.0,4.0,MINIMISE STOCK
OFF-AP-10000027,Hoover Commercial SteamVac,Office Supplies,Appliances,14,692.392,35.308,C,X,LEAN - keep minimal base stock,1.1666666666666667,2.0,3.0,5.0,MINIMISE STOCK
FUR-FU-10003724,Westinghouse Clip-On Gooseneck Lamps,Furniture,Furnishings,17,337.616,35.321400000000004,C,Y,LEAN - order to demand,1.4166666666666667,2.0,3.0,5.0,MINIMISE STOCK
OFF-ST-10000649,Hanging Personal Folder File,Office Supplies,Storage,13,298.4,35.325,C,Y,LEAN - order to demand,1.0833333333333333,2.0,3.0,5.0,MINIMISE STOCK
OFF-PA-10002689,Weyerhaeuser First Choice Laser/Copy Paper (20Lb. and 88 Bright),Office Supplies,Paper,12,184.76,37.3248,C,Y,LEAN - order to demand,1.0,4.0,5.0,6.0,MINIMISE STOCK
OFF-PA-10004041,"It's Hot Message Books with Stickers, 2 3/4"" x 5""",Office Supplies,Paper,15,462.72,33.67,C,X,LEAN - keep minimal base stock,1.25,1.0,2.0,4.0,MINIMISE STOCK
OFF-AP-10000252,Harmony HEPA Quiet Air Purifiers,Office Supplies,Appliances,12,461.7,37.44,C,X,LEAN - keep minimal base stock,1.0,1.0,2.0,3.0,MINIMISE STOCK
TEC-AC-10004510,Logitech Desktop MK120 Mouse and keyboard Combo,Technology,Accessories,37,1465.416,37.628,C,X,LEAN - keep minimal base stock,3.0833333333333335,2.0,3.0,7.0,MINIMISE STOCK
OFF-PA-10002245,Xerox 1895,Office Supplies,Paper,15,624.7,40.365,C,X,LEAN - keep minimal base stock,1.25,2.0,3.0,5.0,MINIMISE STOCK
OFF-PA-10004040,Universal Premium White Copier/Laser Paper (20Lb. and 87 Bright),Office Supplies,Paper,15,86.112,40.365,C,X,LEAN - keep minimal base stock,1.25,1.0,2.0,4.0,MINIMISE STOCK
OFF-PA-10004782,Xerox 228,Office Supplies,Paper,13,180.24,40.4352,C,X,LEAN - keep minimal base stock,1.0833333333333333,2.0,3.0,5.0,MINIMISE STOCK
OFF-PA-10002262,Xerox 192,Office Supplies,Paper,13,264.24,40.4352,C,Y,LEAN - order to demand,1.0833333333333333,2.0,3.0,5.0,MINIMISE STOCK
OFF-PA-10004675,"Telephone Message Books with Fax/Mobile Section, 5 1/2"" x 3 3/16""",Office Supplies,Paper,17,464.06,40.766999999999996,C,Y,LEAN - order to demand,1.4166666666666667,2.0,3.0,5.0,MINIMISE STOCK
TEC-PH-10000439,GE DSL Phone Line Filter,Technology,Phones,7,382.94000000000005,41.189699999999995,C,Y,LEAN - order to demand,0.5833333333333334,2.0,3.0,4.0,MINIMISE STOCK
OFF-SU-10004261,"Fiskars 8"" Scissors, 2/Pack",Office Supplies,Supplies,11,308.84799999999996,41.2036,C,X,LEAN - keep minimal base stock,0.9166666666666666,2.0,3.0,4.0,MINIMISE STOCK
OFF-ST-10000876,Eldon Simplefile Box Office,Office Supplies,Storage,19,368.47999999999996,41.3008,C,X,LEAN - keep minimal base stock,1.5833333333333333,2.0,3.0,5.0,MINIMISE STOCK
OFF-PA-10004101,Xerox 1894,Office Supplies,Paper,15,237.016,41.471999999999994,C,Z,OBSOLETE-RISK - minimise/phase out,1.25,5.0,6.0,8.0,REVIEW / PHASE-OUT
OFF-AR-10001958,Stanley Bostitch Contemporary Electric Pencil Sharpeners,Office Supplies,Art,17,1227.908,40.0728,C,Y,LEAN - order to demand,1.4166666666666667,2.0,3.0,5.0,MINIMISE STOCK
OFF-AR-10001615,Newell 34,Office Supplies,Art,15,694.888,41.664,C,Y,LEAN - order to demand,1.25,2.0,3.0,5.0,MINIMISE STOCK
TEC-AC-10001267,Imation 32GB Pocket Pro USB 3.0 Flash Drive - 32 GB - Black - 1 P ...,Technology,Accessories,7,167.72,41.93,C,Y,LEAN - order to demand,0.5833333333333334,2.0,3.0,4.0,MINIMISE STOCK
TEC-AC-10000303,Logitech M510 Wireless Mouse,Technology,Accessories,5,234.95600000000002,41.9895,C,X,LEAN - keep minimal base stock,0.4166666666666667,1.0,2.0,3.0,MINIMISE STOCK
OFF-PA-10001639,Xerox 203,Office Supplies,Paper,16,514.904,41.9904,C,Y,LEAN - order to demand,1.3333333333333333,3.0,4.0,6.0,MINIMISE STOCK
TEC-PH-10000560,Samsung Galaxy S III - 16GB - pebble blue (T-Mobile),Technology,Phones,19,4874.862,41.99880000000002,C,Y,LEAN - order to demand,1.5833333333333333,3.0,4.0,6.0,MINIMISE STOCK
OFF-PA-10001950,Southworth 25% Cotton Antique Laid Paper & Envelopes,Office Supplies,Paper,13,207.748,42.117000000000004,C,Z,OBSOLETE-RISK - minimise/phase out,1.0833333333333333,7.0,8.0,10.0,REVIEW / PHASE-OUT
TEC-AC-10002305,KeyTronic E03601U1 - Keyboard - Beige,Technology,Accessories,13,445.0,42.120000000000005,C,X,LEAN - keep minimal base stock,1.0833333333333333,2.0,3.0,5.0,MINIMISE STOCK
FUR-FU-10004090,"Executive Impressions 14"" Contract Wall Clock",Furniture,Furnishings,10,305.178,42.236999999999995,C,Y,LEAN - order to demand,0.8333333333333334,2.0,3.0,4.0,MINIMISE STOCK
FUR-FU-10002157,Artistic Insta-Plaque,Furniture,Furnishings,7,147.76,42.8064,C,X,LEAN - keep minimal base stock,0.5833333333333334,1.0,2.0,3.0,MINIMISE STOCK
OFF-PA-10000791,"Wirebound Message Books, Four 2 3/4 x 5 Forms per Page, 200 Sets per Book",Office Supplies,Paper,24,341.894,42.93,C,Y,LEAN - order to demand,2.0,3.0,4.0,6.0,MINIMISE STOCK
FUR-FU-10003731,"Eldon Expressions Wood and Plastic Desk Accessories, Oak",Furniture,Furnishings,15,149.7,41.916,C,Y,LEAN - order to demand,1.25,2.0,3.0,5.0,MINIMISE STOCK
OFF-ST-10003638,Mobile Personal File Cube,Office Supplies,Storage,13,311.304,40.0482,C,Y,LEAN - order to demand,1.0833333333333333,3.0,4.0,6.0,MINIMISE STOCK
FUR-FU-10002396,"DAX Copper Panel Document Frame, 5 x 7 Size",Furniture,Furnishings,9,303.672,40.0044,C,X,LEAN - keep minimal base stock,0.75,1.0,2.0,3.0,MINIMISE STOCK
OFF-AR-10001955,Newell 319,Office Supplies,Art,14,432.112,39.68,C,Y,LEAN - order to demand,1.1666666666666667,2.0,3.0,5.0,MINIMISE STOCK
OFF-FA-10000134,"Advantus Push Pins, Aluminum Head",Office Supplies,Fasteners,21,187.01,37.8231,C,X,LEAN - keep minimal base stock,1.75,2.0,3.0,5.0,MINIMISE STOCK
OFF-LA-10002475,Avery 519,Office Supplies,Labels,14,386.106,37.8658,C,Y,LEAN - order to demand,1.1666666666666667,2.0,3.0,5.0,MINIMISE STOCK
OFF-PA-10002246,"Wirebound Four 2-3/4 x 5 Forms per Page, 400 Sets per Book",Office Supplies,Paper,19,298.62,38.1195,C,Y,LEAN - order to demand,1.5833333333333333,2.0,3.0,5.0,MINIMISE STOCK
OFF-EN-10000461,"#10- 4 1/8"" x 9 1/2"" Recycled Envelopes",Office Supplies,Envelopes,11,725.148,38.1938,C,X,LEAN - keep minimal base stock,0.9166666666666666,1.0,2.0,3.0,MINIMISE STOCK
OFF-PA-10001461,HP Office Paper (20Lb. and 87 Bright),Office Supplies,Paper,14,162.84,38.2096,C,X,LEAN - keep minimal base stock,1.1666666666666667,3.0,4.0,6.0,MINIMISE STOCK
OFF-EN-10004459,Security-Tint Envelopes,Office Supplies,Envelopes,12,384.568,38.8112,C,X,LEAN - keep minimal base stock,1.0,1.0,2.0,3.0,MINIMISE STOCK
FUR-FU-10003975,Eldon Advantage Chair Mats for Low to Medium Pile Carpets,Furniture,Furnishings,9,419.79,38.979,C,X,LEAN - keep minimal base stock,0.75,1.0,2.0,3.0,MINIMISE STOCK
OFF-AP-10004249,Staple holder,Office Supplies,Appliances,18,702.308,39.0222,C,X,LEAN - keep minimal base stock,1.5,3.0,4.0,6.0,MINIMISE STOCK
OFF-EN-10003862,Laser & Ink Jet Business Envelopes,Office Supplies,Envelopes,11,190.43200000000002,39.0522,C,X,LEAN - keep minimal base stock,0.9166666666666666,2.0,3.0,4.0,MINIMISE STOCK
OFF-PA-10002615,"Ampad Gold Fibre Wirebound Steno Books, 6"" x 9"", Gregg Ruled",Office Supplies,Paper,21,922.082,39.0726,C,Y,LEAN - order to demand,1.75,2.0,3.0,5.0,MINIMISE STOCK
OFF-PA-10002787,Xerox 227,Office Supplies,Paper,18,653.792,39.1392,C,Y,LEAN - order to demand,1.5,2.0,3.0,5.0,MINIMISE STOCK
TEC-AC-10004633,"Verbatim 25 GB 6x Blu-ray Single Layer Recordable Disc, 3/Pack",Technology,Accessories,15,194.85999999999999,39.144,C,X,LEAN - keep minimal base stock,1.25,0.0,1.0,3.0,MINIMISE STOCK
TEC-PH-10004434,Cisco IP Phone 7961G VoIP phone - Dark gray,Technology,Phones,1,135.95,39.4255,C,Z,OBSOLETE-RISK - minimise/phase out,0.08333333333333333,1.0,2.0,3.0,REVIEW / PHASE-OUT
OFF-BI-10002824,Recycled Easel Ring Binders,Office Supplies,Binders,27,508.1,39.538000000000004,C,Y,LEAN - order to demand,2.25,3.0,4.0,7.0,MINIMISE STOCK
OFF-ST-10001580,Super Decoflex Portable Personal File,Office Supplies,Storage,13,344.76,39.547200000000004,C,X,LEAN - keep minimal base stock,1.0833333333333333,1.0,2.0,4.0,MINIMISE STOCK
OFF-FA-10000621,"OIC Colored Binder Clips, Assorted Sizes",Office Supplies,Fasteners,25,289.204,39.559,C,Y,LEAN - order to demand,2.0833333333333335,4.0,5.0,8.0,MINIMISE STOCK
TEC-PH-10004912,Cisco SPA112 2 Port Phone Adapter,Technology,Phones,8,361.68,39.564,C,X,LEAN - keep minimal base stock,0.6666666666666666,2.0,3.0,4.0,MINIMISE STOCK
TEC-AC-10003280,Belkin F8E887 USB Wired Ergonomic Keyboard,Technology,Accessories,12,430.892,39.5868,C,X,LEAN - keep minimal base stock,1.0,1.0,2.0,3.0,MINIMISE STOCK
OFF-PA-10001260,"TOPS Money Receipt Book, Consecutively Numbered in Red,",Office Supplies,Paper,11,199.10999999999999,39.6495,C,X,LEAN - keep minimal base stock,0.9166666666666666,2.0,3.0,4.0,MINIMISE STOCK
FUR-FU-10004006,"Deflect-o DuraMat Lighweight, Studded, Beveled Mat for Low Pile Carpeting",Furniture,Furnishings,9,389.26,39.664500000000004,C,X,LEAN - keep minimal base stock,0.75,0.0,1.0,2.0,MINIMISE STOCK
OFF-BI-10003981,"Avery Durable Plastic 1"" Binders",Office Supplies,Binders,26,218.88,39.6796,C,Y,LEAN - order to demand,2.1666666666666665,7.0,8.0,11.0,MINIMISE STOCK
TEC-PH-10003988,"LF Elite 3D Dazzle Designer Hard Case Cover, Lf Stylus Pen and Wiper For Apple Iphone 5c Mini Lite",Technology,Phones,23,437.0,37.496,C,X,LEAN - keep minimal base stock,1.9166666666666667,2.0,3.0,5.0,MINIMISE STOCK
TEC-MA-10000418,Cubify CubeX 3D Printer Double Head Print,Technology,Machines,7,9323.969000000001,-6239.9792,C,Y,LEAN - order to demand,0.5833333333333334,2.0,3.0,4.0,MINIMISE STOCK
